,ISPIPab_fpr,ISPIPab_tpr,DiscoTope 3.0_fpr,DiscoTope 3.0_tpr,BepiPred 3.0_fpr,BepiPred 3.0_tpr,VORFFIP_fpr,VORFFIP_tpr,Spatom_fpr,Spatom_tpr,SEPPA 3.0_fpr,SEPPA 3.0_tpr,EPSVR_fpr,EPSVR_tpr,epitope3D_fpr,epitope3D_tpr,DiscoTope 2.0_fpr,DiscoTope 2.0_tpr
0,1,0.07661038,1,0.07633587786,1,0.07645498518,1,0.07633587786,1,0.07616974973,1,0.07616974973,1,0.07616974973,1,0.07645498518,1,0.076454985
1,0.99795918,0.08229552,1,0.07646691635,1,0.07657446476,0.9836734694,0.08763636364,0.9489795918,0.09603469641,0.987755102,0.08613632319,0.9510204082,0.09103340496,0.9408163265,0.09566300062,0.23877551,0.063483451
2,0.99795918,0.08327657,1,0.07647885126,1,0.07658643326,0.9836734694,0.08773207135,0.9489795918,0.09619362847,0.987755102,0.08615165539,0.9306122449,0.08999407934,0.9408163265,0.09570271953,0.23877551,0.063517915
3,0.99795918,0.08399176,1,0.07649078988,1,0.0765984055,0.9836734694,0.08810089563,0.9367346939,0.09530730897,0.987755102,0.08621303883,0.9081632653,0.0887337986,0.9408163265,0.09572259136,0.23877551,0.063552417
4,0.99183673,0.08489083,1,0.07650273224,1,0.07661038149,0.9795918367,0.08792819198,0.9367346939,0.09538653367,0.987755102,0.08628989125,0.8897959184,0.08781470292,0.9367346939,0.09564492603,0.23877551,0.063586957
5,0.99183673,0.08508403,1,0.07651467833,1,0.07662236122,0.9714285714,0.08774193548,0.9285714286,0.09493010641,0.987755102,0.0863668808,0.8775510204,0.08745169819,0.9,0.09760956175,0.23877551,0.063621533
6,0.98979592,0.08546256,1,0.07652662814,1,0.0766343447,0.9714285714,0.0878390847,0.9285714286,0.09520820255,0.987755102,0.08652127279,0.8673469388,0.08737664474,0.1326530612,0.06728778468,0.23877551,0.063656148
7,0.98979592,0.08599291,1,0.07653858169,1,0.07664633193,0.9714285714,0.08788774003,0.9285714286,0.09532788603,0.987755102,0.08670727338,0.8510204082,0.08664034905,0.106122449,0.06183115339,0.23877551,0.0636908
8,0.98979592,0.0862069,1,0.07655053898,1,0.0766583229,0.9693877551,0.08942018072,0.9204081633,0.09472799832,0.987755102,0.08694090174,0.8326530612,0.08564231738,0.106122449,0.06205250597,0.23877551,0.06372549
9,0.98979592,0.08767173,1,0.0765625,1,0.07667031763,0.9693877551,0.08955505279,0.9183673469,0.09467704608,0.987755102,0.08712871287,0.812244898,0.08446519525,0.106122449,0.06220095694,0.23877551,0.063760218
10,0.9877551,0.08761767,1,0.07658643326,1,0.07668231612,0.9693877551,0.08986000757,0.9142857143,0.09461457233,0.987755102,0.08733309275,0.8020408163,0.08431667024,0.08775510204,0.06107954545,0.23877551,0.063794984
11,0.9877551,0.08771294,1,0.0765984055,1,0.07669431836,0.9612244898,0.08942471995,0.912244898,0.09567636986,0.987755102,0.0876335325,0.787755102,0.08364030336,0.004081632653,0.06896551724,0.23877551,0.063829787
12,0.9877551,0.08776065,1,0.07661038149,1,0.07670632436,0.9612244898,0.08944170148,0.9102040816,0.0957492486,0.987755102,0.08787218591,0.7775510204,0.08351600175,0,1,0.23877551,0.063864629
13,0.9877551,0.087984,1,0.0766343447,1,0.07671833412,0.9612244898,0.08978269157,0.9102040816,0.09583154276,0.987755102,0.08836954537,0.7693877551,0.08355496454,,,0.23877551,0.063899508
14,0.9877551,0.08817635,1,0.07664633193,1,0.07673034764,0.9612244898,0.0899713467,0.9081632653,0.09588450765,0.987755102,0.08895423635,0.7591836735,0.08338937458,,,0.23877551,0.063934426
15,0.9877551,0.08832117,1,0.07667031763,1,0.07674236492,0.9612244898,0.09000573285,0.9081632653,0.0960915569,0.987755102,0.08939785741,0.7510204082,0.08346563847,,,0.236734694,0.063422635
16,0.9877551,0.08833729,1,0.07668231612,1,0.07675438596,0.9612244898,0.09031639501,0.9,0.09541324102,0.987755102,0.09008002978,0.7448979592,0.08377323847,,,0.236734694,0.06345733
17,0.9877551,0.08933186,1,0.07669431836,1,0.07676641078,0.9612244898,0.09038572251,0.9,0.095703125,0.9857142857,0.09053420806,0.7326530612,0.08335268168,,,0.236734694,0.063492063
18,0.9877551,0.08943089,1,0.07673034764,1,0.07677843936,0.9591836735,0.09076863654,0.9,0.09582790091,0.9836734694,0.09111531191,0.7244897959,0.08343125734,,,0.236734694,0.063526835
19,0.9877551,0.08944742,1,0.07675438596,1,0.07679047171,0.9591836735,0.09092667827,0.8918367347,0.09524847428,0.9836734694,0.09172216936,0.7142857143,0.08325404377,,,0.236734694,0.063561644
20,0.9877551,0.0894805,1,0.07676641078,1,0.07680250784,0.9591836735,0.09106762255,0.8897959184,0.09521729635,0.9836734694,0.09244342156,0.7102040816,0.08377467501,,,0.236734694,0.063596491
21,0.9877551,0.08954672,1,0.07679047171,1,0.07681454773,0.9591836735,0.09115593483,0.8897959184,0.09595070423,0.9836734694,0.09288880324,0.6959183673,0.08315045111,,,0.236734694,0.063631377
22,0.98571429,0.08994413,1,0.07680250784,1,0.07682659141,0.9571428571,0.09208717848,0.8897959184,0.09614112459,0.9836734694,0.09361040979,0.693877551,0.08395061728,,,0.236734694,0.063666301
23,0.98571429,0.08996089,1,0.07682659141,1,0.07683863886,0.9571428571,0.09261453397,0.887755102,0.09623893805,0.9795918367,0.09391508511,0.6836734694,0.08375,,,0.236734694,0.063701263
24,0.98571429,0.08999441,1,0.07685069009,1,0.07685069009,0.9551020408,0.09261824659,0.887755102,0.09647371923,0.9673469388,0.09354647721,0.6755102041,0.08377625917,,,0.236734694,0.063736264
25,0.98571429,0.09004474,1,0.0768627451,1,0.0768627451,0.9530612245,0.09300936069,0.8857142857,0.09653024911,0.9551020408,0.09311579785,0.6673469388,0.08386765837,,,0.236734694,0.063771303
26,0.98571429,0.09006153,1,0.07688686647,1,0.07687480389,0.9530612245,0.09321357285,0.8857142857,0.09668077523,0.9469387755,0.09304190896,0.6551020408,0.08333333333,,,0.236734694,0.063806381
27,0.98571429,0.09007833,1,0.07689893283,1,0.07688686647,0.9408163265,0.0927378797,0.8836734694,0.09678140367,0.9408163265,0.09309369952,0.6469387755,0.08353096179,,,0.236734694,0.063841497
28,0.98571429,0.09009513,1,0.07691100298,1,0.07689893283,0.9408163265,0.09275653924,0.8816326531,0.09679587721,0.9326530612,0.09332244231,0.6326530612,0.0827549386,,,0.236734694,0.063876652
29,0.98571429,0.09011194,1,0.07693515466,1,0.07691100298,0.9387755102,0.09292929293,0.8795918367,0.09678868179,0.9224489796,0.09317666461,0.6142857143,0.08150555104,,,0.236734694,0.063911846
30,0.98571429,0.09014558,1,0.0769593215,1,0.07692307692,0.9387755102,0.09298564787,0.8755102041,0.09651293588,0.9204081633,0.09395833333,0.6040816327,0.08127402526,,,0.236734694,0.063947078
31,0.98571429,0.0901624,1,0.07697141062,1,0.07693515466,0.9387755102,0.09328736565,0.8714285714,0.09722222222,0.9142857143,0.09443507589,0.5918367347,0.08071249652,,,0.236734694,0.06398235
32,0.98571429,0.09017924,1,0.07699560025,1,0.07694723618,0.9387755102,0.09336310128,0.8714285714,0.09742185718,0.906122449,0.09489207096,0.5816326531,0.08044030483,,,0.236734694,0.06401766
33,0.98571429,0.09019608,1,0.07700770077,1,0.0769593215,0.9387755102,0.09349593496,0.8714285714,0.09771167048,0.8979591837,0.0950940134,0.5755102041,0.08077914638,,,0.236734694,0.064053009
34,0.98571429,0.09021292,1,0.07701980509,1,0.07697141062,0.9387755102,0.09353395689,0.8714285714,0.09789087575,0.8959183673,0.09591435438,0.5693877551,0.08110465116,,,0.234693878,0.063535912
35,0.98571429,0.0910977,1,0.07703191322,1,0.07698350353,0.9367346939,0.09344462541,0.8714285714,0.09822866345,0.8918367347,0.09661728941,0.5673469388,0.08205430933,,,0.234693878,0.063571034
36,0.98571429,0.09111488,1,0.07704402516,1,0.07699560025,0.9346938776,0.09451093686,0.8693877551,0.09836065574,0.8836734694,0.09691136974,0.5571428571,0.08183453237,,,0.234693878,0.063606195
37,0.98571429,0.09113208,1,0.0770561409,1,0.07700770077,0.9346938776,0.09480438833,0.8673469388,0.09835686184,0.8795918367,0.09777676951,0.5510204082,0.08219178082,,,0.234693878,0.063641395
38,0.98571429,0.09114927,1,0.07706826046,1,0.07701980509,0.9265306122,0.09417133375,0.8591836735,0.09779326365,0.8673469388,0.09783609576,0.5489795918,0.08312731768,,,0.234693878,0.063676633
39,0.98571429,0.09116648,1,0.07709251101,1,0.07703191322,0.9224489796,0.09397089397,0.8571428571,0.09785647717,0.8571428571,0.09797060882,0.5408163265,0.08328095537,,,0.234693878,0.063711911
40,0.98571429,0.09118369,1,0.07710464201,1,0.07704402516,0.9224489796,0.09446185998,0.8551020408,0.0978286248,0.8510204082,0.09855826046,0.5346938776,0.08375959079,,,0.234693878,0.063747228
41,0.98571429,0.09120091,1,0.07712891547,1,0.0770561409,0.9224489796,0.09483843894,0.8510204082,0.098140739,0.8428571429,0.09911207103,0.5306122449,0.08449788755,,,0.234693878,0.063782585
42,0.98571429,0.09123536,1,0.07715320422,1,0.07706826046,0.9224489796,0.09499789828,0.8510204082,0.09827951921,0.8428571429,0.1004621747,0.5244897959,0.08490254377,,,0.234693878,0.06381798
43,0.98571429,0.0912526,1,0.07716535433,1,0.07708038383,0.9163265306,0.0945064197,0.8469387755,0.09810874704,0.8367346939,0.101284585,0.5142857143,0.08470588235,,,0.234693878,0.063853415
44,0.98571429,0.09126984,1,0.07717750827,1,0.07709251101,0.9081632653,0.09408033827,0.8408163265,0.09774614472,0.8285714286,0.1016524787,0.5102040816,0.08549931601,,,0.234693878,0.063888889
45,0.98571429,0.09137344,1,0.07718966604,1,0.07710464201,0.9081632653,0.09414004654,0.8387755102,0.09767110266,0.8244897959,0.1029824114,0.506122449,0.08629088379,,,0.234693878,0.063924402
46,0.98571429,0.09217557,1,0.07721399307,1,0.07711677683,0.9081632653,0.09425969074,0.8367346939,0.09789875836,0.8142857143,0.1035288012,0.4959183673,0.08613966678,,,0.234693878,0.063959956
47,0.98571429,0.09219317,1,0.07722616233,1,0.07712891547,0.906122449,0.09418752652,0.8367346939,0.09829777032,0.8081632653,0.1044579267,0.487755102,0.08618824378,,,0.234693878,0.063995548
48,0.97959184,0.09198927,1,0.07725051238,1,0.07714105793,0.906122449,0.09422750424,0.8367346939,0.09836852207,0.7897959184,0.1042845594,0.4816326531,0.08676470588,,,0.234693878,0.06403118
49,0.97959184,0.0920069,1,0.07726269316,1,0.07715320422,0.906122449,0.09442790302,0.8326530612,0.09826589595,0.7836734694,0.1049753964,0.4734693878,0.08695652174,,,0.234693878,0.064066852
50,0.97959184,0.09202454,1,0.07728706625,1,0.07716535433,0.9,0.09502262443,0.8285714286,0.09806763285,0.7673469388,0.1050572786,0.4591836735,0.0859434683,,,0.234693878,0.064102564
51,0.97755102,0.09186805,1,0.07731145472,1,0.07717750827,0.8979591837,0.09540329575,0.8163265306,0.09732360097,0.7632653061,0.1060692002,0.4571428571,0.08705790906,,,0.234693878,0.064138316
52,0.97755102,0.09188567,1,0.07732365473,1,0.07718966604,0.887755102,0.09489528796,0.8081632653,0.09677419355,0.7448979592,0.1056134259,0.4530612245,0.08830548926,,,0.234693878,0.064174107
53,0.97755102,0.0919033,1,0.0773480663,1,0.07720182764,0.8857142857,0.09488412768,0.806122449,0.096647908,0.7408163265,0.1066705848,0.4346938776,0.08647990256,,,0.234693878,0.064209939
54,0.97755102,0.09192094,1,0.07736027787,1,0.07721399307,0.8857142857,0.09494640123,0.8020408163,0.09646539028,0.7306122449,0.1075075075,0.4244897959,0.08623548922,,,0.234693878,0.06424581
55,0.97755102,0.09197389,1,0.07737249329,1,0.07722616233,0.8816326531,0.09471607104,0.8020408163,0.09672655673,0.7224489796,0.1077297626,0.4102040816,0.08520559559,,,0.234693878,0.064281722
56,0.97755102,0.09199155,1,0.07739693571,1,0.07723833544,0.8795918367,0.09512248952,0.8,0.09662312053,0.712244898,0.1086550436,0.4,0.0848117698,,,0.234693878,0.064317673
57,0.97755102,0.0920269,1,0.07740916272,1,0.07725051238,0.8775510204,0.09506964404,0.8,0.09698169223,0.7040816327,0.1089703095,0.393877551,0.08551174125,,,0.234693878,0.064353665
58,0.97755102,0.09204458,1,0.07743362832,1,0.07726269316,0.8693877551,0.09496210432,0.8,0.09707776127,0.693877551,0.1095008052,0.3857142857,0.08559782609,,,0.234693878,0.064389698
59,0.97755102,0.09206227,1,0.07745810939,1,0.07727487778,0.8693877551,0.09498327759,0.8,0.0974397216,0.6836734694,0.109980302,0.3755102041,0.08530366249,,,0.234693878,0.06442577
60,0.97755102,0.09211538,1,0.07747035573,1,0.07728706625,0.8693877551,0.09508928571,0.7979591837,0.09755489022,0.6693877551,0.109919571,0.3612244898,0.08408551069,,,0.234693878,0.064461883
61,0.97755102,0.0921331,1,0.07748260595,1,0.07729925856,0.8653061224,0.09607976433,0.7979591837,0.09794589178,0.6653061224,0.1111869031,0.3510204082,0.08373904576,,,0.234693878,0.064498037
62,0.97755102,0.09215083,1,0.077507118,1,0.07731145472,0.8612244898,0.09580022701,0.793877551,0.09778783308,0.6510204082,0.1112273361,0.3469387755,0.08483033932,,,0.234693878,0.064534231
63,0.97755102,0.0921863,1,0.07751937984,1,0.07732365473,0.8612244898,0.09588729834,0.7918367347,0.09790562705,0.6408163265,0.1120628123,0.3428571429,0.08615384615,,,0.234693878,0.064570466
64,0.97755102,0.09223955,1,0.07753164557,1,0.07733585859,0.8571428571,0.09575923393,0.7897959184,0.09792510121,0.6367346939,0.1132897603,0.3346938776,0.0864978903,,,0.234693878,0.064606742
65,0.97755102,0.09225732,1,0.07756846604,1,0.0773480663,0.8571428571,0.09633027523,0.7857142857,0.09756715661,0.6204081633,0.1125925926,0.3306122449,0.08775731311,,,0.234693878,0.064643058
66,0.97755102,0.0924889,1,0.07758074731,1,0.07736027787,0.8551020408,0.09638831378,0.7795918367,0.09722575719,0.606122449,0.1125426298,0.3224489796,0.08797327394,,,0.234693878,0.064679415
67,0.97755102,0.09250676,1,0.07762991128,1,0.07737249329,0.8551020408,0.09641049241,0.7775510204,0.09711955136,0.5959183673,0.1132660978,0.3163265306,0.08887614679,,,0.234693878,0.064715813
68,0.97755102,0.09252463,1,0.07766682517,1,0.07738471257,0.8489795918,0.09591883791,0.7755102041,0.09758602979,0.5653061224,0.1097899326,0.3142857143,0.09101654846,,,0.234693878,0.064752252
69,0.97755102,0.0925425,1,0.0776791376,1,0.07739693571,0.8448979592,0.09594438007,0.7734693878,0.09757981462,0.5551020408,0.1107491857,0.312244898,0.09329268293,,,0.234693878,0.064788732
70,0.97755102,0.09272164,1,0.07769145394,1,0.07740916272,0.8408163265,0.09574715315,0.7734693878,0.09813568099,0.5346938776,0.109623431,0.3040816327,0.09394703657,,,0.234693878,0.064825254
71,0.97755102,0.09273959,1,0.07770377418,1,0.07742139359,0.8408163265,0.09590316574,0.7653061224,0.09750390016,0.5265306122,0.1103035485,0.293877551,0.09362808843,,,0.234693878,0.064861816
72,0.97755102,0.09275755,1,0.0777284264,1,0.07743362832,0.8387755102,0.09643359925,0.7653061224,0.09770713913,0.5020408163,0.1078001753,0.2857142857,0.09421265141,,,0.234693878,0.06489842
73,0.97755102,0.09277552,1,0.07774075837,1,0.07744586692,0.8367346939,0.09722551577,0.7612244898,0.09751633987,0.4897959184,0.1073345259,0.2734693878,0.09370629371,,,0.234693878,0.064935065
74,0.97755102,0.09279349,1,0.07776543406,1,0.07745810939,0.8326530612,0.0975376524,0.7571428571,0.09719675138,0.4775510204,0.1070448307,0.2632653061,0.09354604786,,,0.234693878,0.064971751
75,0.97755102,0.09282946,1,0.07777777778,1,0.07747035573,0.8265306122,0.09705248023,0.7551020408,0.09724047306,0.4612244898,0.1062030075,0.2551020408,0.09391435011,,,0.234693878,0.065008479
76,0.97755102,0.09284745,1,0.07779012542,1,0.07748260595,0.8224489796,0.09678194044,0.7530612245,0.0971563981,0.4469387755,0.1051873199,0.2408163265,0.09204368175,,,0.234693878,0.065045249
77,0.97755102,0.09288346,1,0.07781483246,1,0.07749486003,0.8224489796,0.09727250784,0.7489795918,0.09701295268,0.4408163265,0.1058823529,0.2346938776,0.09380097879,,,0.234693878,0.06508206
78,0.97755102,0.0929736,1,0.07782719187,1,0.077507118,0.8224489796,0.09734299517,0.7469387755,0.09695364238,0.4346938776,0.1063936064,0.2204081633,0.09191489362,,,0.234693878,0.065118913
79,0.97755102,0.09302777,1,0.0778395552,1,0.07751937984,0.8224489796,0.0977443609,0.7408163265,0.09651688381,0.4285714286,0.1075819672,0.2142857143,0.09325044405,,,0.234693878,0.065155807
80,0.97755102,0.09304584,1,0.07785192247,1,0.07753164557,0.8224489796,0.09776807375,0.7408163265,0.09669685669,0.4183673469,0.1075550892,0.2020408163,0.09209302326,,,0.232653061,0.06462585
81,0.97755102,0.09306392,1,0.07787666879,1,0.07754391518,0.8183673469,0.09821209895,0.7367346939,0.09686074591,0.4040816327,0.1067961165,0.1897959184,0.09099804305,,,0.232653061,0.064662507
82,0.97755102,0.09308201,1,0.07788904785,1,0.07755618867,0.8142857143,0.09827586207,0.7346938776,0.09700889248,0.3959183673,0.1068281938,0.1734693878,0.08753861998,,,0.232653061,0.064699205
83,0.97755102,0.0931001,1,0.07790143084,1,0.07756846604,0.812244898,0.09834445268,0.7346938776,0.09721847151,0.3918367347,0.1084745763,0.1632653061,0.08686210641,,,0.232653061,0.064735945
84,0.97755102,0.0931182,1,0.07792620865,1,0.07758074731,0.8102040816,0.09829165635,0.7306122449,0.09715061058,0.3795918367,0.107204611,0.1571428571,0.08881199539,,,0.232653061,0.064772727
85,0.97755102,0.0931363,1,0.07795100223,1,0.07759303246,0.8102040816,0.09846230159,0.7244897959,0.09673024523,0.3714285714,0.1076286221,0.1448979592,0.08722358722,,,0.232653061,0.064809551
86,0.97755102,0.0932088,1,0.07796340493,1,0.07760532151,0.8102040816,0.0992003998,0.7244897959,0.09707410446,0.3632653061,0.1074230537,0.1387755102,0.08888888889,,,0.230612245,0.064277588
87,0.9755102,0.0932501,1,0.07798822219,1,0.07761761445,0.8081632653,0.09959758551,0.7224489796,0.09709270433,0.3591836735,0.1085080148,0.1285714286,0.08835904628,,,0.230612245,0.064314172
88,0.9755102,0.09326829,1,0.07801305525,1,0.07762991128,0.8040816327,0.09969635628,0.7204081633,0.09697802198,0.3530612245,0.1090794451,0.1224489796,0.09118541033,,,0.230612245,0.064350797
89,0.9755102,0.09335938,1,0.07802547771,1,0.07764221201,0.8040816327,0.09979736575,0.7204081633,0.09719162996,0.3306122449,0.1043814433,0.1102040816,0.08925619835,,,0.228571429,0.063817664
90,0.9755102,0.09337761,1,0.0780503345,1,0.07765451664,0.8040816327,0.09984794729,0.7183673469,0.09726443769,0.3265306122,0.1056105611,0.09795918367,0.08633093525,,,0.228571429,0.063854048
91,0.9755102,0.09352377,1,0.07806276884,1,0.07766682517,0.8,0.09951764407,0.7102040816,0.09672040022,0.3142857143,0.1049046322,0.08571428571,0.08284023669,,,0.228571429,0.063890473
92,0.97346939,0.09347443,1,0.07807520714,1,0.0776791376,0.8,0.0998980632,0.7102040816,0.09707112971,0.3102040816,0.1055555556,0.07551020408,0.0807860262,,,0.228571429,0.063926941
93,0.97346939,0.09351108,1,0.07810009563,1,0.07769145394,0.7979591837,0.1002307101,0.7102040816,0.09726103969,0.3040816327,0.1055240793,0.0693877551,0.08374384236,,,0.228571429,0.063963449
94,0.97346939,0.09352941,1,0.07811254583,1,0.07770377418,0.7979591837,0.1003593429,0.7040816327,0.0968013468,0.2979591837,0.1051873199,0.0612244898,0.08474576271,,,0.228571429,0.064036592
95,0.97346939,0.09354775,1,0.078125,1,0.07771609833,0.7897959184,0.1002850479,0.7040816327,0.09712837838,0.293877551,0.1065877128,0.05918367347,0.09446254072,,,0.228571429,0.064073227
96,0.97346939,0.0935661,1,0.07814992026,1,0.0777284264,0.7836734694,0.09979209979,0.7040816327,0.0973476298,0.2897959184,0.1073318216,0.05306122449,0.1015625,,,0.228571429,0.064109903
97,0.97346939,0.09360283,1,0.07817485641,1,0.07774075837,0.7775510204,0.0998689384,0.7040816327,0.09765072177,0.2897959184,0.1096525097,0.04285714286,0.1044776119,,,0.228571429,0.064146621
98,0.97346939,0.0936212,1,0.07819980849,1,0.07775309426,0.7693877551,0.09970907167,0.7020408163,0.09797778411,0.2795918367,0.1087301587,0.03469387755,0.1103896104,,,0.228571429,0.064183381
99,0.97346939,0.09363958,1,0.07824976046,1,0.07776543406,0.7632653061,0.09928324927,0.7020408163,0.09817351598,0.2755102041,0.109135004,0.02244897959,0.1067961165,,,0.228571429,0.064220183
100,0.97346939,0.09365796,1,0.07826225843,1,0.07777777778,0.7591836735,0.09917355372,0.7,0.09830897105,0.2755102041,0.111662531,0.01224489796,0.1153846154,,,0.228571429,0.064257028
101,0.97346939,0.09367636,1,0.07827476038,1,0.07779012542,0.7571428571,0.09951716738,0.6959183673,0.09841269841,0.2653061224,0.1100762066,0,1,,,0.228571429,0.064293915
102,0.97346939,0.09371316,1,0.07829977629,1,0.07780247698,0.7571428571,0.09970438054,0.6959183673,0.09872611465,0.2632653061,0.1110154905,,,,,0.228571429,0.064330844
103,0.97346939,0.09373158,1,0.07831229023,1,0.07781483246,0.7571428571,0.0997311828,0.693877551,0.0988372093,0.2591836735,0.1107236269,,,,,0.228571429,0.064367816
104,0.97346939,0.09375,1,0.07834985609,1,0.07782719187,0.7571428571,0.09975799946,0.6918367347,0.09883381924,0.2510204082,0.1102150538,,,,,0.228571429,0.06440483
105,0.97346939,0.09376843,1,0.07836238605,1,0.0778395552,0.7571428571,0.0999192028,0.6897959184,0.09897510981,0.2448979592,0.1090909091,,,,,0.228571429,0.064441887
106,0.97346939,0.09380531,1,0.07837492003,1,0.07785192247,0.7571428571,0.1,0.6897959184,0.09923664122,0.2428571429,0.1099815157,,,,,0.228571429,0.064478987
107,0.97346939,0.09382376,1,0.0784,1,0.07786429366,0.7551020408,0.1001082251,0.687755102,0.09920518104,0.2428571429,0.1116322702,,,,,0.226530612,0.063940092
108,0.97346939,0.09389764,1,0.07842509603,1,0.07787666879,0.7551020408,0.1002438364,0.6857142857,0.09911504425,0.2408163265,0.1133525456,,,,,0.226530612,0.063976945
109,0.97142857,0.09412695,1,0.07843765007,1,0.07788904785,0.7551020408,0.1004888647,0.6836734694,0.09917110716,0.2387755102,0.1145935357,,,,,0.224489796,0.06343714
110,0.97142857,0.09414557,1,0.07845020813,1,0.07790143084,0.7510204082,0.1012379642,0.6816326531,0.0991980992,0.2346938776,0.1146560319,,,,,0.224489796,0.063473745
111,0.97142857,0.09416419,1,0.07847533632,1,0.07791381778,0.7510204082,0.1014053458,0.6795918367,0.09922526818,0.2306122449,0.1150712831,,,,,0.224489796,0.063510393
112,0.97142857,0.09418283,1,0.07850048062,1,0.07792620865,0.7448979592,0.1020693512,0.6734693878,0.09877282251,0.2265306122,0.114315139,,,,,0.224489796,0.063547083
113,0.97142857,0.09422011,1,0.0785130588,1,0.07793860347,0.7448979592,0.1022408964,0.6734693878,0.09918845807,0.2244897959,0.116156283,,,,,0.224489796,0.063583815
114,0.97142857,0.09423876,1,0.07852564103,1,0.07795100223,0.7448979592,0.1023842917,0.6734693878,0.09945750452,0.2224489796,0.1182212581,,,,,0.224489796,0.06362059
115,0.97142857,0.09463221,1,0.07853822728,1,0.07796340493,0.7428571429,0.1027958204,0.6734693878,0.09966777409,0.2163265306,0.1166116612,,,,,0.224489796,0.063657407
116,0.97142857,0.09468868,1,0.0785634119,1,0.07797581158,0.7428571429,0.1029411765,0.6734693878,0.1000303122,0.212244898,0.1163310962,,,,,0.224489796,0.063694268
117,0.97142857,0.09472637,1,0.07857601026,1,0.07798822219,0.7428571429,0.1030869442,0.6714285714,0.09990889766,0.2102040816,0.1177142857,,,,,0.224489796,0.06373117
118,0.97142857,0.09474522,1,0.07860121912,1,0.07800063674,0.7387755102,0.1027241771,0.6714285714,0.100182704,0.2020408163,0.1160609613,,,,,0.224489796,0.063768116
119,0.97142857,0.09478295,1,0.07861382962,1,0.07801305525,0.7387755102,0.1030458298,0.6714285714,0.1003967043,0.1979591837,0.1163069544,,,,,0.224489796,0.063805104
120,0.97142857,0.09497207,1,0.07862644416,1,0.07802547771,0.7387755102,0.1030751708,0.6693877551,0.1004594181,0.1918367347,0.1146341463,,,,,0.224489796,0.063842136
121,0.97142857,0.09500998,1,0.07866431209,1,0.07803790412,0.7387755102,0.1031045286,0.6612244898,0.09978441638,0.1897959184,0.1158156912,,,,,0.224489796,0.06387921
122,0.97142857,0.09502895,0.9979591837,0.07852898667,1,0.0780503345,0.7265306122,0.1024755325,0.6591836735,0.09975293391,0.1897959184,0.1174242424,,,,,0.224489796,0.063916328
123,0.97142857,0.09504792,0.9979591837,0.07854159974,1,0.07806276884,0.7204081633,0.1022891915,0.6571428571,0.09987593052,0.187755102,0.118556701,,,,,0.224489796,0.063953488
124,0.97142857,0.0950859,0.9979591837,0.07856683805,1,0.07807520714,0.7163265306,0.1023920653,0.6530612245,0.09968847352,0.187755102,0.1207349081,,,,,0.224489796,0.063990692
125,0.97142857,0.0951049,0.9979591837,0.07860472593,1,0.0780876494,0.7163265306,0.1026315789,0.6469387755,0.09927967429,0.1816326531,0.1196236559,,,,,0.224489796,0.064027939
126,0.96938776,0.09496202,0.9979591837,0.07861736334,1,0.07810009563,0.712244898,0.1025867137,0.6428571429,0.09905660377,0.1816326531,0.1214188267,,,,,0.224489796,0.06406523
127,0.96938776,0.094981,0.9979591837,0.07863000482,1,0.07811254583,0.712244898,0.1028285209,0.6408163265,0.09902239041,0.1816326531,0.1248246844,,,,,0.224489796,0.064102564
128,0.96938776,0.095,0.9979591837,0.07864265037,1,0.078125,0.712244898,0.1031933767,0.6408163265,0.09914745816,0.1816326531,0.1266002845,,,,,0.224489796,0.064139942
129,0.96734694,0.0949139,0.9979591837,0.07866795367,1,0.07813745814,0.712244898,0.1032544379,0.6387755102,0.09898798229,0.1816326531,0.1293604651,,,,,0.224489796,0.064177363
130,0.96734694,0.09493291,0.9979591837,0.07868061142,1,0.07814992026,0.7102040816,0.1033254157,0.6367346939,0.09895337774,0.1795918367,0.1305637982,,,,,0.224489796,0.064214828
131,0.96734694,0.09495192,0.9979591837,0.07870593916,1,0.07816238635,0.7102040816,0.1033868093,0.6367346939,0.09926821508,0.1775510204,0.1308270677,,,,,0.224489796,0.064252336
132,0.96734694,0.09497095,0.9979591837,0.0787693299,1,0.07817485641,0.7102040816,0.103880597,0.6346938776,0.09932928777,0.1775510204,0.1328244275,,,,,0.224489796,0.064289889
133,0.96734694,0.09498998,0.9979591837,0.0787820203,1,0.07818733046,0.7081632653,0.104110411,0.6326530612,0.09951845907,0.1693877551,0.1292834891,,,,,0.224489796,0.064327485
134,0.96734694,0.09500902,0.9979591837,0.07880741338,1,0.07819980849,0.7081632653,0.1043609023,0.6326530612,0.09971051785,0.1693877551,0.1309148265,,,,,0.224489796,0.064365126
135,0.96734694,0.09508526,0.9979591837,0.07882011605,1,0.0782122905,0.706122449,0.1052311436,0.6326530612,0.1000322685,0.1673469388,0.1331168831,,,,,0.224489796,0.06440281
136,0.96734694,0.09510433,0.9979591837,0.07883282283,1,0.0782247765,0.706122449,0.1056166056,0.6265306122,0.09932060822,0.1653061224,0.1330049261,,,,,0.224489796,0.064440539
137,0.96734694,0.09512342,0.9979591837,0.0788455337,1,0.07823726649,0.7040816327,0.1057633354,0.6204081633,0.09886178862,0.1653061224,0.134551495,,,,,0.224489796,0.064478312
138,0.96734694,0.09514251,0.9979591837,0.07885824867,1,0.07824976046,0.6959183673,0.1051171393,0.6183673469,0.09889033943,0.1653061224,0.1372881356,,,,,0.224489796,0.064516129
139,0.96734694,0.09519984,0.9979591837,0.07887096774,1,0.07826225843,0.6918367347,0.1046942557,0.612244898,0.09823182711,0.1632653061,0.1374570447,,,,,0.224489796,0.064553991
140,0.96734694,0.09521896,0.9979591837,0.07888369092,1,0.07827476038,0.6918367347,0.1047913447,0.612244898,0.0985869208,0.1612244898,0.1366782007,,,,,0.224489796,0.064591897
141,0.96734694,0.0952381,0.9979591837,0.0788964182,1,0.07828726634,0.6897959184,0.1047412457,0.6102040816,0.09867986799,0.1612244898,0.1398230088,,,,,0.224489796,0.064629847
142,0.96734694,0.09525723,0.9979591837,0.07890914959,1,0.07829977629,0.687755102,0.1050171393,0.6102040816,0.09920371599,0.1612244898,0.1403197158,,,,,0.224489796,0.064667842
143,0.96734694,0.09527638,0.9979591837,0.07892188509,1,0.07831229023,0.6857142857,0.1050328228,0.6040816327,0.09860093271,0.1612244898,0.1420863309,,,,,0.224489796,0.064705882
144,0.96734694,0.09529554,0.9979591837,0.07894736842,1,0.07832480818,0.6816326531,0.1049984282,0.6040816327,0.09916247906,0.1612244898,0.1446886447,,,,,0.224489796,0.064743967
145,0.96734694,0.09535305,0.9979591837,0.07896011626,1,0.07833733014,0.6816326531,0.1058301648,0.6020408163,0.09912634409,0.1612244898,0.146025878,,,,,0.224489796,0.064820271
146,0.96734694,0.09537223,0.9979591837,0.07897286822,1,0.07834985609,0.6795918367,0.1056807363,0.6020408163,0.09959486833,0.1591836735,0.1463414634,,,,,0.224489796,0.064858491
147,0.96734694,0.09539143,0.9979591837,0.07903668983,1,0.07836238605,0.6775510204,0.1059011164,0.5979591837,0.09925474255,0.1551020408,0.144486692,,,,,0.224489796,0.064896755
148,0.96734694,0.09541063,0.9979591837,0.07906224737,1,0.07837492003,0.6755102041,0.1064651013,0.5979591837,0.09938941655,0.1510204082,0.1431334623,,,,,0.224489796,0.064935065
149,0.96734694,0.09542984,0.9979591837,0.07910061469,1,0.07838745801,0.6755102041,0.1066365979,0.593877551,0.09904697073,0.1510204082,0.14481409,,,,,0.224489796,0.06497342
150,0.96734694,0.09544905,0.9979591837,0.07911341207,1,0.0784,0.6734693878,0.1071080818,0.5918367347,0.09897610922,0.1510204082,0.1465346535,,,,,0.224489796,0.06501182
151,0.96734694,0.09546828,0.9979591837,0.07913901926,1,0.07841254601,0.6714285714,0.1076218515,0.5918367347,0.09931506849,0.1489795918,0.146,,,,,0.224489796,0.065050266
152,0.96734694,0.09548751,0.9979591837,0.07916464303,1,0.07842509603,0.6673469388,0.1071077629,0.5897959184,0.09931271478,0.1489795918,0.1477732794,,,,,0.224489796,0.065088757
153,0.96734694,0.09550675,0.9979591837,0.07920310982,1,0.07843765007,0.6673469388,0.1072482781,0.5897959184,0.09972394755,0.1469387755,0.1466395112,,,,,0.224489796,0.065127294
154,0.96734694,0.09556452,0.9979591837,0.07921594039,1,0.07845020813,0.6673469388,0.1074597437,0.5897959184,0.09989630142,0.1469387755,0.1481481481,,,,,0.224489796,0.065165877
155,0.96734694,0.09560307,0.9979591837,0.079241614,1,0.07846277022,0.6673469388,0.107495069,0.5897959184,0.1001733102,0.1469387755,0.1503131524,,,,,0.224489796,0.065204505
156,0.96734694,0.09562235,0.9979591837,0.07925445705,1,0.07847533632,0.6673469388,0.1075304176,0.5897959184,0.1005567154,0.1469387755,0.152866242,,,,,0.224489796,0.065243179
157,0.96734694,0.09564165,0.9979591837,0.07929301119,1,0.07848790646,0.6653061224,0.1075907591,0.5897959184,0.1008022323,0.1448979592,0.1540130152,,,,,0.224489796,0.065281899
158,0.96734694,0.09566095,0.9979591837,0.07931873479,1,0.07850048062,0.6632653061,0.1075446724,0.5897959184,0.1011904762,0.1448979592,0.1563876652,,,,,0.22244898,0.064726841
159,0.96734694,0.09569958,0.9979591837,0.07933160286,1,0.0785130588,0.6591836735,0.1077025675,0.5857142857,0.1008787346,0.1387755102,0.1524663677,,,,,0.22244898,0.0647653
160,0.96734694,0.0957189,0.9979591837,0.07934447509,1,0.07852564103,0.6571428571,0.1075843635,0.5836734694,0.1009887006,0.1346938776,0.1503416856,,,,,0.22244898,0.064803805
161,0.96734694,0.09577692,0.9979591837,0.07935735151,1,0.07853822728,0.6510204082,0.1074074074,0.5816326531,0.1010996807,0.1326530612,0.1490825688,,,,,0.22244898,0.064842356
162,0.96734694,0.09579628,0.9979591837,0.07938311688,1,0.07855081757,0.6489795918,0.1077966102,0.5775510204,0.10085531,0.1306122449,0.1488372093,,,,,0.22244898,0.064880952
163,0.96734694,0.09581565,0.9979591837,0.07940889899,1,0.0785634119,0.6489795918,0.1083106267,0.5755102041,0.1008223096,0.1306122449,0.1502347418,,,,,0.22244898,0.064919595
164,0.96734694,0.09583502,0.9979591837,0.07942179633,1,0.07857601026,0.6489795918,0.1086807929,0.5734693878,0.1008976661,0.1285714286,0.15,,,,,0.22244898,0.064958284
165,0.96734694,0.0958544,0.9979591837,0.07943469786,1,0.07858861267,0.6489795918,0.1087923366,0.5714285714,0.1007194245,0.1265306122,0.1490384615,,,,,0.22244898,0.064997018
166,0.96734694,0.09587379,0.9979591837,0.07946051349,1,0.07860121912,0.6489795918,0.1093911249,0.5714285714,0.1013024602,0.1265306122,0.1504854369,,,,,0.22244898,0.0650358
167,0.96734694,0.09614604,0.9979591837,0.0794863459,1,0.07861382962,0.6489795918,0.1096551724,0.5673469388,0.1009440813,0.1224489796,0.1481481481,,,,,0.22244898,0.065074627
168,0.96734694,0.09616555,0.9979591837,0.07949926841,1,0.07862644416,0.6469387755,0.1099549081,0.5653061224,0.1009107468,0.1224489796,0.1496259352,,,,,0.22244898,0.065113501
169,0.96734694,0.09618506,0.9979591837,0.07952512604,1,0.07863906275,0.6469387755,0.1103376262,0.5632653061,0.1009140768,0.1224489796,0.152284264,,,,,0.22244898,0.065152421
170,0.96734694,0.09620459,0.9979591837,0.07953806116,1,0.07865168539,0.6448979592,0.110721794,0.5612244898,0.1009915534,0.1224489796,0.1546391753,,,,,0.22244898,0.065191388
171,0.96530612,0.09611868,0.9979591837,0.07958984375,1,0.07866431209,0.6387755102,0.1104056437,0.5571428571,0.1007008484,0.1204081633,0.1536458333,,,,,0.22244898,0.065230401
172,0.96530612,0.09613821,0.9979591837,0.07960279993,1,0.07867694284,0.6387755102,0.110561639,0.5551020408,0.1009276438,0.1204081633,0.1569148936,,,,,0.220408163,0.064670659
173,0.96530612,0.09615776,0.9979591837,0.07961576034,1,0.07868957765,0.6346938776,0.1104403409,0.5510204082,0.1005212211,0.1183673469,0.1571815718,,,,,0.220408163,0.064709407
174,0.96530612,0.09617731,0.9979591837,0.07962872496,1,0.07870221651,0.6346938776,0.1107549858,0.5489795918,0.100410601,0.1183673469,0.1584699454,,,,,0.220408163,0.064748201
175,0.96530612,0.09623601,0.9979591837,0.07964169381,1,0.07871485944,0.6346938776,0.1108734403,0.5469387755,0.1004874391,0.1183673469,0.1602209945,,,,,0.220408163,0.064787043
176,0.96530612,0.09627519,0.9979591837,0.07965466688,1,0.07872750643,0.6326530612,0.1108726753,0.5469387755,0.1007897706,0.1183673469,0.162464986,,,,,0.220408163,0.06482593
177,0.96530612,0.09629479,0.9979591837,0.07968062571,1,0.07874015748,0.6326530612,0.1109917651,0.5469387755,0.1011320755,0.1163265306,0.1605633803,,,,,0.220408163,0.064864865
178,0.96530612,0.0963144,0.9979591837,0.07969361147,1,0.0787528126,0.6306122449,0.1111111111,0.5469387755,0.1014383043,0.1142857143,0.1586402266,,,,,0.220408163,0.064903846
179,0.96530612,0.09633401,0.9979591837,0.07970660147,1,0.07876547179,0.6244897959,0.1109902067,0.5428571429,0.1015267176,0.1102040816,0.1556195965,,,,,0.220408163,0.064942874
180,0.96530612,0.09635364,0.9979591837,0.07975860382,1,0.07877813505,0.6224489796,0.1111516035,0.5428571429,0.1020721412,0.106122449,0.1543026706,,,,,0.220408163,0.064981949
181,0.96326531,0.09624796,0.9979591837,0.07978463045,1,0.07879080238,0.6224489796,0.1111921254,0.5428571429,0.102504817,0.106122449,0.1547619048,,,,,0.220408163,0.065021072
182,0.96326531,0.09626759,0.9979591837,0.07982370225,1,0.07880347379,0.6224489796,0.1113138686,0.5428571429,0.1029411765,0.1040816327,0.1540785498,,,,,0.220408163,0.065099458
183,0.96326531,0.09628723,0.9979591837,0.07983673469,1,0.07881614927,0.6183673469,0.1113152094,0.5408163265,0.1031128405,0.1,0.152173913,,,,,0.220408163,0.065138721
184,0.96326531,0.09632653,0.9979591837,0.07986281235,1,0.07882882883,0.6183673469,0.1113561191,0.5387755102,0.1029239766,0.1,0.1536050157,,,,,0.220408163,0.065178033
185,0.96326531,0.09634619,0.9979591837,0.07987585756,1,0.07884151247,0.6142857143,0.1109882006,0.5367346939,0.102814699,0.09795918367,0.1514195584,,,,,0.220408163,0.065217391
186,0.96326531,0.09636586,0.9979591837,0.07988890704,1,0.07885420019,0.6102040816,0.1108639229,0.5367346939,0.1031777168,0.09795918367,0.1533546326,,,,,0.218367347,0.064652568
187,0.96326531,0.09638554,0.9979591837,0.07991501879,1,0.078866892,0.6102040816,0.1111524164,0.5367346939,0.1034211561,0.09591836735,0.1511254019,,,,,0.218367347,0.064691657
188,0.96326531,0.09640523,0.9979591837,0.07994114762,1,0.07887958789,0.6102040816,0.1114008942,0.5367346939,0.1039936734,0.09591836735,0.1525974026,,,,,0.218367347,0.064730792
189,0.96326531,0.09642492,0.9979591837,0.07995421844,1,0.07889228788,0.6081632653,0.1119459053,0.5367346939,0.1041171813,0.09591836735,0.1530944625,,,,,0.218367347,0.064769976
190,0.96326531,0.09644463,0.9979591837,0.07996729354,1,0.07890499195,0.6081632653,0.1121565676,0.5367346939,0.1045725646,0.09387755102,0.1523178808,,,,,0.218367347,0.064809207
191,0.96326531,0.09646434,0.9979591837,0.07998037291,1,0.07891770011,0.606122449,0.1119487373,0.5346938776,0.104716227,0.09387755102,0.1538461538,,,,,0.218367347,0.064848485
192,0.96326531,0.09648406,0.9979591837,0.07999345657,1,0.07893041237,0.606122449,0.112033195,0.5346938776,0.1048839071,0.08775510204,0.1462585034,,,,,0.218367347,0.064887811
193,0.96326531,0.09658277,0.9979591837,0.08001963672,1,0.07894312873,0.606122449,0.1120754717,0.5326530612,0.1051571313,0.08775510204,0.1487889273,,,,,0.216326531,0.064320388
194,0.96326531,0.09660254,0.9979591837,0.08003273322,1,0.07895584918,0.606122449,0.1125852919,0.5285714286,0.1046887631,0.08367346939,0.1453900709,,,,,0.216326531,0.064359441
195,0.96326531,0.09662231,0.9979591837,0.08004583402,1,0.07896857373,0.606122449,0.1129707113,0.5285714286,0.1049007695,0.08163265306,0.1438848921,,,,,0.216326531,0.064398542
196,0.96326531,0.0966421,0.9979591837,0.0800589391,1,0.07898130239,0.606122449,0.1133587786,0.5265306122,0.1048354328,0.07959183673,0.1418181818,,,,,0.216326531,0.06443769
197,0.96326531,0.09668169,0.9979591837,0.08007204847,1,0.07899403514,0.6040816327,0.1132797551,0.5204081633,0.1040391677,0.07959183673,0.1423357664,,,,,0.216326531,0.064476886
198,0.96326531,0.0967015,0.9979591837,0.08011140236,1,0.07900677201,0.5918367347,0.1123595506,0.5183673469,0.104013104,0.07755102041,0.1412639405,,,,,0.214285714,0.063907486
199,0.96326531,0.09674114,0.9979591837,0.08012452892,1,0.07901951298,0.5918367347,0.1128404669,0.5183673469,0.104526749,0.07551020408,0.138576779,,,,,0.214285714,0.063946407
200,0.96326531,0.09676097,0.9979591837,0.08016393443,1,0.07903225806,0.5857142857,0.1119344774,0.5183673469,0.104742268,0.07142857143,0.1340996169,,,,,0.214285714,0.063985375
201,0.96326531,0.09678081,0.9979591837,0.08017707821,1,0.07904500726,0.5857142857,0.1120218579,0.5163265306,0.1046752172,0.07142857143,0.1356589147,,,,,0.214285714,0.06402439
202,0.96326531,0.09682051,0.9979591837,0.08020337871,1,0.07905776057,0.5836734694,0.1124655918,0.5163265306,0.1051100956,0.07142857143,0.1361867704,,,,,0.214285714,0.064063453
203,0.96326531,0.09684038,0.9979591837,0.08022969647,1,0.07907051799,0.5816326531,0.1122047244,0.512244898,0.1049331104,0.07142857143,0.1388888889,,,,,0.214285714,0.064102564
204,0.96326531,0.09686025,0.9979591837,0.08025603151,1,0.07908327954,0.5816326531,0.1126037139,0.512244898,0.1050648807,0.07142857143,0.1411290323,,,,,0.214285714,0.064141723
205,0.96326531,0.09688013,0.9979591837,0.08026920552,1,0.0790960452,0.5816326531,0.1127819549,0.5102040816,0.1049979,0.07142857143,0.1428571429,,,,,0.214285714,0.064180929
206,0.96326531,0.09690002,0.9979591837,0.0802955665,1,0.07910881498,0.5816326531,0.1128266033,0.5102040816,0.1053962901,0.07142857143,0.1440329218,,,,,0.214285714,0.064220183
207,0.96326531,0.09697966,0.9979591837,0.08032194481,1,0.07912158889,0.5795918367,0.1127879269,0.5081632653,0.1051964512,0.0693877551,0.1446808511,,,,,0.214285714,0.064259486
208,0.96326531,0.09699959,0.9979591837,0.08036154478,1,0.07913436693,0.5795918367,0.1129673827,0.506122449,0.1052184981,0.06734693878,0.1422413793,,,,,0.214285714,0.064298836
209,0.96326531,0.09701953,0.9979591837,0.08037475345,1,0.07914714909,0.5755102041,0.1129355226,0.5,0.1043441227,0.06734693878,0.1428571429,,,,,0.214285714,0.064338235
210,0.96326531,0.09703947,0.9979591837,0.08040118382,1,0.07915993538,0.5734693878,0.1130784708,0.4979591837,0.1041844577,0.06734693878,0.1447368421,,,,,0.214285714,0.064377682
211,0.96122449,0.09685379,0.9979591837,0.08046733586,1,0.0791727258,0.5714285714,0.1133603239,0.493877551,0.1036846615,0.06734693878,0.1473214286,,,,,0.214285714,0.064417178
212,0.96122449,0.09687371,0.9979591837,0.08049382716,1,0.07918552036,0.5693877551,0.1135993485,0.493877551,0.1042654028,0.06734693878,0.1486486486,,,,,0.214285714,0.064456722
213,0.96122449,0.09691358,0.9979591837,0.08052033591,1,0.07919831906,0.5693877551,0.113877551,0.4918367347,0.1045553145,0.06734693878,0.15,,,,,0.214285714,0.064496314
214,0.96122449,0.09693353,0.9979591837,0.08054686213,1,0.07921112189,0.5632653061,0.1143330572,0.4918367347,0.1050108932,0.06734693878,0.1527777778,,,,,0.214285714,0.064535956
215,0.96122449,0.09695348,0.9979591837,0.08057340583,1,0.07922392886,0.5632653061,0.1144278607,0.4918367347,0.1052401747,0.06734693878,0.1556603774,,,,,0.214285714,0.064575646
216,0.96122449,0.09699341,0.9979591837,0.08059996703,1,0.07923673997,0.5632653061,0.1148564295,0.4918367347,0.1057481351,0.06734693878,0.1571428571,,,,,0.214285714,0.064615385
217,0.96122449,0.09701339,0.9979591837,0.0806132542,1,0.07924955523,0.5632653061,0.115,0.4897959184,0.1055873295,0.06734693878,0.1578947368,,,,,0.214285714,0.064655172
218,0.96122449,0.09703337,0.9979591837,0.08062654575,1,0.07926237464,0.5632653061,0.1151439299,0.4897959184,0.1058667843,0.06734693878,0.1594202899,,,,,0.214285714,0.064695009
219,0.96122449,0.09705337,0.9979591837,0.08063984169,1,0.07927519819,0.5591836735,0.1146923399,0.4897959184,0.1062416999,0.06734693878,0.1633663366,,,,,0.214285714,0.064734895
220,0.96122449,0.09707337,0.9979591837,0.08066644672,1,0.07928802589,0.5591836735,0.1148365465,0.4897959184,0.1064773736,0.06734693878,0.165,,,,,0.214285714,0.06477483
221,0.96122449,0.09709338,0.9979591837,0.08067975582,1,0.07930085774,0.5551020408,0.1141897565,0.4897959184,0.1069518717,0.06734693878,0.1658291457,,,,,0.214285714,0.064814815
222,0.96122449,0.0971134,0.9979591837,0.08071970948,1,0.07931369375,0.5551020408,0.1143818335,0.487755102,0.1067440822,0.06530612245,0.1641025641,,,,,0.214285714,0.064854849
223,0.96122449,0.09713343,0.9979591837,0.08073303616,1,0.07932653392,0.5551020408,0.1144299537,0.4857142857,0.1066786195,0.06530612245,0.1658031088,,,,,0.214285714,0.064894932
224,0.96122449,0.09721362,0.9979591837,0.08074636724,1,0.07933937824,0.5551020408,0.1146711636,0.4836734694,0.1069494585,0.06530612245,0.1693121693,,,,,0.214285714,0.064935065
225,0.95918367,0.09714758,0.9979591837,0.08081308875,1,0.07935222672,0.5551020408,0.1151079137,0.4795918367,0.1065759637,0.06530612245,0.1711229947,,,,,0.214285714,0.064975248
226,0.95918367,0.09716767,0.9979591837,0.0808531746,1,0.07936507937,0.5469387755,0.114922813,0.4795918367,0.1068181818,0.06530612245,0.174863388,,,,,0.214285714,0.06501548
227,0.95918367,0.09718776,0.9979591837,0.08087992061,1,0.07937793617,0.5448979592,0.1150366221,0.4795918367,0.1071591427,0.06530612245,0.1758241758,,,,,0.214285714,0.065055762
228,0.95918367,0.09720786,0.9979591837,0.08089330025,1,0.07939079715,0.5448979592,0.1151358344,0.4795918367,0.1076500229,0.0612244898,0.1694915254,,,,,0.214285714,0.065096094
229,0.95918367,0.09722797,0.9979591837,0.08092007281,1,0.07940366229,0.5367346939,0.1158080141,0.4795918367,0.1079963235,0.0612244898,0.1734104046,,,,,0.214285714,0.065136476
230,0.95918367,0.09724809,0.9979591837,0.08093346574,1,0.0794165316,0.5367346939,0.1160123511,0.4755102041,0.1073238139,0.0612244898,0.1744186047,,,,,0.214285714,0.065176909
231,0.95918367,0.09744972,0.9979591837,0.0809468631,1,0.07942940509,0.5367346939,0.1162174105,0.4755102041,0.1076709797,0.0612244898,0.1764705882,,,,,0.214285714,0.065217391
232,0.95918367,0.09746993,0.9979591837,0.08097367114,1,0.07944228275,0.5367346939,0.1166814552,0.4755102041,0.1081206497,0.0612244898,0.1785714286,,,,,0.214285714,0.065257924
233,0.95918367,0.09755085,0.9979591837,0.08098708182,1,0.07945516459,0.5367346939,0.1167332446,0.4755102041,0.1089294063,0.0612244898,0.1829268293,,,,,0.214285714,0.065298507
234,0.95918367,0.0975711,0.9979591837,0.08100049694,1,0.0794680506,0.5346938776,0.1164444444,0.4734693878,0.1089713481,0.0612244898,0.1863354037,,,,,0.214285714,0.065339141
235,0.95918367,0.0977131,0.9979591837,0.08102734051,1,0.07948094079,0.5285714286,0.1160394265,0.4734693878,0.1092278719,0.0612244898,0.1875,,,,,0.214285714,0.065379826
236,0.95918367,0.09773342,0.9979591837,0.08105420189,1,0.07949383517,0.5204081633,0.1156987296,0.4693877551,0.1086956522,0.05918367347,0.1835443038,,,,,0.214285714,0.065420561
237,0.95918367,0.09775374,0.9979591837,0.08108108108,1,0.07950673373,0.5204081633,0.1162260711,0.4693877551,0.1093675701,0.05714285714,0.1794871795,,,,,0.214285714,0.065461347
238,0.95918367,0.09781478,0.9979591837,0.08110797811,1,0.07951963648,0.5163265306,0.1160550459,0.4673469388,0.1094646272,0.05714285714,0.1806451613,,,,,0.214285714,0.065502183
239,0.95918367,0.09783514,0.9979591837,0.08112143331,1,0.07953254342,0.5142857143,0.1156493804,0.4591836735,0.1080691643,0.05714285714,0.1830065359,,,,,0.214285714,0.065543071
240,0.95918367,0.09785551,0.9979591837,0.08113489298,1,0.07954545455,0.512244898,0.1160425335,0.4591836735,0.1084860174,0.05510204082,0.18,,,,,0.214285714,0.06558401
241,0.95714286,0.09768798,0.9979591837,0.08114835712,1,0.07955836987,0.512244898,0.1160962072,0.4571428571,0.1084745763,0.05510204082,0.1812080537,,,,,0.214285714,0.065625
242,0.95714286,0.09770833,0.9979591837,0.08116182573,1,0.07957128938,0.5102040816,0.1157943492,0.4571428571,0.1088964511,0.05306122449,0.1793103448,,,,,0.214285714,0.065666041
243,0.95714286,0.09772869,0.9979591837,0.08120225839,1,0.07958421309,0.5081632653,0.1153846154,0.4551020408,0.1089931574,0.05102040816,0.1748251748,,,,,0.214285714,0.065707134
244,0.95510204,0.09760167,0.9979591837,0.08125623131,1,0.079597141,0.5081632653,0.1155452436,0.4530612245,0.1091445428,0.05102040816,0.176056338,,,,,0.214285714,0.065748278
245,0.95510204,0.09762203,0.9979591837,0.08126973575,1,0.07961007311,0.506122449,0.1165413534,0.4530612245,0.1092519685,0.04897959184,0.170212766,,,,,0.214285714,0.065789474
246,0.95510204,0.0976424,0.9979591837,0.08128324468,1,0.07962300942,0.5020408163,0.1161473088,0.4530612245,0.1097380129,0.04897959184,0.1714285714,,,,,0.214285714,0.065830721
247,0.95510204,0.09766277,0.9979591837,0.08132379844,1,0.07963594994,0.5,0.1158392435,0.4530612245,0.1102284012,0.04897959184,0.1739130435,,,,,0.214285714,0.06587202
248,0.95510204,0.09770355,0.9979591837,0.08135085676,1,0.07964889467,0.5,0.1166666667,0.4530612245,0.1107784431,0.04693877551,0.1691176471,,,,,0.214285714,0.065913371
249,0.95510204,0.09772395,0.9979591837,0.08136439268,1,0.0796618436,0.5,0.116889313,0.4510204082,0.1108324975,0.04489795918,0.1641791045,,,,,0.214285714,0.065954774
250,0.95510204,0.09774436,0.9979591837,0.08139147803,1,0.07967479675,0.5,0.1172809957,0.4489795918,0.1108312343,0.04489795918,0.1679389313,,,,,0.214285714,0.065996229
251,0.95510204,0.09776478,0.9979591837,0.08141858142,1,0.07968775411,0.4959183673,0.1172779923,0.4469387755,0.1111675127,0.04489795918,0.1705426357,,,,,0.214285714,0.066037736
252,0.95510204,0.09778521,0.9979591837,0.08143213988,1,0.07970071568,0.493877551,0.1181063934,0.4469387755,0.1115071283,0.04489795918,0.171875,,,,,0.214285714,0.066079295
253,0.95510204,0.09782609,0.9979591837,0.08144570286,1,0.07971368147,0.493877551,0.118627451,0.4448979592,0.1115089514,0.04489795918,0.1788617886,,,,,0.214285714,0.066120907
254,0.95510204,0.09784654,0.9979591837,0.08148641893,1,0.07972665148,0.487755102,0.1174447174,0.4448979592,0.1119671289,0.04489795918,0.1803278689,,,,,0.214285714,0.066162571
255,0.95510204,0.097867,0.9979591837,0.0815,1,0.07973962571,0.487755102,0.1177920158,0.4448979592,0.112371134,0.04489795918,0.1818181818,,,,,0.214285714,0.066204288
256,0.95510204,0.09809264,0.9979591837,0.0815135856,1,0.07975260417,0.487755102,0.1180246914,0.4448979592,0.1128364389,0.04489795918,0.1833333333,,,,,0.214285714,0.066246057
257,0.95510204,0.09813378,0.9979591837,0.08152717573,1,0.07976558685,0.4857142857,0.1178801387,0.4448979592,0.1131879543,0.04489795918,0.1848739496,,,,,0.214285714,0.066287879
258,0.95510204,0.09815436,0.9979591837,0.08154077039,1,0.07977857375,0.4836734694,0.1180278884,0.4428571429,0.113256785,0.04081632653,0.1709401709,,,,,0.214285714,0.066329754
259,0.95510204,0.09817495,0.9979591837,0.08155436958,1,0.07979156489,0.4816326531,0.1183550652,0.4408163265,0.1130890052,0.0387755102,0.1681415929,,,,,0.214285714,0.066371681
260,0.95510204,0.09819555,0.9979591837,0.08156797331,1,0.07980456026,0.4795918367,0.1186868687,0.4387755102,0.1130983693,0.0387755102,0.1711711712,,,,,0.214285714,0.066413662
261,0.95510204,0.09821616,0.9979591837,0.08158158158,1,0.07981755986,0.4775510204,0.1183611533,0.4367346939,0.1130480718,0.0387755102,0.1775700935,,,,,0.214285714,0.066455696
262,0.95510204,0.09823678,0.9979591837,0.08159519439,1,0.0798305637,0.4775510204,0.1187817259,0.4346938776,0.1127580731,0.0387755102,0.1826923077,,,,,0.214285714,0.066497783
263,0.95510204,0.0982574,0.9979591837,0.08162243365,1,0.07984357178,0.4755102041,0.1189382338,0.4346938776,0.1128775835,0.03673469388,0.1747572816,,,,,0.214285714,0.066539924
264,0.95510204,0.09829868,0.9979591837,0.0816496911,1,0.07985658409,0.4714285714,0.119133574,0.4326530612,0.1127060074,0.03673469388,0.1782178218,,,,,0.214285714,0.066582118
265,0.95510204,0.09831933,0.9979591837,0.08166332665,1,0.07986960065,0.4714285714,0.1196271362,0.4306122449,0.1127136752,0.03673469388,0.18,,,,,0.214285714,0.066624365
266,0.95510204,0.09833999,0.9979591837,0.08167696676,1,0.07988262145,0.4714285714,0.1203125,0.4306122449,0.1134408602,0.03673469388,0.1818181818,,,,,0.214285714,0.066666667
267,0.95510204,0.09836066,0.9979591837,0.08169061143,1,0.0798956465,0.4693877551,0.1201044386,0.4285714286,0.1132686084,0.03469387755,0.175257732,,,,,0.214285714,0.066709022
268,0.95510204,0.09877585,0.9979591837,0.08173157279,1,0.0799086758,0.4693877551,0.1206715635,0.4285714286,0.1138211382,0.03265306122,0.170212766,,,,,0.214285714,0.06675143
269,0.95510204,0.09879671,0.9979591837,0.08177257525,1,0.07992170935,0.4693877551,0.1210526316,0.4285714286,0.1144414169,0.03265306122,0.1720430108,,,,,0.214285714,0.066793893
270,0.95510204,0.09881757,0.9979591837,0.08178625188,1,0.07993474715,0.4693877551,0.1213080169,0.4285714286,0.1148168398,0.0306122449,0.1648351648,,,,,0.214285714,0.06683641
271,0.95510204,0.09883844,0.9979591837,0.08179993309,1,0.0799477892,0.4693877551,0.1215002641,0.4285714286,0.1153212521,0.0306122449,0.1704545455,,,,,0.214285714,0.066878981
272,0.95510204,0.0988802,0.9979591837,0.08182730924,1,0.07996083551,0.4693877551,0.1222753854,0.4285714286,0.1157662624,0.0306122449,0.1744186047,,,,,0.214285714,0.066921606
273,0.95510204,0.0989011,0.9979591837,0.08184100418,1,0.07997388608,0.4693877551,0.1227976508,0.4285714286,0.1162147205,0.0306122449,0.1764705882,,,,,0.214285714,0.066964286
274,0.95510204,0.098922,0.9979591837,0.08185470372,1,0.07998694091,0.4673469388,0.1230521225,0.4244897959,0.1160714286,0.02857142857,0.1707317073,,,,,0.214285714,0.06700702
275,0.95510204,0.09894292,0.9959183673,0.08171466845,1,0.08,0.4673469388,0.1237837838,0.4244897959,0.1164613662,0.02857142857,0.1728395062,,,,,0.214285714,0.067049808
276,0.95510204,0.09896384,0.9959183673,0.08174204355,1,0.08001306336,0.4673469388,0.1241192412,0.4204081633,0.1158605174,0.02857142857,0.1772151899,,,,,0.214285714,0.067092652
277,0.95510204,0.09898477,0.9959183673,0.08175573798,1,0.08002613098,0.4632653061,0.1237731734,0.4183673469,0.1156232375,0.02653061224,0.1666666667,,,,,0.214285714,0.06713555
278,0.95510204,0.09900571,0.9959183673,0.081769437,1,0.08003920287,0.4612244898,0.1235647895,0.4183673469,0.11641113,0.02448979592,0.1558441558,,,,,0.214285714,0.067178503
279,0.95510204,0.09902666,0.9959183673,0.08182427901,1,0.08005227904,0.4612244898,0.1242440902,0.4142857143,0.1156695157,0.02244897959,0.1447368421,,,,,0.214285714,0.067221511
280,0.95510204,0.09904762,0.9959183673,0.08185172761,1,0.08006535948,0.4612244898,0.1243808476,0.4142857143,0.1166666667,0.02244897959,0.1506849315,,,,,0.214285714,0.067264574
281,0.95510204,0.09906859,0.9959183673,0.08187919463,1,0.08007844419,0.4612244898,0.1249309011,0.412244898,0.1165608771,0.02040816327,0.1388888889,,,,,0.214285714,0.067307692
282,0.95510204,0.09908956,0.9959183673,0.08189293506,1,0.08009153318,0.4591836735,0.1247920133,0.4102040816,0.1167925625,0.02040816327,0.1428571429,,,,,0.214285714,0.067350866
283,0.95510204,0.09911055,0.9959183673,0.08190668009,1,0.08010462645,0.4571428571,0.1255605381,0.4081632653,0.1167542323,0.02040816327,0.1449275362,,,,,0.214285714,0.067394095
284,0.95510204,0.09913154,0.9959183673,0.08192042975,1,0.080117724,0.4551020408,0.1252105559,0.4081632653,0.1170275015,0.02040816327,0.1470588235,,,,,0.214285714,0.06743738
285,0.95510204,0.09925769,0.9959183673,0.08193418402,1,0.08013082584,0.4551020408,0.1254924029,0.4040816327,0.1161971831,0.02040816327,0.1515151515,,,,,0.214285714,0.06748072
286,0.95510204,0.09929981,0.9959183673,0.08196170642,1,0.08014393196,0.4551020408,0.1257046223,0.4,0.1154979375,0.01632653061,0.125,,,,,0.214285714,0.067524116
287,0.95510204,0.09932088,0.9959183673,0.08197547455,1,0.08015704237,0.4551020408,0.1265607264,0.393877551,0.1144721234,0.01632653061,0.131147541,,,,,0.214285714,0.067567568
288,0.95510204,0.09934197,0.9959183673,0.08198924731,1,0.08017015707,0.4530612245,0.1264957265,0.393877551,0.1149493746,0.01632653061,0.1355932203,,,,,0.214285714,0.067611075
289,0.95510204,0.09940527,0.9959183673,0.0820030247,1,0.08018327606,0.4489795918,0.126002291,0.393877551,0.1153616258,0.01632653061,0.1403508772,,,,,0.214285714,0.067654639
290,0.95510204,0.09942639,0.9959183673,0.08203059338,1,0.08019639935,0.4448979592,0.1260115607,0.393877551,0.1159159159,0.01632653061,0.1428571429,,,,,0.214285714,0.067698259
291,0.95510204,0.09944751,0.9959183673,0.0820581806,1,0.08020952693,0.4428571429,0.1259431225,0.3918367347,0.1160822249,0.01632653061,0.1454545455,,,,,0.214285714,0.067741935
292,0.95510204,0.09946865,0.9959183673,0.08208578638,1,0.08022265881,0.4408163265,0.1257275902,0.3897959184,0.1163924436,0.01632653061,0.1481481481,,,,,0.212244898,0.06714009
293,0.95510204,0.0994898,0.9959183673,0.08211341074,1,0.08023579499,0.4408163265,0.1262419638,0.3897959184,0.1169626454,0.01632653061,0.1509433962,,,,,0.212244898,0.067183463
294,0.95510204,0.09951095,0.9959183673,0.08214105369,1,0.08024893547,0.4367346939,0.1255131965,0.387755102,0.1169230769,0.01632653061,0.1568627451,,,,,0.212244898,0.067226891
295,0.95510204,0.09955329,0.9959183673,0.08215488215,1,0.08026208026,0.4346938776,0.1256637168,0.387755102,0.1172839506,0.01632653061,0.16,,,,,0.212244898,0.067270375
296,0.95510204,0.09957447,0.9959183673,0.08216871527,1,0.08027522936,0.4326530612,0.1253696038,0.3857142857,0.1171729696,0.01632653061,0.1666666667,,,,,0.212244898,0.067313916
297,0.95510204,0.09959566,0.9959183673,0.08219639549,1,0.08028838276,0.4326530612,0.1256668643,0.3857142857,0.118051218,0.01632653061,0.170212766,,,,,0.212244898,0.067357513
298,0.95510204,0.09968051,0.9959183673,0.08221024259,1,0.08030154048,0.4326530612,0.1258160237,0.3857142857,0.1184952978,0.01632653061,0.1818181818,,,,,0.212244898,0.067401167
299,0.95510204,0.09970175,0.9959183673,0.08223795079,1,0.08031470251,0.4326530612,0.1264916468,0.3836734694,0.1184625079,0.01632653061,0.1904761905,,,,,0.212244898,0.067444877
300,0.95510204,0.09972299,0.9959183673,0.0822518119,1,0.08032786885,0.4326530612,0.1267942584,0.3836734694,0.1191381496,0.01632653061,0.2051282051,,,,,0.212244898,0.067488644
301,0.95510204,0.09974425,0.9959183673,0.08226567768,1,0.08034103951,0.4306122449,0.1271084337,0.3836734694,0.1192136969,0.01428571429,0.1891891892,,,,,0.212244898,0.067532468
302,0.95510204,0.09976551,0.9959183673,0.08227954814,1,0.0803542145,0.4285714286,0.1272727273,0.3836734694,0.1198979592,0.01428571429,0.2,,,,,0.210204082,0.066926576
303,0.95510204,0.09978678,0.9959183673,0.08229342327,1,0.0803673938,0.4285714286,0.1274271845,0.3836734694,0.1203585147,0.01224489796,0.1764705882,,,,,0.210204082,0.066970091
304,0.95510204,0.09980806,0.9959183673,0.08232118758,1,0.08038057743,0.4285714286,0.1283618582,0.3836734694,0.1208226221,0.01020408163,0.1515151515,,,,,0.210204082,0.067013663
305,0.95510204,0.09982935,0.9959183673,0.08233507677,1,0.08039376538,0.4265306122,0.1280637255,0.3836734694,0.1214470284,0.01020408163,0.15625,,,,,0.210204082,0.067057292
306,0.95510204,0.09985065,0.9959183673,0.0823628692,1,0.08040695766,0.4265306122,0.128142244,0.3816326531,0.1211924822,0.00612244898,0.1034482759,,,,,0.210204082,0.067100977
307,0.95510204,0.09987196,0.9959183673,0.0823906804,1,0.08042015428,0.4224489796,0.1287313433,0.3795918367,0.1213307241,0.00612244898,0.1111111111,,,,,0.208163265,0.066492829
308,0.95510204,0.09989328,0.9959183673,0.08241851039,1,0.08043335522,0.4204081633,0.1290726817,0.3795918367,0.1218074656,0.00612244898,0.1153846154,,,,,0.208163265,0.066536204
309,0.95510204,0.0999146,0.9959183673,0.08244635918,1,0.0804465605,0.4204081633,0.1293969849,0.3775510204,0.1217906517,0.00612244898,0.125,,,,,0.208163265,0.066579634
310,0.95510204,0.09995728,0.9959183673,0.08248816768,1,0.08045977011,0.4204081633,0.1298865069,0.3775510204,0.1220316623,0.00612244898,0.1304347826,,,,,0.206122449,0.065969954
311,0.95510204,0.09997864,0.9959183673,0.08250211327,1,0.08047298407,0.4204081633,0.1299684543,0.3693877551,0.120425815,0.00612244898,0.1363636364,,,,,0.206122449,0.066013072
312,0.95510204,0.1,0.9959183673,0.0825300186,1,0.08048620237,0.4142857143,0.1288888889,0.3693877551,0.1208277704,0.00612244898,0.15,,,,,0.206122449,0.066056246
313,0.95510204,0.10006414,0.9959183673,0.08254397835,1,0.080499425,0.4142857143,0.1294642857,0.3693877551,0.1215580927,0.00612244898,0.1764705882,,,,,0.206122449,0.066099476
314,0.95510204,0.10008554,0.9959183673,0.08261384798,1,0.08051265199,0.4142857143,0.1297124601,0.3693877551,0.1221322537,0.00612244898,0.2,,,,,0.206122449,0.066142764
315,0.95510204,0.10010695,0.9959183673,0.0826278361,1,0.08052588332,0.4142857143,0.1298784389,0.3693877551,0.1225457007,0.00612244898,0.2142857143,,,,,0.206122449,0.066186107
316,0.95510204,0.10012837,0.9959183673,0.08264182896,1,0.080539119,0.412244898,0.1297366731,0.3693877551,0.1231292517,0.00612244898,0.2307692308,,,,,0.206122449,0.066229508
317,0.95510204,0.1001498,0.9959183673,0.0826698289,1,0.08055235903,0.412244898,0.129903537,0.3673469388,0.1226993865,0.00612244898,0.25,,,,,0.206122449,0.066272966
318,0.95510204,0.10017123,0.9959183673,0.08268383599,1,0.08056560342,0.412244898,0.1301546392,0.3673469388,0.1232032854,0.00612244898,0.2727272727,,,,,0.206122449,0.066316481
319,0.95510204,0.10019268,0.9959183673,0.08269784782,1,0.08057885216,0.4102040816,0.130859375,0.3673469388,0.1236263736,0.00612244898,0.3,,,,,0.206122449,0.066360053
320,0.95510204,0.1002356,0.9959183673,0.08273991183,1,0.08059210526,0.4081632653,0.1305483029,0.3653061224,0.1242192922,0.00612244898,0.3333333333,,,,,0.206122449,0.066403682
321,0.95510204,0.10058027,0.9959183673,0.08275394268,1,0.08060536272,0.406122449,0.1309210526,0.3632653061,0.1239554318,0.004081632653,0.25,,,,,0.206122449,0.066447368
322,0.95510204,0.10060189,0.9959183673,0.08276797829,1,0.08061862455,0.4040816327,0.1305207647,0.3632653061,0.1242149337,0.004081632653,0.2857142857,,,,,0.206122449,0.066491113
323,0.95510204,0.10064516,0.9959183673,0.08279606379,1,0.08063189074,0.4020408163,0.1305500331,0.3632653061,0.1247372109,0.004081632653,0.3333333333,,,,,0.206122449,0.066534914
324,0.95510204,0.1007969,0.9959183673,0.08281011369,1,0.08064516129,0.4020408163,0.1313333333,0.3632653061,0.125440451,0.004081632653,0.4,,,,,0.206122449,0.066578774
325,0.95510204,0.10081861,0.9959183673,0.08283822781,1,0.08065843621,0.4020408163,0.1315086782,0.3632653061,0.1260623229,0.002040816327,0.25,,,,,0.206122449,0.066622691
326,0.95510204,0.10084034,0.9959183673,0.08285229202,1,0.08067171551,0.4,0.1311914324,0.3591836735,0.1251778094,0,0,,,,,0.206122449,0.066666667
327,0.95510204,0.10086207,0.9959183673,0.08286636101,1,0.08068499918,0.3959183673,0.1306397306,0.3591836735,0.1253561254,0,0,,,,,0.206122449,0.0667107
328,0.95510204,0.10088381,0.9959183673,0.08288043478,1,0.08069828722,0.3959183673,0.1309041835,0.3591836735,0.1260744986,0,0,,,,,0.204081633,0.066137566
329,0.95510204,0.10090556,0.9959183673,0.08289451333,1,0.08071157964,0.3959183673,0.1309925726,0.3591836735,0.1267098632,0,1,,,,,0.202040816,0.065519523
330,0.95510204,0.10094909,0.993877551,0.082738702,1,0.08072487644,0.3959183673,0.1310810811,0.3591836735,0.1268925739,,,,,,,0.202040816,0.065562914
331,0.95510204,0.10097087,0.993877551,0.08275276126,1,0.08073817762,0.3959183673,0.1313473257,0.3530612245,0.1255442671,,,,,,,0.202040816,0.065606362
332,0.95510204,0.10099266,0.993877551,0.08276682529,1,0.08075148319,0.3959183673,0.1314363144,0.3510204082,0.125,,,,,,,0.202040816,0.065649867
333,0.95510204,0.10101446,0.993877551,0.0827808941,1,0.08076479314,0.393877551,0.1315610089,0.3510204082,0.1257309942,,,,,,,0.202040816,0.065693431
334,0.95510204,0.10103627,0.993877551,0.0827949677,1,0.08077810748,0.3918367347,0.1313269494,0.3510204082,0.126192223,,,,,,,0.202040816,0.065737052
335,0.95306122,0.10106038,0.993877551,0.08282312925,1,0.08079142622,0.3918367347,0.132231405,0.3469387755,0.1255539143,,,,,,,0.202040816,0.065780731
336,0.95306122,0.10112603,0.993877551,0.08283721721,1,0.08080474934,0.3918367347,0.1324137931,0.3469387755,0.1265822785,,,,,,,0.202040816,0.065824468
337,0.95306122,0.10114793,0.993877551,0.08285130997,1,0.08081807686,0.3918367347,0.1328719723,0.3469387755,0.1266766021,,,,,,,0.2,0.065202927
338,0.95306122,0.1012137,0.993877551,0.08286540752,1,0.08083140878,0.387755102,0.1358112938,0.3469387755,0.127245509,,,,,,,0.2,0.065246338
339,0.95306122,0.10123564,0.993877551,0.08290772898,1,0.08084474509,0.3857142857,0.1357758621,0.3428571429,0.1266968326,,,,,,,0.2,0.065289807
340,0.95306122,0.10125759,0.993877551,0.08292184573,1,0.08085808581,0.3857142857,0.1364620939,0.3408163265,0.1264193793,,,,,,,0.2,0.065333333
341,0.95306122,0.10127955,0.993877551,0.08295009368,1,0.08087143093,0.3836734694,0.1364296081,0.3408163265,0.1270928463,,,,,,,0.2,0.065376918
342,0.95306122,0.10130152,0.993877551,0.08296422487,1,0.08088478046,0.3816326531,0.1363967907,0.3408163265,0.127578304,,,,,,,0.2,0.065420561
343,0.95102041,0.10115042,0.993877551,0.08297836088,1,0.08089813439,0.3795918367,0.1363636364,0.3387755102,0.1272030651,,,,,,,0.2,0.065464262
344,0.95102041,0.10117238,0.993877551,0.08302079782,1,0.08091149273,0.3795918367,0.1364636831,0.3387755102,0.1275941583,,,,,,,0.2,0.065508021
345,0.94897959,0.1009772,0.993877551,0.08303495311,1,0.08092485549,0.3795918367,0.1372693727,0.3387755102,0.1277906082,,,,,,,0.2,0.065551839
346,0.94897959,0.10099913,0.993877551,0.08304911323,1,0.08093822266,0.3795918367,0.1373707533,0.3367346939,0.1280062064,,,,,,,0.2,0.065595716
347,0.94897959,0.10102107,0.993877551,0.08306327819,1,0.08095159425,0.3775510204,0.1367331855,0.3367346939,0.1282051282,,,,,,,0.2,0.065639652
348,0.94897959,0.10104302,0.993877551,0.08307744797,1,0.08096497026,0.3775510204,0.1368343195,0.3367346939,0.1285046729,,,,,,,0.2,0.065683646
349,0.94897959,0.10106499,0.993877551,0.08309162259,1,0.08097835069,0.3734693878,0.1363636364,0.3346938776,0.1289308176,,,,,,,0.2,0.0657277
350,0.94897959,0.10108696,0.993877551,0.08310580205,1,0.08099173554,0.3714285714,0.1361256545,0.3346938776,0.1293375394,,,,,,,0.2,0.065771812
351,0.94897959,0.10113093,0.993877551,0.08311998635,1,0.08100512481,0.3693877551,0.136192626,0.3346938776,0.1295418641,,,,,,,0.2,0.065815984
352,0.94897959,0.10115293,0.993877551,0.08313417549,1,0.08101851852,0.3693877551,0.1366037736,0.3306122449,0.1284694687,,,,,,,0.2,0.065860215
353,0.94897959,0.10117493,0.993877551,0.08319098053,1,0.08103191665,0.3693877551,0.1373292868,0.3306122449,0.1287758347,,,,,,,0.2,0.065904506
354,0.94897959,0.10137345,0.993877551,0.08320519392,1,0.08104531922,0.3693877551,0.1374335611,0.3285714286,0.1282868526,,,,,,,0.2,0.065948856
355,0.94897959,0.10139555,0.993877551,0.08321941217,1,0.08105872622,0.3673469388,0.1372997712,0.3285714286,0.1289031225,,,,,,,0.2,0.065993266
356,0.94897959,0.10141767,0.993877551,0.08324786325,1,0.08107213766,0.3673469388,0.1374045802,0.3285714286,0.1294212219,,,,,,,0.2,0.066037736
357,0.94897959,0.10143979,0.993877551,0.08326209608,1,0.08108555353,0.3673469388,0.1379310345,0.3285714286,0.1298387097,,,,,,,0.2,0.066082266
358,0.94897959,0.10148407,0.993877551,0.08327633379,1,0.08109897385,0.3673469388,0.1380368098,0.3265306122,0.1295546559,,,,,,,0.2,0.066126856
359,0.94897959,0.10150622,0.993877551,0.08329057636,1,0.08111239861,0.3632653061,0.1368178324,0.3265306122,0.130187144,,,,,,,0.2,0.066171506
360,0.94897959,0.10152838,0.993877551,0.08330482381,1,0.08112582781,0.3632653061,0.137345679,0.3265306122,0.130399348,,,,,,,0.2,0.066216216
361,0.94897959,0.10155056,0.993877551,0.08333333333,1,0.08113926147,0.3632653061,0.1374517375,0.3244897959,0.1300081766,,,,,,,0.2,0.066260987
362,0.94897959,0.10157274,0.993877551,0.08334759541,1,0.08115269957,0.3591836735,0.1362229102,0.3244897959,0.1301145663,,,,,,,0.2,0.066305819
363,0.94897959,0.10159493,0.993877551,0.08337613422,1,0.08116614212,0.3591836735,0.1367521368,0.3244897959,0.1305418719,,,,,,,0.2,0.066350711
364,0.94897959,0.10161713,0.993877551,0.08339041096,1,0.08117958913,0.3591836735,0.1369649805,0.3224489796,0.1304706854,,,,,,,0.2,0.066395664
365,0.94897959,0.1016838,0.993877551,0.0834189791,1,0.0811930406,0.3591836735,0.1378230227,0.3224489796,0.131120332,,,,,,,0.2,0.066440678
366,0.94897959,0.10170604,0.993877551,0.08343327052,1,0.08120649652,0.3571428571,0.1382306477,0.3224489796,0.1313383209,,,,,,,0.197959184,0.065807327
367,0.94897959,0.10172829,0.993877551,0.08347617415,1,0.0812199569,0.3571428571,0.139220366,0.3204081633,0.131270903,,,,,,,0.197959184,0.065852003
368,0.94897959,0.10175055,0.993877551,0.08349048517,1,0.08123342175,0.3551020408,0.13964687,0.3204081633,0.1318219983,,,,,,,0.197959184,0.065896739
369,0.94897959,0.10177282,0.993877551,0.08353344768,1,0.08124689106,0.3530612245,0.1390675241,0.3204081633,0.1322662174,,,,,,,0.197959184,0.065941536
370,0.94897959,0.1017951,0.993877551,0.08354777835,1,0.08126036484,0.3530612245,0.1391794047,0.3204081633,0.1326013514,,,,,,,0.197959184,0.065986395
371,0.94897959,0.10181739,0.993877551,0.08356211393,1,0.08127384309,0.3510204082,0.1391585761,0.3183673469,0.1326530612,,,,,,,0.197959184,0.066031314
372,0.94897959,0.10188431,0.993877551,0.08359079986,1,0.08128732581,0.3510204082,0.1393841167,0.3183673469,0.1334473909,,,,,,,0.197959184,0.066076294
373,0.94897959,0.10190664,0.993877551,0.08361950549,1,0.08130081301,0.3489795918,0.1393643032,0.3163265306,0.1330472103,,,,,,,0.195918367,0.065439673
374,0.94897959,0.10192898,0.993877551,0.08364823085,1,0.08131430468,0.3469387755,0.1403798514,0.3163265306,0.134083045,,,,,,,0.195918367,0.065484311
375,0.94897959,0.10195133,0.993877551,0.08366260093,1,0.08132780083,0.3469387755,0.1404958678,0.3163265306,0.1345486111,,,,,,,0.193877551,0.064846416
376,0.94897959,0.10199605,0.993877551,0.08367697595,1,0.08134130146,0.3469387755,0.1410788382,0.3163265306,0.134899913,,,,,,,0.193877551,0.06489071
377,0.94897959,0.10201843,0.993877551,0.0837057408,1,0.08135480657,0.3469387755,0.1416666667,0.3163265306,0.1360842845,,,,,,,0.193877551,0.064935065
378,0.94897959,0.10204082,0.993877551,0.08372013065,1,0.08136831617,0.3448979592,0.1414225941,0.3163265306,0.1366843034,,,,,,,0.193877551,0.06497948
379,0.94897959,0.10206321,0.993877551,0.08373452545,1,0.08138183026,0.3448979592,0.1417785235,0.312244898,0.1356382979,,,,,,,0.193877551,0.065023956
380,0.94897959,0.10208562,0.993877551,0.08376332989,1,0.08139534884,0.3448979592,0.1422558923,0.312244898,0.1358792185,,,,,,,0.193877551,0.065068493
381,0.94897959,0.10210804,0.993877551,0.08379215416,1,0.08140887191,0.3448979592,0.1427364865,0.3102040816,0.1354723708,,,,,,,0.193877551,0.065113091
382,0.94897959,0.10213046,0.993877551,0.08380657374,1,0.08142239947,0.3448979592,0.1429780034,0.3102040816,0.1357142857,,,,,,,0.193877551,0.06515775
383,0.94897959,0.1021529,0.993877551,0.08383542778,1,0.08143593153,0.3448979592,0.1434634975,0.3102040816,0.13632287,,,,,,,0.193877551,0.065202471
384,0.94897959,0.10231023,0.993877551,0.08384986226,1,0.08144946809,0.3428571429,0.1428571429,0.3081632653,0.1361587015,,,,,,,0.193877551,0.065247253
385,0.94897959,0.10233275,0.993877551,0.0838643017,1,0.08146300914,0.3428571429,0.1447028424,0.306122449,0.1353790614,,,,,,,0.193877551,0.065292096
386,0.94897959,0.10235527,0.993877551,0.08387874612,1,0.08147655471,0.3408163265,0.1447140381,0.306122449,0.1359927471,,,,,,,0.193877551,0.065337001
387,0.94897959,0.10237781,0.993877551,0.08389319552,1,0.08149010477,0.3387755102,0.1451048951,0.306122449,0.1368613139,,,,,,,0.193877551,0.065381968
388,0.94897959,0.10240035,0.993877551,0.0839076499,1,0.08150365935,0.3387755102,0.1465136805,0.306122449,0.1373626374,,,,,,,0.193877551,0.065426997
389,0.94897959,0.10242291,0.993877551,0.08392210925,1,0.08151721843,0.3387755102,0.1467727675,0.306122449,0.1385041551,,,,,,,0.193877551,0.065472088
390,0.94897959,0.10244547,0.993877551,0.08395104292,1,0.08153078203,0.3387755102,0.1471631206,0.3020408163,0.1379310345,,,,,,,0.193877551,0.065517241
391,0.94897959,0.10246805,0.993877551,0.08396551724,1,0.08154435014,0.3367346939,0.1466666667,0.3020408163,0.1380597015,,,,,,,0.193877551,0.065562457
392,0.94897959,0.10249063,0.993877551,0.08397999655,1,0.08155792277,0.3306122449,0.1452914798,0.3,0.1375116932,,,,,,,0.193877551,0.065607735
393,0.94897959,0.10253583,0.993877551,0.08399448086,1,0.08157149992,0.3306122449,0.1464737794,0.3,0.1376404494,,,,,,,0.193877551,0.065653075
394,0.94897959,0.10258107,0.993877551,0.08400897016,1,0.08158508159,0.3306122449,0.1467391304,0.2959183673,0.1367924528,,,,,,,0.193877551,0.065698479
395,0.94897959,0.10260371,0.993877551,0.08402346446,1,0.08159866778,0.3265306122,0.1454545455,0.2959183673,0.1373106061,,,,,,,0.193877551,0.065743945
396,0.94897959,0.10262635,0.993877551,0.08403796376,1,0.08161225849,0.3265306122,0.1455868972,0.2959183673,0.1382268827,,,,,,,0.193877551,0.065789474
397,0.94897959,0.10264901,0.993877551,0.08405246807,1,0.08162585374,0.3265306122,0.1458523245,0.2959183673,0.138623327,,,,,,,0.193877551,0.065835066
398,0.94897959,0.10267167,0.993877551,0.08409601105,1,0.08163945352,0.3244897959,0.1457378552,0.2959183673,0.1390220518,,,,,,,0.193877551,0.065880721
399,0.94897959,0.10269435,0.993877551,0.08413959917,1,0.08165305782,0.3244897959,0.1458715596,0.2959183673,0.1392891451,,,,,,,0.193877551,0.06592644
400,0.94897959,0.10271703,0.993877551,0.08415413859,1,0.08166666667,0.3224489796,0.1453541858,0.2959183673,0.1400966184,,,,,,,0.193877551,0.065972222
401,0.94897959,0.10273973,0.993877551,0.08416868303,1,0.08168028005,0.3224489796,0.1458910434,0.293877551,0.1395348837,,,,,,,0.193877551,0.066018068
402,0.94693878,0.10258678,0.993877551,0.0841832325,1,0.08169389797,0.3204081633,0.1463187325,0.293877551,0.140625,,,,,,,0.193877551,0.066063978
403,0.94693878,0.10281409,0.993877551,0.084197787,1,0.08170752043,0.3163265306,0.1454033771,0.293877551,0.1409001957,,,,,,,0.193877551,0.066109951
404,0.94693878,0.10283688,0.993877551,0.0842269111,1,0.08172114743,0.3163265306,0.1460885957,0.293877551,0.1418719212,,,,,,,0.193877551,0.066155989
405,0.94693878,0.10285968,0.993877551,0.08425605536,1,0.08173477898,0.3142857143,0.1461100569,0.293877551,0.1424332344,,,,,,,0.193877551,0.066202091
406,0.94693878,0.1029053,0.993877551,0.08427063506,1,0.08174841508,0.3142857143,0.1466666667,0.293877551,0.1437125749,,,,,,,0.193877551,0.066248257
407,0.94693878,0.10292813,0.993877551,0.08431440443,1,0.08176205573,0.3142857143,0.147086915,0.293877551,0.1441441441,,,,,,,0.193877551,0.066294487
408,0.94693878,0.10295097,0.993877551,0.08432900433,1,0.08177570093,0.3142857143,0.1490803485,0.2918367347,0.143718593,,,,,,,0.193877551,0.066340782
409,0.94693878,0.10297381,0.993877551,0.08434360928,1,0.08178935069,0.312244898,0.149122807,0.2918367347,0.1441532258,,,,,,,0.191836735,0.06568833
410,0.94693878,0.10299667,0.993877551,0.0843582193,1,0.08180300501,0.3102040816,0.1488736533,0.2918367347,0.1448834853,,,,,,,0.191836735,0.065734266
411,0.94693878,0.1030882,0.993877551,0.08437283437,1,0.08181666388,0.3081632653,0.1480392157,0.2897959184,0.145194274,,,,,,,0.191836735,0.065780266
412,0.94693878,0.10313403,0.993877551,0.08438745451,1,0.08183032732,0.3040816327,0.1472332016,0.2897959184,0.1453428864,,,,,,,0.191836735,0.065826331
413,0.94693878,0.10315696,0.993877551,0.08440207972,1,0.08184399532,0.3040816327,0.148111332,0.287755102,0.1453608247,,,,,,,0.191836735,0.06587246
414,0.94693878,0.1031799,0.993877551,0.08441671,1,0.08185766789,0.3040816327,0.1487025948,0.287755102,0.1461139896,,,,,,,0.191836735,0.065918654
415,0.94693878,0.10320285,0.993877551,0.08443134535,1,0.08187134503,0.3020408163,0.1487437186,0.2857142857,0.1453790239,,,,,,,0.191836735,0.065964912
416,0.94693878,0.10322581,0.993877551,0.08444598578,1,0.08188502674,0.3020408163,0.1493440969,0.2816326531,0.1440501044,,,,,,,0.191836735,0.066011236
417,0.94693878,0.10324878,0.993877551,0.08446063129,1,0.08189871302,0.3020408163,0.151174668,0.2795918367,0.1437565582,,,,,,,0.191836735,0.066057625
418,0.94693878,0.10327176,0.993877551,0.08448993754,1,0.08191240388,0.3,0.1512345679,0.2795918367,0.1440588854,,,,,,,0.191836735,0.066104079
419,0.94693878,0.10331775,0.993877551,0.08451926414,1,0.08192609931,0.3,0.1517027864,0.2755102041,0.1425554382,,,,,,,0.191836735,0.066150598
420,0.94693878,0.10334076,0.993877551,0.08453393508,1,0.08193979933,0.2979591837,0.1511387164,0.2755102041,0.1433121019,,,,,,,0.191836735,0.066197183
421,0.94693878,0.10336378,0.993877551,0.08454861111,1,0.08195350393,0.2979591837,0.1516095535,0.2755102041,0.1442307692,,,,,,,0.189795918,0.065539112
422,0.94693878,0.10338681,0.993877551,0.08459266979,1,0.08196721311,0.2959183673,0.1518324607,0.2734693878,0.1434689507,,,,,,,0.189795918,0.065585331
423,0.94693878,0.10340985,0.993877551,0.08462206777,1,0.08198092689,0.2897959184,0.1501057082,0.2734693878,0.1439312567,,,,,,,0.189795918,0.065631616
424,0.94693878,0.1034329,0.993877551,0.08465148618,1,0.08199464525,0.2897959184,0.1502645503,0.2714285714,0.1437837838,,,,,,,0.189795918,0.065677966
425,0.94693878,0.10345596,0.993877551,0.08469565217,1,0.0820083682,0.287755102,0.1501597444,0.2693877551,0.1431670282,,,,,,,0.189795918,0.065724382
426,0.94489796,0.1033021,0.993877551,0.08472512178,1,0.08202209575,0.2857142857,0.1502145923,0.2693877551,0.1433224756,,,,,,,0.189795918,0.065770863
427,0.94489796,0.10332515,0.993877551,0.0847546119,1,0.08203582789,0.2857142857,0.1513513514,0.2693877551,0.1442622951,,,,,,,0.189795918,0.06581741
428,0.94489796,0.10334821,0.993877551,0.08476936466,1,0.08204956463,0.2836734694,0.150595883,0.2693877551,0.144895719,,,,,,,0.189795918,0.065864023
429,0.94489796,0.10341747,0.993877551,0.0847988856,1,0.08206330598,0.2836734694,0.1507592191,0.2673469388,0.1445916115,,,,,,,0.187755102,0.065201984
430,0.94489796,0.10344057,0.993877551,0.08481365378,1,0.08207705193,0.2836734694,0.1512513602,0.2673469388,0.1453940067,,,,,,,0.187755102,0.065248227
431,0.94285714,0.10324022,0.993877551,0.0848284271,1,0.08209080248,0.2836734694,0.1527472527,0.2673469388,0.1460423634,,,,,,,0.187755102,0.065294535
432,0.94285714,0.10328638,0.993877551,0.08484320557,1,0.08210455764,0.2836734694,0.1537610619,0.2632653061,0.1451068616,,,,,,,0.187755102,0.065340909
433,0.94285714,0.10330948,0.993877551,0.08490237099,1,0.08211831741,0.2836734694,0.15427303,0.2632653061,0.1454340474,,,,,,,0.187755102,0.065387349
434,0.94285714,0.10333259,0.993877551,0.08493198465,1,0.0821320818,0.2836734694,0.1544444444,0.2612244898,0.1451247166,,,,,,,0.187755102,0.065433855
435,0.94285714,0.1033557,0.993877551,0.08494679923,1,0.0821458508,0.2795918367,0.1535874439,0.2591836735,0.1451428571,,,,,,,0.187755102,0.065480427
436,0.94285714,0.10337883,0.993877551,0.08496161898,1,0.08215962441,0.2795918367,0.1556818182,0.2551020408,0.1440092166,,,,,,,0.187755102,0.065527066
437,0.94285714,0.10340197,0.993877551,0.0849764439,1,0.08217340265,0.2775510204,0.1548974943,0.2530612245,0.1435185185,,,,,,,0.187755102,0.06557377
438,0.94285714,0.10342512,0.993877551,0.084991274,1,0.08218718551,0.2775510204,0.1550741163,0.2530612245,0.144018583,,,,,,,0.187755102,0.065620542
439,0.94285714,0.10344828,0.993877551,0.08500610927,1,0.08220097299,0.2734693878,0.1538461538,0.2530612245,0.1448598131,,,,,,,0.187755102,0.06566738
440,0.94285714,0.10347144,0.993877551,0.08503579536,1,0.0822147651,0.2734693878,0.1543778802,0.2510204082,0.1445358402,,,,,,,0.187755102,0.065714286
441,0.94285714,0.10349462,0.993877551,0.08505064618,1,0.08222856184,0.2714285714,0.1544715447,0.2489795918,0.1442080378,,,,,,,0.187755102,0.065761258
442,0.94285714,0.10351781,0.993877551,0.08506550218,1,0.08224236321,0.2693877551,0.1542056075,0.2489795918,0.1443786982,,,,,,,0.187755102,0.065808298
443,0.94285714,0.10354101,0.993877551,0.08508036338,1,0.08225616921,0.2693877551,0.1545667447,0.2489795918,0.1448931116,,,,,,,0.187755102,0.065855404
444,0.94285714,0.10356422,0.993877551,0.08509522977,1,0.08226997985,0.2693877551,0.1562130178,0.2489795918,0.1450653983,,,,,,,0.185714286,0.065186246
445,0.94081633,0.10336323,0.993877551,0.08511010136,1,0.08228379513,0.2693877551,0.1575178998,0.2489795918,0.1455847255,,,,,,,0.185714286,0.065232975
446,0.94081633,0.1034096,0.993877551,0.08512497815,1,0.08229761505,0.2693877551,0.1578947368,0.2489795918,0.1461077844,,,,,,,0.185714286,0.06527977
447,0.94081633,0.1034328,0.993877551,0.08513986014,1,0.08231143961,0.2612244898,0.1572481572,0.2489795918,0.1469879518,,,,,,,0.185714286,0.065326633
448,0.94081633,0.10354897,0.993877551,0.08515474733,1,0.08232526882,0.2612244898,0.157635468,0.2489795918,0.1475211608,,,,,,,0.185714286,0.065373563
449,0.94081633,0.10357223,0.993877551,0.08516963973,1,0.08233910267,0.2612244898,0.158808933,0.2489795918,0.1480582524,,,,,,,0.185714286,0.065420561
450,0.94081633,0.10359551,0.993877551,0.08518453734,1,0.08235294118,0.2591836735,0.1585518102,0.2489795918,0.1484184915,,,,,,,0.185714286,0.065467626
451,0.94081633,0.10361879,0.993877551,0.08519944017,1,0.08236678433,0.2591836735,0.15875,0.2489795918,0.1485992692,,,,,,,0.185714286,0.065514759
452,0.93877551,0.10355696,0.993877551,0.08521434821,1,0.08238063215,0.2591836735,0.1589486859,0.2489795918,0.148962149,,,,,,,0.185714286,0.06556196
453,0.93877551,0.10362694,0.993877551,0.08522926146,1,0.08239448461,0.2591836735,0.1595477387,0.2448979592,0.146878825,,,,,,,0.185714286,0.065609229
454,0.93877551,0.10365029,0.993877551,0.08524417994,1,0.08240834174,0.2591836735,0.1603535354,0.2448979592,0.1472392638,,,,,,,0.183673469,0.064935065
455,0.93877551,0.10367365,0.993877551,0.08525910364,1,0.08242220353,0.2591836735,0.1619897959,0.2448979592,0.1474201474,,,,,,,0.183673469,0.064981949
456,0.93877551,0.10369702,0.993877551,0.08527403257,1,0.08243606999,0.2571428571,0.1615384615,0.2428571429,0.1469135802,,,,,,,0.183673469,0.065028902
457,0.93877551,0.10372041,0.993877551,0.08528896673,1,0.08244994111,0.2571428571,0.1621621622,0.2428571429,0.1470951792,,,,,,,0.183673469,0.065075922
458,0.93877551,0.1037438,0.993877551,0.08530390611,1,0.0824638169,0.2571428571,0.1625806452,0.2408163265,0.1464019851,,,,,,,0.183673469,0.06512301
459,0.93877551,0.10381404,0.993877551,0.0853338006,1,0.08247769736,0.2551020408,0.1627604167,0.2408163265,0.1467661692,,,,,,,0.183673469,0.065170167
460,0.93877551,0.10383747,0.993877551,0.0853487557,1,0.08249158249,0.2530612245,0.1627296588,0.2408163265,0.1473158552,,,,,,,0.183673469,0.065217391
461,0.93877551,0.10388437,0.993877551,0.08536371604,1,0.0825054723,0.2489795918,0.1611624835,0.2367346939,0.1457286432,,,,,,,0.183673469,0.065264685
462,0.93877551,0.10390784,0.993877551,0.08537868163,1,0.08251936679,0.2489795918,0.1622340426,0.2367346939,0.1462799496,,,,,,,0.183673469,0.065312046
463,0.93877551,0.10393131,0.993877551,0.08539365246,1,0.08253326596,0.2469387755,0.1621983914,0.2367346939,0.1466498104,,,,,,,0.183673469,0.065359477
464,0.93877551,0.1039548,0.993877551,0.08540862855,1,0.08254716981,0.2448979592,0.162601626,0.2367346939,0.146835443,,,,,,,0.183673469,0.065406977
465,0.93877551,0.10400181,0.993877551,0.08543859649,1,0.08256107835,0.2448979592,0.1650618982,0.2346938776,0.1463104326,,,,,,,0.183673469,0.065454545
466,0.93877551,0.10402533,0.993877551,0.08545358835,1,0.08257499157,0.2448979592,0.1659751037,0.2346938776,0.1466836735,,,,,,,0.183673469,0.065502183
467,0.93877551,0.10404886,0.993877551,0.08549859551,1,0.08258890949,0.2448979592,0.1666666667,0.2346938776,0.1470588235,,,,,,,0.183673469,0.065549891
468,0.93877551,0.1040724,0.993877551,0.08551360843,1,0.0826028321,0.2448979592,0.1671309192,0.2346938776,0.14781491,,,,,,,0.183673469,0.065597668
469,0.93877551,0.10416667,0.993877551,0.08555867885,1,0.0826167594,0.2408163265,0.1676136364,0.2346938776,0.1483870968,,,,,,,0.183673469,0.065645514
470,0.93877551,0.10419026,0.993877551,0.0855887522,1,0.0826306914,0.2408163265,0.1683309558,0.2346938776,0.148771022,,,,,,,0.183673469,0.065693431
471,0.93877551,0.10421386,0.993877551,0.0856037968,1,0.0826446281,0.2408163265,0.1690544413,0.2346938776,0.1495448635,,,,,,,0.183673469,0.065741417
472,0.93877551,0.10423748,0.993877551,0.08561884669,1,0.0826585695,0.2408163265,0.1705202312,0.2346938776,0.1501305483,,,,,,,0.183673469,0.065789474
473,0.93877551,0.10430839,0.993877551,0.08563390188,1,0.08267251561,0.2387755102,0.1710526316,0.2346938776,0.1505235602,,,,,,,0.183673469,0.065837601
474,0.93877551,0.10433205,0.993877551,0.08564896236,1,0.08268646642,0.2387755102,0.1715542522,0.2346938776,0.1513157895,,,,,,,0.183673469,0.065885798
475,0.93877551,0.10435572,0.993877551,0.08566402814,1,0.08270042194,0.2387755102,0.1720588235,0.2346938776,0.1517150396,,,,,,,0.183673469,0.065934066
476,0.93877551,0.1043794,0.993877551,0.08567909923,1,0.08271438217,0.2387755102,0.1723122239,0.2326530612,0.151193634,,,,,,,0.183673469,0.065982405
477,0.93877551,0.10440309,0.993877551,0.08569417561,1,0.08272834712,0.2387755102,0.1725663717,0.2306122449,0.1502659574,,,,,,,0.183673469,0.066030814
478,0.93877551,0.10442679,0.993877551,0.0857092573,1,0.08274231678,0.2367346939,0.1718518519,0.2306122449,0.1506666667,,,,,,,0.183673469,0.066079295
479,0.93877551,0.1044505,0.993877551,0.08575453425,1,0.08275629117,0.2367346939,0.1731343284,0.2306122449,0.1516778523,,,,,,,0.183673469,0.066127847
480,0.93877551,0.10447422,0.993877551,0.0857696372,1,0.08277027027,0.2367346939,0.1749622926,0.2285714286,0.1509433962,,,,,,,0.183673469,0.066176471
481,0.93877551,0.10449796,0.993877551,0.08578474546,1,0.0827842541,0.2346938776,0.175304878,0.2285714286,0.1511470985,,,,,,,0.183673469,0.066225166
482,0.93877551,0.1045217,0.993877551,0.08581497797,1,0.08279824265,0.2346938776,0.1758409786,0.2285714286,0.1519674355,,,,,,,0.183673469,0.066273932
483,0.93877551,0.10454545,0.993877551,0.08583010222,1,0.08281223593,0.2306122449,0.1738461538,0.2285714286,0.1523809524,,,,,,,0.183673469,0.066322771
484,0.93877551,0.10456922,0.993877551,0.0858452318,0.9979591837,0.08265720081,0.2285714286,0.1741835148,0.2265306122,0.1514324693,,,,,,,0.183673469,0.066371681
485,0.93877551,0.104593,0.993877551,0.08587550697,0.9979591837,0.08267117498,0.2265306122,0.1745283019,0.2265306122,0.1522633745,,,,,,,0.183673469,0.066420664
486,0.93877551,0.10461678,0.993877551,0.08589065256,0.9979591837,0.08268515387,0.2244897959,0.1743264659,0.2265306122,0.1524725275,,,,,,,0.183673469,0.066469719
487,0.93877551,0.10464058,0.993877551,0.08590580349,0.9979591837,0.08269913749,0.2244897959,0.1746031746,0.2265306122,0.1526822558,,,,,,,0.183673469,0.066518847
488,0.93877551,0.10466439,0.993877551,0.08592095977,0.9979591837,0.08271312585,0.2244897959,0.1748807631,0.2265306122,0.1539528433,,,,,,,0.183673469,0.066568047
489,0.93877551,0.10468821,0.993877551,0.0859361214,0.9979591837,0.08272711893,0.2183673469,0.1709265176,0.2265306122,0.1543810848,,,,,,,0.183673469,0.066617321
490,0.93877551,0.10471204,0.993877551,0.08595128839,0.9979591837,0.08274111675,0.2163265306,0.1715210356,0.2224489796,0.1528751753,,,,,,,0.183673469,0.066666667
491,0.93877551,0.10473588,0.993877551,0.08596646072,0.9979591837,0.08275511931,0.2163265306,0.1717990276,0.2204081633,0.1521126761,,,,,,,0.183673469,0.066716086
492,0.93877551,0.10475974,0.993877551,0.08599682147,0.9979591837,0.08276912661,0.2163265306,0.1720779221,0.2183673469,0.1513437058,,,,,,,0.183673469,0.066765579
493,0.93877551,0.1047836,0.9918367347,0.08583539385,0.9979591837,0.08278313865,0.2142857143,0.1726973684,0.2183673469,0.1528571429,,,,,,,0.183673469,0.066815145
494,0.93877551,0.10480747,0.9918367347,0.08586572438,0.9959183673,0.0826278361,0.2142857143,0.1729818781,0.2183673469,0.1535150646,,,,,,,0.183673469,0.066864785
495,0.93877551,0.10483136,0.9918367347,0.08588089769,0.9959183673,0.08264182896,0.2142857143,0.173553719,0.2183673469,0.1544011544,,,,,,,0.183673469,0.066914498
496,0.93877551,0.10485525,0.9918367347,0.08589607635,0.9959183673,0.08265582656,0.2142857143,0.1741293532,0.2183673469,0.1548480463,,,,,,,0.183673469,0.066964286
497,0.93877551,0.10487916,0.9918367347,0.08594164456,0.9959183673,0.0826698289,0.2142857143,0.1755852843,0.2183673469,0.1550724638,,,,,,,0.181632653,0.066269546
498,0.93877551,0.10490308,0.9918367347,0.08595684471,0.9959183673,0.08268383599,0.2081632653,0.1740614334,0.2183673469,0.1552975327,,,,,,,0.181632653,0.066318927
499,0.93877551,0.10492701,0.9918367347,0.08597205024,0.9959183673,0.08269784782,0.2081632653,0.1746575342,0.2183673469,0.1557496361,,,,,,,0.181632653,0.066368382
500,0.93877551,0.1049749,0.9918367347,0.08598726115,0.9959183673,0.08271186441,0.2020408163,0.1764705882,0.2183673469,0.1566617862,,,,,,,0.181632653,0.06641791
501,0.93877551,0.10499886,0.9918367347,0.08600247744,0.9959183673,0.08272588574,0.2020408163,0.1767857143,0.2183673469,0.1568914956,,,,,,,0.181632653,0.066467513
502,0.93877551,0.10502283,0.9918367347,0.08601769912,0.9959183673,0.08273991183,0.2020408163,0.1774193548,0.2183673469,0.1571218796,,,,,,,0.181632653,0.06651719
503,0.93877551,0.10504681,0.9918367347,0.08603292618,0.9959183673,0.08275394268,0.2020408163,0.178700361,0.2183673469,0.1575846834,,,,,,,0.181632653,0.066566941
504,0.93877551,0.10507081,0.9918367347,0.08604815864,0.9959183673,0.08276797829,0.1979591837,0.1760435572,0.2163265306,0.1568047337,,,,,,,0.181632653,0.066616766
505,0.93877551,0.10509481,0.9918367347,0.08606339649,0.9959183673,0.08278201866,0.1959183673,0.1755027422,0.2163265306,0.1577380952,,,,,,,0.181632653,0.066666667
506,0.93877551,0.10511883,0.9918367347,0.0860938884,0.9959183673,0.08279606379,0.193877551,0.1746323529,0.2142857143,0.1571856287,,,,,,,0.181632653,0.066716642
507,0.93877551,0.10514286,0.9918367347,0.08610914245,0.9959183673,0.08281011369,0.187755102,0.1719626168,0.2142857143,0.1576576577,,,,,,,0.179591837,0.066016504
508,0.93877551,0.1051669,0.9918367347,0.08612440191,0.9959183673,0.08282416836,0.1857142857,0.1739961759,0.212244898,0.1582952816,,,,,,,0.179591837,0.066066066
509,0.93877551,0.10519094,0.9918367347,0.08613966678,0.9959183673,0.08283822781,0.1857142857,0.1753371869,0.212244898,0.158778626,,,,,,,0.179591837,0.066115702
510,0.93877551,0.10538373,0.9918367347,0.08615493707,0.9959183673,0.08285229202,0.1857142857,0.177734375,0.212244898,0.1592649311,,,,,,,0.179591837,0.066165414
511,0.93877551,0.10540788,0.9918367347,0.08617021277,0.9959183673,0.08286636101,0.1857142857,0.1784313725,0.212244898,0.16,,,,,,,0.179591837,0.066215199
512,0.93877551,0.10545621,0.9918367347,0.08618549388,0.9959183673,0.08288043478,0.1816326531,0.1758893281,0.2081632653,0.1581395349,,,,,,,0.179591837,0.06626506
513,0.93877551,0.10548039,0.9918367347,0.08620078042,0.9959183673,0.08289451333,0.1816326531,0.1776447106,0.2081632653,0.1586314152,,,,,,,0.179591837,0.066314996
514,0.93877551,0.10550459,0.9918367347,0.08624667258,0.9959183673,0.08290859667,0.1816326531,0.1790744467,0.2081632653,0.159375,,,,,,,0.179591837,0.066365008
515,0.93877551,0.10552879,0.9918367347,0.08626198083,0.9959183673,0.08292268479,0.1816326531,0.1797979798,0.2081632653,0.1601255887,,,,,,,0.17755102,0.065660377
516,0.93877551,0.10557723,0.9918367347,0.08627729451,0.9959183673,0.0829367777,0.1816326531,0.1808943089,0.2081632653,0.1603773585,,,,,,,0.17755102,0.06570997
517,0.93877551,0.10560147,0.9918367347,0.08629261364,0.9959183673,0.0829508754,0.1795918367,0.1818181818,0.2081632653,0.1608832808,,,,,,,0.17755102,0.065759637
518,0.93877551,0.10562572,0.9918367347,0.0863079382,0.9959183673,0.0829649779,0.1775510204,0.1831578947,0.206122449,0.1600633914,,,,,,,0.17755102,0.06580938
519,0.93877551,0.10567425,0.9918367347,0.08632326821,0.9959183673,0.08297908519,0.1755102041,0.1825902335,0.2040816327,0.1594896332,,,,,,,0.17755102,0.065859198
520,0.93877551,0.10569853,0.9918367347,0.08633860366,0.9959183673,0.08299319728,0.1755102041,0.1841541756,0.2040816327,0.1597444089,,,,,,,0.17755102,0.065909091
521,0.93877551,0.10572282,0.9918367347,0.08635394456,0.9959183673,0.08300731417,0.1755102041,0.1861471861,0.2040816327,0.1607717042,,,,,,,0.17755102,0.06595906
522,0.93877551,0.10574713,0.9918367347,0.08636929092,0.9959183673,0.08302143586,0.1714285714,0.1830065359,0.2,0.1580645161,,,,,,,0.17755102,0.066009105
523,0.93877551,0.10577144,0.9918367347,0.08638464273,0.9959183673,0.08303556236,0.1714285714,0.1846153846,0.1979591837,0.157980456,,,,,,,0.17755102,0.066059226
524,0.93877551,0.10579577,0.9918367347,0.0864,0.9959183673,0.08304969367,0.1673469388,0.1830357143,0.1959183673,0.1568627451,,,,,,,0.17755102,0.066109422
525,0.93877551,0.10582011,0.9918367347,0.08641536273,0.9959183673,0.08306382979,0.1612244898,0.1787330317,0.1918367347,0.1546052632,,,,,,,0.17755102,0.066159696
526,0.93877551,0.10584445,0.9918367347,0.08643073093,0.9959183673,0.08307797072,0.1612244898,0.179138322,0.1918367347,0.1551155116,,,,,,,0.17755102,0.066210046
527,0.93877551,0.10586881,0.9918367347,0.08644610459,0.9959183673,0.08309211647,0.1612244898,0.1799544419,0.1918367347,0.1556291391,,,,,,,0.175510204,0.065498858
528,0.93877551,0.10591757,0.9918367347,0.08646148372,0.9959183673,0.08310626703,0.1612244898,0.180778032,0.1918367347,0.1561461794,,,,,,,0.175510204,0.06554878
529,0.93877551,0.10594196,0.9918367347,0.08647686833,0.9959183673,0.08312042242,0.1612244898,0.1811926606,0.1918367347,0.15640599,,,,,,,0.175510204,0.06559878
530,0.93877551,0.10596637,0.9918367347,0.08649225841,0.9959183673,0.08313458262,0.1612244898,0.1820276498,0.187755102,0.1546218487,,,,,,,0.175510204,0.065648855
531,0.93877551,0.10599078,0.9918367347,0.08652305501,0.9959183673,0.08314874766,0.1591836735,0.1805555556,0.187755102,0.155143339,,,,,,,0.175510204,0.065699007
532,0.93877551,0.10601521,0.9918367347,0.08653846154,0.9959183673,0.08316291752,0.1571428571,0.1794871795,0.187755102,0.1556683587,,,,,,,0.175510204,0.065749235
533,0.93877551,0.10603965,0.9918367347,0.08655387355,0.9959183673,0.08317709221,0.1551020408,0.1805225653,0.187755102,0.156196944,,,,,,,0.175510204,0.065799541
534,0.93877551,0.1060641,0.9918367347,0.08656929106,0.9959183673,0.08319127174,0.1551020408,0.180952381,0.187755102,0.1567291312,,,,,,,0.175510204,0.065849923
535,0.93877551,0.10608856,0.9918367347,0.08658471406,0.9959183673,0.0832054561,0.1551020408,0.1818181818,0.187755102,0.156996587,,,,,,,0.173469388,0.0651341
536,0.93877551,0.10611303,0.9918367347,0.08660014255,0.9959183673,0.08321964529,0.1510204082,0.1796116505,0.187755102,0.1578044597,,,,,,,0.173469388,0.065184049
537,0.93877551,0.10616201,0.9897959184,0.0864373552,0.9959183673,0.08323383933,0.1510204082,0.1809290954,0.187755102,0.1583476764,,,,,,,0.173469388,0.065234075
538,0.93877551,0.10618652,0.9897959184,0.08646817615,0.9959183673,0.08324803821,0.1469387755,0.18,0.187755102,0.1586206897,,,,,,,0.173469388,0.065284178
539,0.93877551,0.10621104,0.9897959184,0.08648359486,0.9959183673,0.08326224194,0.1448979592,0.1797468354,0.187755102,0.1591695502,,,,,,,0.173469388,0.065334358
540,0.93877551,0.10628466,0.9897959184,0.0865144488,0.9959183673,0.08327645051,0.1448979592,0.1806615776,0.187755102,0.1597222222,,,,,,,0.173469388,0.065384615
541,0.93877551,0.10630922,0.9897959184,0.08652988403,0.9959183673,0.08329066394,0.1367346939,0.1758530184,0.187755102,0.1602787456,,,,,,,0.173469388,0.06543495
542,0.93877551,0.1063338,0.9897959184,0.08654532477,0.9959183673,0.08330488221,0.1367346939,0.1772486772,0.187755102,0.1608391608,,,,,,,0.173469388,0.065485362
543,0.93877551,0.10635838,0.9897959184,0.08656077102,0.9959183673,0.08331910534,0.1367346939,0.1801075269,0.187755102,0.1614035088,,,,,,,0.173469388,0.065535852
544,0.93877551,0.10638298,0.9897959184,0.08657622278,0.9959183673,0.08333333333,0.1367346939,0.1815718157,0.187755102,0.1616871705,,,,,,,0.173469388,0.06558642
545,0.93877551,0.10643221,0.9897959184,0.08659168006,0.9959183673,0.08334756618,0.1346938776,0.182320442,0.1836734694,0.1601423488,,,,,,,0.173469388,0.065637066
546,0.93877551,0.10648148,0.9897959184,0.08663808503,0.9959183673,0.08336180389,0.1326530612,0.1800554017,0.1836734694,0.1607142857,,,,,,,0.173469388,0.06568779
547,0.93877551,0.10650614,0.9897959184,0.08665356441,0.9959183673,0.08337604647,0.1326530612,0.1836158192,0.1836734694,0.1610017889,,,,,,,0.173469388,0.065738592
548,0.93877551,0.1065308,0.9897959184,0.08668453977,0.9959183673,0.08339029392,0.1306122449,0.1828571429,0.1795918367,0.1585585586,,,,,,,0.173469388,0.065789474
549,0.93877551,0.10655548,0.9897959184,0.08670003575,0.9959183673,0.08340454623,0.1306122449,0.183908046,0.1775510204,0.1576086957,,,,,,,0.173469388,0.065840434
550,0.93673469,0.10634847,0.9897959184,0.08671553728,0.9959183673,0.08341880342,0.1306122449,0.1860465116,0.1775510204,0.1581818182,,,,,,,0.171428571,0.065116279
551,0.93673469,0.10649652,0.9897959184,0.08674655697,0.9959183673,0.08343306548,0.1285714286,0.1863905325,0.1734693878,0.155393053,,,,,,,0.171428571,0.065166796
552,0.93673469,0.10652123,0.9897959184,0.08677759885,0.9959183673,0.08344733242,0.1224489796,0.1801801802,0.1632653061,0.1486988848,,,,,,,0.171428571,0.065217391
553,0.93673469,0.1065707,0.9897959184,0.08680866297,0.9959183673,0.08346160424,0.1204081633,0.1782477341,0.1632653061,0.1498127341,,,,,,,0.171428571,0.065268065
554,0.93673469,0.10659545,0.9897959184,0.08682420337,0.9959183673,0.08347588094,0.1204081633,0.1804281346,0.1612244898,0.1487758945,,,,,,,0.171428571,0.065318818
555,0.93673469,0.10664498,0.9897959184,0.08685530086,0.9959183673,0.08349016253,0.1183673469,0.1801242236,0.1612244898,0.1490566038,,,,,,,0.171428571,0.06536965
556,0.93673469,0.10666977,0.9897959184,0.08688642064,0.9959183673,0.08350444901,0.1183673469,0.1835443038,0.1612244898,0.1493383743,,,,,,,0.171428571,0.065420561
557,0.93673469,0.10669456,0.9897959184,0.08690198889,0.9959183673,0.08351874037,0.1102040816,0.1753246753,0.1591836735,0.1480075901,,,,,,,0.171428571,0.065471551
558,0.93673469,0.10671937,0.9897959184,0.08691756272,0.9959183673,0.08353303663,0.1102040816,0.1806020067,0.1571428571,0.1472275335,,,,,,,0.171428571,0.065522621
559,0.93673469,0.10674419,0.9897959184,0.08693314214,0.9959183673,0.08354733778,0.1081632653,0.1790540541,0.1571428571,0.1475095785,,,,,,,0.171428571,0.06557377
560,0.93673469,0.10676902,0.9897959184,0.08694872714,0.9959183673,0.08356164384,0.1081632653,0.180887372,0.1571428571,0.1477927063,,,,,,,0.171428571,0.065625
561,0.93673469,0.10679386,0.9897959184,0.08696431773,0.9959183673,0.08357595479,0.106122449,0.1799307958,0.1571428571,0.1483622351,,,,,,,0.171428571,0.06567631
562,0.93673469,0.10681871,0.9897959184,0.0869955157,0.9959183673,0.08359027064,0.1,0.1725352113,0.1571428571,0.1486486486,,,,,,,0.171428571,0.0657277
563,0.93673469,0.10684358,0.9897959184,0.08701112307,0.9959183673,0.0836045914,0.1,0.1731448763,0.1571428571,0.1489361702,,,,,,,0.171428571,0.06577917
564,0.93673469,0.10686845,0.9897959184,0.08702673605,0.9959183673,0.08361891707,0.1,0.175,0.1571428571,0.1495145631,,,,,,,0.171428571,0.065830721
565,0.93673469,0.10689334,0.9897959184,0.08704235463,0.9959183673,0.08363324764,0.1,0.1756272401,0.1571428571,0.1498054475,,,,,,,0.171428571,0.065882353
566,0.93673469,0.10691824,0.9897959184,0.08705797882,0.9959183673,0.08364758313,0.09795918367,0.1758241758,0.1551020408,0.1484375,,,,,,,0.171428571,0.065934066
567,0.93673469,0.10694315,0.9897959184,0.08708924403,0.9959183673,0.08366192354,0.09795918367,0.1771217712,0.1551020408,0.1499013807,,,,,,,0.171428571,0.06598586
568,0.93673469,0.10696807,0.9897959184,0.08710488506,0.9959183673,0.08367626886,0.09795918367,0.1777777778,0.1551020408,0.1501976285,,,,,,,0.171428571,0.066037736
569,0.93673469,0.10699301,0.9897959184,0.08713618397,0.9959183673,0.0836906191,0.09795918367,0.1832061069,0.1551020408,0.1507936508,,,,,,,0.171428571,0.066089693
570,0.93673469,0.10701795,0.9897959184,0.08716750539,0.9959183673,0.08370497427,0.09387755102,0.1818181818,0.1551020408,0.152,,,,,,,0.169387755,0.065354331
571,0.93673469,0.10704291,0.9897959184,0.08719884933,0.9959183673,0.08371933436,0.09387755102,0.1825396825,0.1551020408,0.1523046092,,,,,,,0.169387755,0.065405831
572,0.93673469,0.10706788,0.9897959184,0.08721452976,0.9959183673,0.08373369938,0.09387755102,0.1832669323,0.1551020408,0.1538461538,,,,,,,0.169387755,0.065457413
573,0.93673469,0.10709286,0.9897959184,0.08723021583,0.9959183673,0.08374806933,0.08979591837,0.1781376518,0.1551020408,0.154158215,,,,,,,0.169387755,0.065509077
574,0.93673469,0.10714286,0.9897959184,0.08724590754,0.9959183673,0.08376244422,0.08775510204,0.1762295082,0.1530612245,0.1527494908,,,,,,,0.169387755,0.065560821
575,0.93673469,0.10716787,0.9897959184,0.08726160489,0.9959183673,0.08377682403,0.08367346939,0.1737288136,0.1530612245,0.1530612245,,,,,,,0.169387755,0.065612648
576,0.93673469,0.1071929,0.9897959184,0.08729301656,0.9959183673,0.08379120879,0.08163265306,0.1716738197,0.1530612245,0.1536885246,,,,,,,0.169387755,0.065664557
577,0.93673469,0.10721794,0.9897959184,0.08730873087,0.9959183673,0.08380559849,0.08163265306,0.1724137931,0.1530612245,0.1543209877,,,,,,,0.167346939,0.064924782
578,0.93673469,0.10724299,0.9897959184,0.08732445085,0.9959183673,0.08381999313,0.08163265306,0.1746724891,0.1530612245,0.1546391753,,,,,,,0.167346939,0.064976228
579,0.93673469,0.10726805,0.9897959184,0.08734017648,0.9959183673,0.08383439272,0.07959183673,0.1772727273,0.1530612245,0.1549586777,,,,,,,0.165306122,0.064234734
580,0.93673469,0.10729313,0.9897959184,0.08735590778,0.9959183673,0.08384879725,0.07959183673,0.1780821918,0.1530612245,0.1552795031,,,,,,,0.165306122,0.064285714
581,0.93673469,0.10731821,0.9897959184,0.08737164475,0.9959183673,0.08386320674,0.07959183673,0.1788990826,0.1510204082,0.153526971,,,,,,,0.163265306,0.063542494
582,0.93673469,0.10782241,0.9897959184,0.08738738739,0.9959183673,0.08387762118,0.07959183673,0.1822429907,0.1489795918,0.1520833333,,,,,,,0.163265306,0.063593005
583,0.93673469,0.10784774,0.9897959184,0.0874031357,0.9959183673,0.08389204057,0.07755102041,0.1826923077,0.1489795918,0.1536842105,,,,,,,0.163265306,0.063643596
584,0.93673469,0.10789845,0.9897959184,0.08743464936,0.9959183673,0.08390646492,0.07755102041,0.1871921182,0.1489795918,0.1543340381,,,,,,,0.163265306,0.063694268
585,0.93469388,0.10768869,0.9897959184,0.08745041471,0.9959183673,0.08392089424,0.07551020408,0.184079602,0.1489795918,0.1556503198,,,,,,,0.163265306,0.06374502
586,0.93469388,0.10771402,0.9897959184,0.08746618575,0.9959183673,0.08393532852,0.07551020408,0.185,0.1469387755,0.1572052402,,,,,,,0.163265306,0.063795853
587,0.93469388,0.10773936,0.9897959184,0.08748196248,0.9959183673,0.08394976776,0.07551020408,0.1878172589,0.1448979592,0.1557017544,,,,,,,0.163265306,0.063846768
588,0.93469388,0.10776471,0.9897959184,0.0874977449,0.9959183673,0.08396421198,0.07551020408,0.1937172775,0.1448979592,0.156043956,,,,,,,0.163265306,0.063897764
589,0.93469388,0.10779007,0.9897959184,0.08751353302,0.9959183673,0.08397866116,0.07551020408,0.1947368421,0.1428571429,0.1545253863,,,,,,,0.163265306,0.063948841
590,0.93469388,0.10781544,0.9897959184,0.08752932684,0.9959183673,0.08399311532,0.07142857143,0.1912568306,0.1408163265,0.1533333333,,,,,,,0.163265306,0.064
591,0.93469388,0.10784083,0.9897959184,0.08754512635,0.9959183673,0.08400757445,0.06530612245,0.1797752809,0.1408163265,0.153674833,,,,,,,0.163265306,0.064051241
592,0.93469388,0.10786623,0.9897959184,0.08756093158,0.9959183673,0.08402203857,0.06530612245,0.1818181818,0.1387755102,0.1517857143,,,,,,,0.163265306,0.064102564
593,0.93469388,0.10789164,0.9897959184,0.08757674251,0.9959183673,0.08403650766,0.06530612245,0.1828571429,0.1387755102,0.1521252796,,,,,,,0.163265306,0.06415397
594,0.93469388,0.10791706,0.9897959184,0.08762420958,0.9959183673,0.08405098174,0.06530612245,0.1871345029,0.1387755102,0.1528089888,,,,,,,0.163265306,0.064205457
595,0.93469388,0.10794249,0.9897959184,0.08765588288,0.9959183673,0.08406546081,0.06326530612,0.1890243902,0.1387755102,0.1534988713,,,,,,,0.163265306,0.064257028
596,0.93469388,0.10796794,0.9897959184,0.08767172813,0.9959183673,0.08407994487,0.0612244898,0.1863354037,0.1367346939,0.1519274376,,,,,,,0.163265306,0.064308682
597,0.93469388,0.10804435,0.9897959184,0.0876875791,0.9959183673,0.08409443391,0.0612244898,0.1875,0.1367346939,0.15261959,,,,,,,0.163265306,0.064360418
598,0.93469388,0.10806984,0.9897959184,0.08773516643,0.9959183673,0.08410892796,0.0612244898,0.1898734177,0.1367346939,0.1533180778,,,,,,,0.163265306,0.064412238
599,0.93469388,0.10809535,0.9897959184,0.08776692001,0.9959183673,0.084123427,0.05918367347,0.1870967742,0.1346938776,0.1531322506,,,,,,,0.163265306,0.064464142
600,0.93469388,0.1081464,0.9897959184,0.08778280543,0.9959183673,0.08413793103,0.05714285714,0.1854304636,0.1346938776,0.1538461538,,,,,,,0.163265306,0.064516129
601,0.93469388,0.10817194,0.9897959184,0.0877986966,0.9959183673,0.08415244008,0.05714285714,0.1866666667,0.1326530612,0.1522248244,,,,,,,0.163265306,0.0645682
602,0.93469388,0.1081975,0.9897959184,0.0878304962,0.9959183673,0.08416695412,0.05306122449,0.1780821918,0.1306122449,0.1509433962,,,,,,,0.163265306,0.064620355
603,0.93469388,0.10822306,0.9897959184,0.08784640464,0.9959183673,0.08418147318,0.05306122449,0.1818181818,0.1306122449,0.1513002364,,,,,,,0.163265306,0.064672595
604,0.93469388,0.10824864,0.9897959184,0.08787823881,0.9959183673,0.08419599724,0.05102040816,0.1773049645,0.1306122449,0.1523809524,,,,,,,0.163265306,0.064724919
605,0.93469388,0.10827423,0.9897959184,0.08789416455,0.9959183673,0.08421052632,0.04897959184,0.1751824818,0.1306122449,0.1538461538,,,,,,,0.163265306,0.064777328
606,0.93469388,0.10829983,0.9897959184,0.08791009607,0.9959183673,0.08422506041,0.04897959184,0.1791044776,0.1306122449,0.1542168675,,,,,,,0.16122449,0.064071371
607,0.93469388,0.10835108,0.9897959184,0.08792603336,0.9959183673,0.08423959952,0.04897959184,0.1804511278,0.1306122449,0.154589372,,,,,,,0.16122449,0.064123377
608,0.93469388,0.10837672,0.9897959184,0.08794197643,0.9959183673,0.08425414365,0.04897959184,0.1846153846,0.1265306122,0.1504854369,,,,,,,0.16122449,0.064175467
609,0.93469388,0.10845371,0.9897959184,0.08795792528,0.9959183673,0.0842686928,0.04897959184,0.188976378,0.1265306122,0.1519607843,,,,,,,0.16122449,0.064227642
610,0.93469388,0.10853081,0.9897959184,0.08797387992,0.9959183673,0.08428324698,0.04693877551,0.185483871,0.1265306122,0.1527093596,,,,,,,0.16122449,0.064279902
611,0.93469388,0.10855653,0.9897959184,0.08798984035,0.9959183673,0.08429780618,0.04693877551,0.1916666667,0.1265306122,0.1534653465,,,,,,,0.16122449,0.064332248
612,0.93469388,0.10858227,0.9897959184,0.08800580657,0.9959183673,0.08431237042,0.04489795918,0.1929824561,0.1265306122,0.1546134663,,,,,,,0.159183673,0.063569682
613,0.93469388,0.10860802,0.9897959184,0.08802177858,0.9959183673,0.08432693969,0.04489795918,0.1946902655,0.1265306122,0.155,,,,,,,0.159183673,0.063621533
614,0.93469388,0.10865955,0.9897959184,0.0880377564,0.9959183673,0.084341514,0.04489795918,0.1981981982,0.1265306122,0.1553884712,,,,,,,0.159183673,0.063673469
615,0.93469388,0.10876276,0.9897959184,0.08808572466,0.9959183673,0.08435609334,0.04489795918,0.2056074766,0.1244897959,0.154040404,,,,,,,0.159183673,0.06372549
616,0.93469388,0.1088403,0.9897959184,0.0881017257,0.9959183673,0.08437067773,0.04285714286,0.2,0.1244897959,0.155216285,,,,,,,0.159183673,0.063777596
617,0.93469388,0.10886618,0.9897959184,0.08811773256,0.9959183673,0.08438526716,0.0387755102,0.19,0.1244897959,0.1556122449,,,,,,,0.159183673,0.063829787
618,0.93469388,0.10889206,0.9897959184,0.08814976372,0.9959183673,0.08439986164,0.03673469388,0.1818181818,0.1244897959,0.1568123393,,,,,,,0.159183673,0.063882064
619,0.93469388,0.10894386,0.9897959184,0.08816578804,0.9959183673,0.08441446117,0.03673469388,0.1855670103,0.1244897959,0.157622739,,,,,,,0.159183673,0.063934426
620,0.93469388,0.10896978,0.9897959184,0.08818181818,0.9959183673,0.08442906574,0.03673469388,0.1956521739,0.1244897959,0.1584415584,,,,,,,0.159183673,0.063986874
621,0.93469388,0.10899572,0.9897959184,0.08819785416,0.9959183673,0.08444367538,0.03673469388,0.2,0.1244897959,0.1588541667,,,,,,,0.159183673,0.064039409
622,0.93469388,0.10904762,0.9897959184,0.08822994361,0.9959183673,0.08445829007,0.03673469388,0.202247191,0.1244897959,0.1596858639,,,,,,,0.159183673,0.06409203
623,0.93469388,0.10909957,0.9897959184,0.08824599709,0.9959183673,0.08447290981,0.03673469388,0.2045454545,0.1224489796,0.157480315,,,,,,,0.159183673,0.064144737
624,0.93469388,0.10912557,0.9897959184,0.08827812159,0.9959183673,0.08448753463,0.03673469388,0.2117647059,0.1204081633,0.1552631579,,,,,,,0.159183673,0.064197531
625,0.93469388,0.10915157,0.9897959184,0.08829419261,0.9959183673,0.0845021645,0.03673469388,0.2222222222,0.1163265306,0.1507936508,,,,,,,0.157142857,0.063426689
626,0.93469388,0.10917759,0.9897959184,0.08831026948,0.9959183673,0.08451679945,0.03673469388,0.225,0.1163265306,0.151193634,,,,,,,0.157142857,0.063478978
627,0.93469388,0.10920362,0.9897959184,0.08832635221,0.9959183673,0.08453143946,0.03673469388,0.2278481013,0.1163265306,0.152,,,,,,,0.157142857,0.063531353
628,0.93469388,0.10922967,0.9897959184,0.08835853525,0.9959183673,0.08454608455,0.03469387755,0.2179487179,0.1142857143,0.1505376344,,,,,,,0.157142857,0.063583815
629,0.93469388,0.10925573,0.9897959184,0.08837463557,0.9959183673,0.08456073471,0.03469387755,0.2207792208,0.1142857143,0.1513513514,,,,,,,0.157142857,0.063636364
630,0.93469388,0.10928179,0.9897959184,0.08839074175,0.9959183673,0.08457538995,0.03469387755,0.2236842105,0.1142857143,0.152173913,,,,,,,0.155102041,0.062913907
631,0.93469388,0.10930788,0.9897959184,0.08840685381,0.9959183673,0.08459005027,0.03265306122,0.2222222222,0.1142857143,0.1525885559,,,,,,,0.155102041,0.062966031
632,0.93469388,0.10933397,0.9897959184,0.08842297174,0.9959183673,0.08460471567,0.02857142857,0.2028985507,0.1142857143,0.1534246575,,,,,,,0.155102041,0.063018242
633,0.93469388,0.1093862,0.9897959184,0.08843909555,0.9959183673,0.08461938616,0.02448979592,0.1875,0.1142857143,0.1538461538,,,,,,,0.155102041,0.063070539
634,0.93469388,0.10941233,0.9897959184,0.08845522524,0.9959183673,0.08463406174,0.02448979592,0.1935483871,0.1142857143,0.1546961326,,,,,,,0.153061224,0.062292359
635,0.93469388,0.1094908,0.9897959184,0.08847136082,0.9959183673,0.08464874241,0.02448979592,0.1967213115,0.112244898,0.1527777778,,,,,,,0.153061224,0.06234414
636,0.93469388,0.10951698,0.9897959184,0.08848750228,0.9959183673,0.08466342817,0.02448979592,0.2105263158,0.1102040816,0.1504178273,,,,,,,0.153061224,0.062396007
637,0.93469388,0.10954317,0.9897959184,0.08851980288,0.9959183673,0.08467811904,0.02448979592,0.2142857143,0.1102040816,0.1508379888,,,,,,,0.153061224,0.06244796
638,0.93469388,0.10956938,0.9897959184,0.08853596203,0.9959183673,0.08469281499,0.02448979592,0.2222222222,0.1102040816,0.1525423729,,,,,,,0.153061224,0.0625
639,0.93469388,0.1095956,0.9897959184,0.08855212708,0.9959183673,0.08470751606,0.02244897959,0.2075471698,0.1081632653,0.1514285714,,,,,,,0.153061224,0.062552127
640,0.93469388,0.10962183,0.9897959184,0.08858447489,0.9959183673,0.08472222222,0.02040816327,0.2222222222,0.1081632653,0.1522988506,,,,,,,0.153061224,0.062604341
641,0.93469388,0.10964807,0.9897959184,0.08860065765,0.9959183673,0.0847369335,0.02040816327,0.2272727273,0.106122449,0.1502890173,,,,,,,0.151020408,0.06182122
642,0.93469388,0.10967433,0.9897959184,0.08861684634,0.9959183673,0.08475164988,0.02040816327,0.243902439,0.106122449,0.1516034985,,,,,,,0.151020408,0.06187291
643,0.93469388,0.1097006,0.9897959184,0.08863304094,0.9959183673,0.08476637137,0.01836734694,0.2368421053,0.106122449,0.1520467836,,,,,,,0.151020408,0.061924686
644,0.93469388,0.10972688,0.9897959184,0.08864924145,0.9959183673,0.08478109798,0.01836734694,0.2432432432,0.106122449,0.1529411765,,,,,,,0.151020408,0.061976549
645,0.93469388,0.10975318,0.9897959184,0.08868166027,0.9959183673,0.08479582971,0,1,0.1040816327,0.1504424779,,,,,,,0.151020408,0.0620285
646,0.93469388,0.10977948,0.9897959184,0.08869787857,0.9959183673,0.08481056656,,,0.1040816327,0.152238806,,,,,,,0.151020408,0.062080537
647,0.93469388,0.1098058,0.9897959184,0.0887141028,0.9959183673,0.08482530853,,,0.1040816327,0.1526946108,,,,,,,0.151020408,0.062132662
648,0.93469388,0.10983213,0.9897959184,0.08873033297,0.9959183673,0.08484005563,,,0.1040816327,0.1531531532,,,,,,,0.151020408,0.062184874
649,0.93469388,0.10988484,0.9897959184,0.08874656908,0.9959183673,0.08485480786,,,0.1040816327,0.1540785498,,,,,,,0.151020408,0.062237174
650,0.93469388,0.10991121,0.9897959184,0.08876281113,0.9959183673,0.08486956522,,,0.1020408163,0.1519756839,,,,,,,0.151020408,0.062289562
651,0.93469388,0.10993759,0.9897959184,0.08877905913,0.9959183673,0.08488432771,,,0.1020408163,0.1529051988,,,,,,,0.151020408,0.062342039
652,0.93469388,0.10999039,0.9897959184,0.08881157297,0.9959183673,0.08489909534,,,0.1,0.1507692308,,,,,,,0.151020408,0.062394604
653,0.93469388,0.11001681,0.9897959184,0.08882783883,0.9959183673,0.08491386811,,,0.1,0.1517027864,,,,,,,0.148979592,0.061603376
654,0.93469388,0.11004325,0.9897959184,0.08884411064,0.9959183673,0.08492864601,,,0.1,0.1526479751,,,,,,,0.148979592,0.061655405
655,0.93469388,0.11006969,0.9897959184,0.08886038842,0.9959183673,0.08494342907,,,0.1,0.153125,,,,,,,0.148979592,0.061707523
656,0.93469388,0.11009615,0.9897959184,0.08887667216,0.993877551,0.08478412256,,,0.1,0.1540880503,,,,,,,0.148979592,0.061759729
657,0.93469388,0.11012263,0.9897959184,0.08889296188,0.9918367347,0.08462476058,,,0.1,0.1545741325,,,,,,,0.148979592,0.061812024
658,0.93469388,0.11014911,0.9897959184,0.08890925756,0.9918367347,0.08463949843,,,0.09795918367,0.152866242,,,,,,,0.148979592,0.061864407
659,0.93265306,0.1099615,0.9897959184,0.08892555922,0.9918367347,0.08465424142,,,0.09795918367,0.154340836,,,,,,,0.148979592,0.061916879
660,0.93265306,0.11014702,0.9897959184,0.08894186686,0.9918367347,0.08466898955,,,0.09795918367,0.1553398058,,,,,,,0.148979592,0.06196944
661,0.93265306,0.11017358,0.9897959184,0.08895818048,0.9918367347,0.08468374281,,,0.09795918367,0.1563517915,,,,,,,0.148979592,0.06202209
662,0.93265306,0.11020014,0.987755102,0.08879104751,0.9918367347,0.08469850122,,,0.09591836735,0.1546052632,,,,,,,0.148979592,0.06207483
663,0.93265306,0.11022672,0.987755102,0.08880733945,0.9918367347,0.08471326477,,,0.09387755102,0.1528239203,,,,,,,0.148979592,0.06212766
664,0.93265306,0.11025332,0.987755102,0.08882363736,0.9918367347,0.08472803347,,,0.09387755102,0.1533333333,,,,,,,0.148979592,0.062180579
665,0.93265306,0.11027992,0.987755102,0.08883994126,0.9918367347,0.08474280732,,,0.09387755102,0.1538461538,,,,,,,0.148979592,0.062233589
666,0.93061224,0.11006517,0.987755102,0.08885625115,0.9918367347,0.08475758633,,,0.09387755102,0.1554054054,,,,,,,0.148979592,0.062286689
667,0.93061224,0.11009174,0.987755102,0.08887256702,0.9918367347,0.08477237049,,,0.09387755102,0.156996587,,,,,,,0.148979592,0.06233988
668,0.93061224,0.11011833,0.987755102,0.08888888889,0.9918367347,0.0847871598,,,0.09387755102,0.1575342466,,,,,,,0.148979592,0.062446536
669,0.93061224,0.11019816,0.987755102,0.08890521675,0.9918367347,0.08480195428,,,0.09387755102,0.1580756014,,,,,,,0.148979592,0.0625
670,0.93061224,0.1102248,0.987755102,0.08892155062,0.9918367347,0.08481675393,,,0.09387755102,0.1591695502,,,,,,,0.148979592,0.062553556
671,0.93061224,0.11025145,0.987755102,0.08893789048,0.9918367347,0.08483155874,,,0.09387755102,0.1608391608,,,,,,,0.148979592,0.062607204
672,0.93061224,0.11027811,0.987755102,0.08898694613,0.9918367347,0.08484636872,,,0.09183673469,0.1578947368,,,,,,,0.146938776,0.061802575
673,0.93061224,0.11030479,0.987755102,0.08900331004,0.9918367347,0.08486118387,,,0.09183673469,0.1584507042,,,,,,,0.144897959,0.060996564
674,0.93061224,0.11033148,0.987755102,0.08901967997,0.9918367347,0.08487600419,,,0.09183673469,0.1595744681,,,,,,,0.144897959,0.061049011
675,0.93061224,0.11035818,0.987755102,0.08903605592,0.9918367347,0.08489082969,,,0.08979591837,0.1582733813,,,,,,,0.144897959,0.061101549
676,0.93061224,0.11038489,0.987755102,0.0890524379,0.9918367347,0.08490566038,,,0.08775510204,0.155234657,,,,,,,0.144897959,0.061154177
677,0.93061224,0.11041162,0.987755102,0.08906882591,0.9918367347,0.08492049624,,,0.08571428571,0.152173913,,,,,,,0.144897959,0.061206897
678,0.93061224,0.11043836,0.987755102,0.08910162003,0.9918367347,0.08493533729,,,0.08571428571,0.1538461538,,,,,,,0.144897959,0.061259707
679,0.93061224,0.11046512,0.987755102,0.08911802615,0.9918367347,0.08495018353,,,0.08571428571,0.1549815498,,,,,,,0.144897959,0.061312608
680,0.93061224,0.11051866,0.987755102,0.08913443831,0.9918367347,0.08496503497,,,0.08571428571,0.156133829,,,,,,,0.144897959,0.061365601
681,0.93061224,0.11054545,0.987755102,0.08915085651,0.9918367347,0.08497989159,,,0.08571428571,0.1573033708,,,,,,,0.144897959,0.061418685
682,0.93061224,0.11057226,0.987755102,0.08916728077,0.9918367347,0.08499475341,,,0.08367346939,0.1541353383,,,,,,,0.144897959,0.061471861
683,0.93061224,0.11059908,0.987755102,0.08918371107,0.9918367347,0.08500962043,,,0.08367346939,0.1553030303,,,,,,,0.144897959,0.06152513
684,0.93061224,0.11062591,0.987755102,0.08920014744,0.9918367347,0.08502449265,,,0.08367346939,0.1564885496,,,,,,,0.144897959,0.061578491
685,0.93061224,0.11065275,0.987755102,0.08921658986,0.9918367347,0.08503937008,,,0.08163265306,0.1538461538,,,,,,,0.144897959,0.061631944
686,0.93061224,0.11067961,0.987755102,0.08923303835,0.9918367347,0.08505425271,,,0.08163265306,0.1550387597,,,,,,,0.144897959,0.061685491
687,0.93061224,0.11073337,0.987755102,0.0892494929,0.9918367347,0.08506914056,,,0.08163265306,0.1556420233,,,,,,,0.144897959,0.06173913
688,0.92857143,0.11051737,0.987755102,0.08926595352,0.9918367347,0.08508403361,,,0.08163265306,0.15625,,,,,,,0.144897959,0.061792863
689,0.92857143,0.11054422,0.987755102,0.08928242022,0.9918367347,0.08509893189,,,0.08163265306,0.1568627451,,,,,,,0.144897959,0.06184669
690,0.92857143,0.11057108,0.987755102,0.08929889299,0.9918367347,0.08511383538,,,0.07959183673,0.1541501976,,,,,,,0.144897959,0.06190061
691,0.92857143,0.11059796,0.987755102,0.08931537184,0.9918367347,0.08512874409,,,0.07959183673,0.156626506,,,,,,,0.144897959,0.061954625
692,0.92857143,0.11062485,0.987755102,0.08933185677,0.9918367347,0.08514365802,,,0.07959183673,0.1572580645,,,,,,,0.142857143,0.061135371
693,0.92857143,0.11065175,0.987755102,0.0893648449,0.9918367347,0.08515857719,,,0.07959183673,0.1585365854,,,,,,,0.142857143,0.061188811
694,0.92857143,0.11067867,0.987755102,0.08938134811,0.9918367347,0.08517350158,,,0.07959183673,0.1598360656,,,,,,,0.142857143,0.061242345
695,0.92857143,0.1107056,0.987755102,0.08939785741,0.9918367347,0.0851884312,,,0.07959183673,0.1618257261,,,,,,,0.142857143,0.061295972
696,0.92857143,0.11073254,0.987755102,0.08941437281,0.9918367347,0.08520336606,,,0.07959183673,0.1625,,,,,,,0.142857143,0.061349693
697,0.92857143,0.11075949,0.987755102,0.08943089431,0.9918367347,0.08521830615,,,0.07959183673,0.1631799163,,,,,,,0.142857143,0.061403509
698,0.92857143,0.11078646,0.987755102,0.08946395564,0.9918367347,0.08523325149,,,0.07959183673,0.1638655462,,,,,,,0.140816327,0.060579456
699,0.92857143,0.11081344,0.987755102,0.08951359349,0.9918367347,0.08524820207,,,0.07959183673,0.1666666667,,,,,,,0.140816327,0.060632689
700,0.92857143,0.11084044,0.987755102,0.089546716,0.9918367347,0.08526315789,,,0.07959183673,0.1673819742,,,,,,,0.140816327,0.060686016
701,0.92857143,0.11086745,0.987755102,0.08956328645,0.9918367347,0.08527811897,,,0.07959183673,0.1681034483,,,,,,,0.140816327,0.060739437
702,0.92857143,0.11089447,0.987755102,0.08957986304,0.9918367347,0.08529308529,,,0.07755102041,0.1645021645,,,,,,,0.140816327,0.060792952
703,0.92857143,0.1109215,0.987755102,0.08961303462,0.9918367347,0.08530805687,,,0.07551020408,0.1622807018,,,,,,,0.140816327,0.060846561
704,0.92857143,0.11094855,0.987755102,0.08962962963,0.9918367347,0.08532303371,,,0.07551020408,0.1629955947,,,,,,,0.140816327,0.060900265
705,0.92857143,0.11097561,0.987755102,0.08964623078,0.9918367347,0.0853380158,,,0.07551020408,0.1637168142,,,,,,,0.140816327,0.060954064
706,0.92857143,0.11100268,0.987755102,0.08967945155,0.9918367347,0.08535300316,,,0.07346938776,0.16,,,,,,,0.140816327,0.061007958
707,0.92857143,0.11102977,0.987755102,0.08969607116,0.9918367347,0.08536799578,,,0.07346938776,0.1607142857,,,,,,,0.13877551,0.060176991
708,0.92857143,0.11105687,0.987755102,0.08971269694,0.9918367347,0.08538299368,,,0.07346938776,0.1614349776,,,,,,,0.13877551,0.060230292
709,0.92857143,0.11108398,0.987755102,0.08972932888,0.9918367347,0.08539799684,,,0.07346938776,0.1621621622,,,,,,,0.13877551,0.060283688
710,0.92857143,0.1111654,0.987755102,0.08974596699,0.9918367347,0.08541300527,,,0.07142857143,0.1598173516,,,,,,,0.13877551,0.060337178
711,0.92857143,0.11127415,0.987755102,0.08977926173,0.9918367347,0.08542801898,,,0.07142857143,0.1605504587,,,,,,,0.13877551,0.060390764
712,0.92857143,0.11130137,0.987755102,0.08979591837,0.9918367347,0.08544303797,,,0.07142857143,0.162037037,,,,,,,0.13877551,0.060444444
713,0.92857143,0.1113286,0.987755102,0.08981258118,0.9918367347,0.08545806225,,,0.07142857143,0.1643192488,,,,,,,0.13877551,0.060498221
714,0.92857143,0.11135585,0.987755102,0.08982925019,0.9918367347,0.0854730918,,,0.07142857143,0.1674641148,,,,,,,0.13877551,0.060552093
715,0.92857143,0.11138311,0.987755102,0.08984592538,0.9918367347,0.08548812665,,,0.07142857143,0.1682692308,,,,,,,0.13877551,0.060606061
716,0.92857143,0.11141038,0.987755102,0.08986260676,0.9918367347,0.08550316678,,,0.07142857143,0.1690821256,,,,,,,0.136734694,0.059768064
717,0.92857143,0.11143767,0.987755102,0.08989598811,0.9918367347,0.08551821221,,,0.07142857143,0.1699029126,,,,,,,0.136734694,0.059821429
718,0.92857143,0.11146497,0.987755102,0.08991268809,0.9918367347,0.08553326294,,,0.07142857143,0.1707317073,,,,,,,0.136734694,0.059874888
719,0.92857143,0.11151961,0.987755102,0.08992939428,0.9918367347,0.08554831896,,,0.07142857143,0.175,,,,,,,0.134693878,0.059033989
720,0.92857143,0.11154695,0.987755102,0.08994610667,0.9918367347,0.08556338028,,,0.07142857143,0.175879397,,,,,,,0.134693878,0.05908684
721,0.92857143,0.11160167,0.987755102,0.08996282528,0.9918367347,0.08557844691,,,0.07142857143,0.1776649746,,,,,,,0.134693878,0.059139785
722,0.92857143,0.11162905,0.987755102,0.0899795501,0.9918367347,0.08559351884,,,0.0693877551,0.175257732,,,,,,,0.134693878,0.059192825
723,0.92857143,0.11165644,0.987755102,0.08999628115,0.9918367347,0.08560859609,,,0.0693877551,0.1780104712,,,,,,,0.134693878,0.059245961
724,0.92857143,0.11168385,0.987755102,0.09001301841,0.9918367347,0.08562367865,,,0.0693877551,0.1789473684,,,,,,,0.134693878,0.059299191
725,0.92857143,0.11171127,0.987755102,0.0900297619,0.9918367347,0.08563876652,,,0.06734693878,0.1746031746,,,,,,,0.134693878,0.059352518
726,0.92857143,0.1117387,0.987755102,0.09004651163,0.9918367347,0.08565385971,,,0.06734693878,0.1774193548,,,,,,,0.134693878,0.059405941
727,0.92857143,0.11176615,0.987755102,0.09008002978,0.9918367347,0.08566895822,,,0.06734693878,0.1793478261,,,,,,,0.134693878,0.059459459
728,0.92857143,0.11179361,0.987755102,0.09009679821,0.9918367347,0.08568406206,,,0.06734693878,0.1813186813,,,,,,,0.134693878,0.059513075
729,0.92857143,0.11182109,0.987755102,0.09011357289,0.9918367347,0.08569917122,,,0.06734693878,0.182320442,,,,,,,0.134693878,0.059566787
730,0.92653061,0.11174009,0.987755102,0.09013035382,0.9918367347,0.08571428571,,,0.06326530612,0.1741573034,,,,,,,0.134693878,0.059620596
731,0.92653061,0.1117676,0.987755102,0.09014714099,0.9918367347,0.08572940554,,,0.06326530612,0.1761363636,,,,,,,0.134693878,0.059674503
732,0.92653061,0.11179512,0.987755102,0.09016393443,0.9918367347,0.0857445307,,,0.06326530612,0.1781609195,,,,,,,0.134693878,0.059728507
733,0.92653061,0.11182266,0.987755102,0.09018073412,0.9918367347,0.0857596612,,,0.06326530612,0.1791907514,,,,,,,0.134693878,0.059782609
734,0.92653061,0.11185021,0.987755102,0.09021435228,0.9918367347,0.08577479703,,,0.06326530612,0.1823529412,,,,,,,0.134693878,0.059836809
735,0.92653061,0.11187777,0.987755102,0.09023117077,0.9918367347,0.08578993822,,,0.06326530612,0.1834319527,,,,,,,0.134693878,0.059891107
736,0.92653061,0.11190535,0.987755102,0.09024799552,0.9918367347,0.08580508475,,,0.0612244898,0.1807228916,,,,,,,0.134693878,0.059945504
737,0.92653061,0.11193294,0.987755102,0.09026482656,0.9918367347,0.08582023662,,,0.0612244898,0.1818181818,,,,,,,0.134693878,0.06
738,0.92653061,0.11196054,0.987755102,0.09028166387,0.9918367347,0.08583539385,,,0.0612244898,0.1840490798,,,,,,,0.134693878,0.060054595
739,0.92653061,0.11201579,0.987755102,0.09029850746,0.9918367347,0.08585055644,,,0.0612244898,0.1851851852,,,,,,,0.134693878,0.06010929
740,0.92653061,0.11204344,0.987755102,0.09031535734,0.9918367347,0.08586572438,,,0.0612244898,0.1863354037,,,,,,,0.134693878,0.060164084
741,0.92653061,0.11207109,0.987755102,0.09033221351,0.9918367347,0.08588089769,,,0.0612244898,0.1875,,,,,,,0.134693878,0.060218978
742,0.92653061,0.11212645,0.987755102,0.09034907598,0.9918367347,0.08589607635,,,0.0612244898,0.1898734177,,,,,,,0.134693878,0.060273973
743,0.92653061,0.11215415,0.987755102,0.09036594473,0.9918367347,0.08591126039,,,0.0612244898,0.1910828025,,,,,,,0.134693878,0.060329068
744,0.92653061,0.11218186,0.987755102,0.09038281979,0.9918367347,0.08592644979,,,0.05918367347,0.1870967742,,,,,,,0.134693878,0.060384263
745,0.92653061,0.11220959,0.987755102,0.09039970116,0.9918367347,0.08594164456,,,0.05918367347,0.1895424837,,,,,,,0.134693878,0.06043956
746,0.92653061,0.11223733,0.987755102,0.09041658883,0.9918367347,0.08595684471,,,0.05918367347,0.1907894737,,,,,,,0.134693878,0.060494959
747,0.92653061,0.11226508,0.987755102,0.09043348281,0.9918367347,0.08597205024,,,0.05918367347,0.1933333333,,,,,,,0.134693878,0.060550459
748,0.92653061,0.11229285,0.987755102,0.09045038311,0.9918367347,0.08598726115,,,0.05918367347,0.1946308725,,,,,,,0.134693878,0.060606061
749,0.92653061,0.11232063,0.987755102,0.09046728972,0.9918367347,0.08600247744,,,0.05714285714,0.1891891892,,,,,,,0.134693878,0.060661765
750,0.92653061,0.11234843,0.987755102,0.09048420265,0.9918367347,0.08601769912,,,0.05714285714,0.1904761905,,,,,,,0.134693878,0.060717571
751,0.92653061,0.11237624,0.987755102,0.09050112191,0.9918367347,0.08603292618,,,0.05714285714,0.1931034483,,,,,,,0.134693878,0.060773481
752,0.92653061,0.11240406,0.9857142857,0.09034792368,0.9918367347,0.08604815864,,,0.05714285714,0.1944444444,,,,,,,0.134693878,0.060829493
753,0.92653061,0.1124319,0.9857142857,0.09036482694,0.9918367347,0.08606339649,,,0.05714285714,0.1958041958,,,,,,,0.134693878,0.060885609
754,0.92653061,0.11245975,0.9857142857,0.09038173653,0.9918367347,0.08607863974,,,0.05714285714,0.1971830986,,,,,,,0.134693878,0.060941828
755,0.92653061,0.11248761,0.9857142857,0.09039865244,0.9918367347,0.0860938884,,,0.05714285714,0.1985815603,,,,,,,0.134693878,0.060998152
756,0.92653061,0.11251549,0.9857142857,0.09041557469,0.9918367347,0.08610914245,,,0.05714285714,0.2,,,,,,,0.134693878,0.061054579
757,0.92653061,0.11254338,0.9857142857,0.09043250328,0.9918367347,0.08612440191,,,0.05714285714,0.204379562,,,,,,,0.132653061,0.060185185
758,0.92653061,0.11257129,0.9857142857,0.0904494382,0.9918367347,0.08613966678,,,0.05510204082,0.2014925373,,,,,,,0.132653061,0.060240964
759,0.92653061,0.11259921,0.9857142857,0.09046637947,0.9918367347,0.08615493707,,,0.05306122449,0.1954887218,,,,,,,0.130612245,0.059369202
760,0.92653061,0.11265509,0.9857142857,0.09048332709,0.9918367347,0.08617021277,,,0.05102040816,0.1923076923,,,,,,,0.130612245,0.059424327
761,0.92653061,0.11268305,0.9857142857,0.09050028106,0.9918367347,0.08618549388,,,0.05102040816,0.1953125,,,,,,,0.130612245,0.059479554
762,0.92653061,0.11271102,0.9857142857,0.09051724138,0.9918367347,0.08620078042,,,0.05102040816,0.2016129032,,,,,,,0.130612245,0.059534884
763,0.92653061,0.11273901,0.9857142857,0.09053420806,0.9918367347,0.08621607238,,,0.04897959184,0.1967213115,,,,,,,0.128571429,0.058659218
764,0.9244898,0.11251863,0.9857142857,0.0905511811,0.9918367347,0.08623136977,,,0.04897959184,0.2016806723,,,,,,,0.128571429,0.058713886
765,0.9244898,0.11254658,0.9857142857,0.09056816051,0.9918367347,0.08624667258,,,0.04897959184,0.2051282051,,,,,,,0.128571429,0.058768657
766,0.9244898,0.11257455,0.9857142857,0.09058514629,0.9918367347,0.08626198083,,,0.04897959184,0.2105263158,,,,,,,0.126530612,0.057889823
767,0.9244898,0.11260254,0.9857142857,0.09060213844,0.9918367347,0.08627729451,,,0.04693877551,0.203539823,,,,,,,0.126530612,0.057943925
768,0.9244898,0.11263053,0.9857142857,0.09061913696,0.9918367347,0.08629261364,,,0.04693877551,0.2072072072,,,,,,,0.126530612,0.057998129
769,0.9244898,0.11265854,0.9857142857,0.09063614187,0.9918367347,0.0863079382,,,0.04489795918,0.2,,,,,,,0.126530612,0.058052434
770,0.9244898,0.11268657,0.9857142857,0.09065315315,0.9918367347,0.08632326821,,,0.04489795918,0.2018348624,,,,,,,0.124489796,0.057169634
771,0.9244898,0.11271461,0.9857142857,0.09068719489,0.9918367347,0.08633860366,,,0.04489795918,0.2037037037,,,,,,,0.124489796,0.057223265
772,0.9244898,0.11274266,0.9857142857,0.09070422535,0.9918367347,0.08635394456,,,0.04489795918,0.2056074766,,,,,,,0.124489796,0.057276995
773,0.9244898,0.11277072,0.9857142857,0.09072126221,0.9918367347,0.08636929092,,,0.04489795918,0.2095238095,,,,,,,0.124489796,0.057330827
774,0.9244898,0.1128269,0.9857142857,0.09073830547,0.9918367347,0.08638464273,,,0.04285714286,0.2038834951,,,,,,,0.124489796,0.05738476
775,0.9244898,0.11285501,0.9857142857,0.09075535513,0.9918367347,0.0864,,,0.04285714286,0.2058823529,,,,,,,0.124489796,0.057438795
776,0.9244898,0.11288313,0.9857142857,0.0907724112,0.9918367347,0.08641536273,,,0.04285714286,0.2079207921,,,,,,,0.12244898,0.056550424
777,0.9244898,0.11291127,0.9857142857,0.09078947368,0.9918367347,0.08643073093,,,0.04285714286,0.21,,,,,,,0.12244898,0.056603774
778,0.9244898,0.11293942,0.9857142857,0.09080654258,0.9918367347,0.08644610459,,,0.04081632653,0.2040816327,,,,,,,0.12244898,0.056657224
779,0.9244898,0.11296758,0.9857142857,0.09084069964,0.9897959184,0.08628357943,,,0.04081632653,0.206185567,,,,,,,0.12244898,0.056710775
780,0.9244898,0.11299576,0.9857142857,0.09087488241,0.9897959184,0.08629893238,,,0.04081632653,0.2083333333,,,,,,,0.12244898,0.056764428
781,0.9244898,0.11302395,0.9857142857,0.09089198344,0.9897959184,0.0863142908,,,0.0387755102,0.2,,,,,,,0.12244898,0.056818182
782,0.9244898,0.11305216,0.9857142857,0.09090909091,0.9897959184,0.08632965468,,,0.03673469388,0.1914893617,,,,,,,0.12244898,0.056872038
783,0.9244898,0.11308038,0.9857142857,0.09092620482,0.9897959184,0.08634502403,,,0.03673469388,0.1978021978,,,,,,,0.12244898,0.056925996
784,0.9244898,0.11310861,0.9857142857,0.09096045198,0.9897959184,0.08636039886,,,0.03469387755,0.1931818182,,,,,,,0.12244898,0.056980057
785,0.9244898,0.11313686,0.9857142857,0.09097758523,0.9897959184,0.08637577916,,,0.03469387755,0.1954022989,,,,,,,0.12244898,0.057034221
786,0.9244898,0.11316513,0.9857142857,0.09099472494,0.9897959184,0.08639116494,,,0.03469387755,0.1976744186,,,,,,,0.12244898,0.057088487
787,0.9244898,0.1131934,0.9857142857,0.09101187111,0.9897959184,0.08640655621,,,0.03265306122,0.1882352941,,,,,,,0.12244898,0.057142857
788,0.9244898,0.11322169,0.9857142857,0.09102902375,0.9897959184,0.08642195296,,,0.03265306122,0.1904761905,,,,,,,0.120408163,0.056244042
789,0.9244898,0.11325,0.9857142857,0.09109769898,0.9897959184,0.0864373552,,,0.03265306122,0.1927710843,,,,,,,0.120408163,0.05629771
790,0.9244898,0.11327832,0.9857142857,0.09113207547,0.9897959184,0.08645276292,,,0.03265306122,0.1951219512,,,,,,,0.118367347,0.055396371
791,0.9244898,0.11330665,0.9857142857,0.09114927345,0.9897959184,0.08646817615,,,0.03265306122,0.1975308642,,,,,,,0.118367347,0.055449331
792,0.9244898,0.113335,0.9857142857,0.09116647792,0.9897959184,0.08648359486,,,0.03265306122,0.2,,,,,,,0.118367347,0.055502392
793,0.9244898,0.11336336,0.9857142857,0.09118368888,0.9897959184,0.08649901908,,,0.0306122449,0.1923076923,,,,,,,0.118367347,0.055555556
794,0.9244898,0.11339174,0.9857142857,0.09120090634,0.9897959184,0.0865144488,,,0.0306122449,0.1948051948,,,,,,,0.118367347,0.055608821
795,0.9244898,0.11342013,0.9857142857,0.09125259777,0.9897959184,0.08652988403,,,0.0306122449,0.1973684211,,,,,,,0.118367347,0.055662188
796,0.9244898,0.11344853,0.9857142857,0.09126984127,0.9897959184,0.08654532477,,,0.0306122449,0.2,,,,,,,0.118367347,0.055715658
797,0.9244898,0.11347695,0.9857142857,0.09128709129,0.9897959184,0.08656077102,,,0.0306122449,0.2027027027,,,,,,,0.118367347,0.055769231
798,0.92244898,0.11328321,0.9857142857,0.09130434783,0.9897959184,0.08657622278,,,0.0306122449,0.2054794521,,,,,,,0.118367347,0.055822907
799,0.92244898,0.11331161,0.9857142857,0.09133888048,0.9897959184,0.08659168006,,,0.02857142857,0.1944444444,,,,,,,0.116326531,0.054913295
800,0.92244898,0.11334002,0.9857142857,0.09135615661,0.9897959184,0.08660714286,,,0.02857142857,0.1971830986,,,,,,,0.114285714,0.054001929
801,0.92244898,0.11336845,0.9857142857,0.09137343927,0.9897959184,0.08662261118,,,0.02653061224,0.1857142857,,,,,,,0.114285714,0.054054054
802,0.92244898,0.11342535,0.9857142857,0.09139072848,0.9897959184,0.08663808503,,,0.02653061224,0.1884057971,,,,,,,0.114285714,0.05410628
803,0.92244898,0.11345382,0.9857142857,0.09142532652,0.9897959184,0.08665356441,,,0.02653061224,0.1911764706,,,,,,,0.114285714,0.054158607
804,0.92244898,0.11359638,0.9857142857,0.09144263537,0.9897959184,0.08666904932,,,0.02653061224,0.1940298507,,,,,,,0.114285714,0.054211036
805,0.92244898,0.11362494,0.9857142857,0.09145995077,0.9897959184,0.08668453977,,,0.02653061224,0.2,,,,,,,0.114285714,0.054263566
806,0.92244898,0.11365351,0.9857142857,0.09147727273,0.9897959184,0.08670003575,,,0.02653061224,0.203125,,,,,,,0.114285714,0.054316198
807,0.92244898,0.11368209,0.9857142857,0.09149460125,0.9897959184,0.08671553728,,,0.02448979592,0.1935483871,,,,,,,0.112244898,0.053398058
808,0.92244898,0.11371069,0.9857142857,0.09151193634,0.9897959184,0.08673104435,,,0.02448979592,0.1967213115,,,,,,,0.112244898,0.053449951
809,0.92244898,0.11373931,0.9857142857,0.091529278,0.9897959184,0.08674655697,,,0.02244897959,0.1833333333,,,,,,,0.112244898,0.053501946
810,0.92244898,0.11376793,0.9857142857,0.09154662623,0.9897959184,0.08676207513,,,0.02244897959,0.1896551724,,,,,,,0.110204082,0.052580331
811,0.92244898,0.11379658,0.9857142857,0.09156398104,0.9897959184,0.08677759885,,,0.02244897959,0.1929824561,,,,,,,0.110204082,0.052631579
812,0.92244898,0.11382523,0.9857142857,0.09158134243,0.9897959184,0.08679312813,,,0.02244897959,0.1964285714,,,,,,,0.110204082,0.052682927
813,0.92244898,0.1138539,0.9857142857,0.09159871041,0.9897959184,0.08680866297,,,0.02244897959,0.2037037037,,,,,,,0.110204082,0.052734375
814,0.92244898,0.11388259,0.9836734694,0.09142640364,0.9897959184,0.08682420337,,,0.02244897959,0.2075471698,,,,,,,0.110204082,0.052785924
815,0.92244898,0.11391129,0.9836734694,0.09144374881,0.9897959184,0.08683974933,,,0.02244897959,0.2115384615,,,,,,,0.110204082,0.052837573
816,0.92244898,0.11394001,0.9836734694,0.09146110057,0.9897959184,0.08685530086,,,0.02244897959,0.22,,,,,,,0.110204082,0.052889324
817,0.92244898,0.11396873,0.9836734694,0.09147845891,0.9897959184,0.08687085796,,,0.02244897959,0.2244897959,,,,,,,0.110204082,0.052941176
818,0.92244898,0.11402624,0.9836734694,0.09149582384,0.9897959184,0.08688642064,,,0.02244897959,0.2291666667,,,,,,,0.110204082,0.052993131
819,0.92244898,0.11405501,0.9836734694,0.09151319537,0.9897959184,0.08690198889,,,0.02040816327,0.2127659574,,,,,,,0.110204082,0.053045187
820,0.92244898,0.1140838,0.9836734694,0.09153057349,0.9897959184,0.08691756272,,,0.02040816327,0.2173913043,,,,,,,0.110204082,0.053097345
821,0.92244898,0.1141126,0.9836734694,0.09154795821,0.9897959184,0.08693314214,,,0.02040816327,0.2222222222,,,,,,,0.110204082,0.053149606
822,0.92244898,0.11414141,0.9836734694,0.09156534954,0.9897959184,0.08694872714,,,0.01836734694,0.2045454545,,,,,,,0.110204082,0.05320197
823,0.92244898,0.11417025,0.9836734694,0.09158274748,0.9897959184,0.08696431773,,,0.01836734694,0.2093023256,,,,,,,0.110204082,0.053254438
824,0.92244898,0.11419909,0.9836734694,0.09160015203,0.9897959184,0.08697991392,,,0.01836734694,0.2195121951,,,,,,,0.110204082,0.053307009
825,0.92244898,0.11422795,0.9836734694,0.09163498099,0.9897959184,0.0869955157,,,0.01836734694,0.2307692308,,,,,,,0.110204082,0.053359684
826,0.92244898,0.11425683,0.9836734694,0.0916524054,0.9897959184,0.08701112307,,,0.01836734694,0.2432432432,,,,,,,0.110204082,0.053412463
827,0.92244898,0.11428571,0.9836734694,0.09166983644,0.9897959184,0.08702673605,,,0.01632653061,0.2222222222,,,,,,,0.110204082,0.053465347
828,0.92244898,0.11431462,0.9836734694,0.09168727411,0.9897959184,0.08704235463,,,0.01632653061,0.2285714286,,,,,,,0.108163265,0.052527255
829,0.92244898,0.11434354,0.9836734694,0.09170471842,0.9897959184,0.08705797882,,,0.01428571429,0.2121212121,,,,,,,0.108163265,0.052579365
830,0.92244898,0.11437247,0.9836734694,0.09172216936,0.9897959184,0.08707360862,,,0.01224489796,0.1875,,,,,,,0.108163265,0.052631579
831,0.92244898,0.11440142,0.9836734694,0.09173962695,0.9897959184,0.08708924403,,,0.01020408163,0.1724137931,,,,,,,0.108163265,0.052683897
832,0.92244898,0.11443038,0.9836734694,0.09175709119,0.9897959184,0.08710488506,,,0,1,,,,,,,0.106122449,0.051741294
833,0.92244898,0.11445936,0.9836734694,0.09177456207,0.9897959184,0.0871205317,,,,,,,,,,,0.106122449,0.051792829
834,0.92244898,0.11448835,0.9836734694,0.09179203961,0.9897959184,0.08713618397,,,,,,,,,,,0.106122449,0.051844467
835,0.92040816,0.114264,0.9836734694,0.09180952381,0.9897959184,0.08715184187,,,,,,,,,,,0.106122449,0.051896208
836,0.91836735,0.11406844,0.9836734694,0.09182701467,0.9897959184,0.08716750539,,,,,,,,,,,0.104081633,0.050949051
837,0.91836735,0.11409736,0.9836734694,0.0918445122,0.9897959184,0.08718317455,,,,,,,,,,,0.104081633,0.051
838,0.91836735,0.1141263,0.9836734694,0.09186201639,0.9897959184,0.08719884933,,,,,,,,,,,0.104081633,0.051051051
839,0.91836735,0.11415525,0.9836734694,0.09187952726,0.9897959184,0.08721452976,,,,,,,,,,,0.104081633,0.051102204
840,0.91836735,0.11418422,0.9836734694,0.0918970448,0.9897959184,0.08723021583,,,,,,,,,,,0.104081633,0.05115346
841,0.91836735,0.1142132,0.9836734694,0.09191456903,0.9897959184,0.08724590754,,,,,,,,,,,0.104081633,0.051204819
842,0.91836735,0.11424219,0.9836734694,0.09193209994,0.9897959184,0.08726160489,,,,,,,,,,,0.104081633,0.051256281
843,0.91836735,0.1142712,0.9816326531,0.09175887066,0.9897959184,0.0872773079,,,,,,,,,,,0.104081633,0.051307847
844,0.91836735,0.11430023,0.9816326531,0.09177637855,0.9897959184,0.08729301656,,,,,,,,,,,0.102040816,0.050352467
845,0.91836735,0.11432927,0.9816326531,0.09179389313,0.9897959184,0.08730873087,,,,,,,,,,,0.102040816,0.050403226
846,0.91836735,0.11435832,0.9795918367,0.09162053827,0.9897959184,0.08732445085,,,,,,,,,,,0.102040816,0.050454087
847,0.91836735,0.11438739,0.9795918367,0.09163802978,0.9897959184,0.08734017648,,,,,,,,,,,0.102040816,0.050505051
848,0.91836735,0.11441648,0.9795918367,0.09165552797,0.9897959184,0.08735590778,,,,,,,,,,,0.102040816,0.050556117
849,0.91836735,0.11447469,0.9795918367,0.09167303285,0.9897959184,0.08737164475,,,,,,,,,,,0.102040816,0.050607287
850,0.91836735,0.11450382,0.9795918367,0.09169054441,0.9897959184,0.08738738739,,,,,,,,,,,0.102040816,0.050658561
851,0.91836735,0.11453296,0.9795918367,0.09170806267,0.9897959184,0.0874031357,,,,,,,,,,,0.102040816,0.050709939
852,0.91836735,0.11456212,0.9795918367,0.09172558762,0.9897959184,0.08741888969,,,,,,,,,,,0.102040816,0.050761421
853,0.91836735,0.11459129,0.9795918367,0.09174311927,0.9897959184,0.08743464936,,,,,,,,,,,0.102040816,0.050813008
854,0.91836735,0.11462048,0.9795918367,0.09176065762,0.9897959184,0.08745041471,,,,,,,,,,,0.102040816,0.0508647
855,0.91836735,0.11464968,0.9795918367,0.09179575445,0.9897959184,0.08746618575,,,,,,,,,,,0.102040816,0.050916497
856,0.91836735,0.1146789,0.9795918367,0.09181331293,0.9897959184,0.08748196248,,,,,,,,,,,0.102040816,0.0509684
857,0.91836735,0.11470813,0.9795918367,0.09183087813,0.9897959184,0.0874977449,,,,,,,,,,,0.102040816,0.051020408
858,0.91836735,0.11473738,0.9795918367,0.09184845006,0.9897959184,0.08751353302,,,,,,,,,,,0.102040816,0.051072523
859,0.91632653,0.1145116,0.9795918367,0.09186602871,0.9897959184,0.08752932684,,,,,,,,,,,0.102040816,0.051124744
860,0.91632653,0.11454082,0.9795918367,0.09188361409,0.9897959184,0.08754512635,,,,,,,,,,,0.102040816,0.051177073
861,0.91632653,0.11457004,0.9795918367,0.0919012062,0.9897959184,0.08756093158,,,,,,,,,,,0.102040816,0.051229508
862,0.91632653,0.11459929,0.9795918367,0.09191880506,0.9897959184,0.08757674251,,,,,,,,,,,0.102040816,0.051282051
863,0.91632653,0.11462854,0.9795918367,0.09193641065,0.9897959184,0.08759255915,,,,,,,,,,,0.102040816,0.051334702
864,0.91632653,0.1147164,0.9795918367,0.09195402299,0.9897959184,0.0876083815,,,,,,,,,,,0.102040816,0.051387461
865,0.91632653,0.11474572,0.9795918367,0.09197164208,0.9897959184,0.08762420958,,,,,,,,,,,0.102040816,0.051440329
866,0.91632653,0.11477505,0.9795918367,0.09198926792,0.9897959184,0.08764004337,,,,,,,,,,,0.102040816,0.051493306
867,0.91632653,0.1148044,0.9795918367,0.09200690052,0.9897959184,0.08765588288,,,,,,,,,,,0.102040816,0.051546392
868,0.91632653,0.11486314,0.9795918367,0.09202453988,0.9897959184,0.08767172813,,,,,,,,,,,0.102040816,0.051599587
869,0.91632653,0.11489253,0.9795918367,0.0920598389,0.9897959184,0.0876875791,,,,,,,,,,,0.102040816,0.051652893
870,0.91428571,0.11466598,0.9795918367,0.09207749856,0.9897959184,0.0877034358,,,,,,,,,,,0.1,0.050672182
871,0.91428571,0.11469534,0.9795918367,0.092095165,0.9897959184,0.08771929825,,,,,,,,,,,0.1,0.050724638
872,0.91428571,0.11472471,0.9795918367,0.09211283823,0.9897959184,0.08773516643,,,,,,,,,,,0.1,0.050777202
873,0.91428571,0.1147541,0.9795918367,0.09213051823,0.9897959184,0.08775104035,,,,,,,,,,,0.1,0.050829876
874,0.91428571,0.1147835,0.9795918367,0.09214820503,0.9897959184,0.08776692001,,,,,,,,,,,0.1,0.050882658
875,0.91428571,0.11481292,0.9795918367,0.09216589862,0.9897959184,0.08778280543,,,,,,,,,,,0.1,0.050935551
876,0.91428571,0.11484235,0.9795918367,0.092183599,0.9897959184,0.0877986966,,,,,,,,,,,0.097959184,0.049947971
877,0.91428571,0.11487179,0.9795918367,0.09220130619,0.9897959184,0.08781459352,,,,,,,,,,,0.095918367,0.048958333
878,0.91428571,0.11490126,0.9795918367,0.09223674097,0.9897959184,0.0878304962,,,,,,,,,,,0.095918367,0.049009385
879,0.91428571,0.11493073,0.9795918367,0.09225446858,0.9897959184,0.08784640464,,,,,,,,,,,0.095918367,0.049060543
880,0.91428571,0.11496023,0.9795918367,0.092272203,0.9897959184,0.08786231884,,,,,,,,,,,0.095918367,0.049111808
881,0.9122449,0.11473306,0.9795918367,0.09228994424,0.9897959184,0.08787823881,,,,,,,,,,,0.095918367,0.04916318
882,0.9122449,0.11476252,0.9795918367,0.09230769231,0.9897959184,0.08789416455,,,,,,,,,,,0.095918367,0.04921466
883,0.9122449,0.11479199,0.9795918367,0.0923254472,0.9897959184,0.08791009607,,,,,,,,,,,0.095918367,0.049266247
884,0.9122449,0.11482147,0.9795918367,0.09234320893,0.9897959184,0.08792603336,,,,,,,,,,,0.095918367,0.049317943
885,0.9122449,0.11485098,0.9795918367,0.09236097749,0.9897959184,0.08794197643,,,,,,,,,,,0.095918367,0.049369748
886,0.9122449,0.11488049,0.9795918367,0.09237875289,0.9897959184,0.08795792528,,,,,,,,,,,0.095918367,0.049421661
887,0.9122449,0.11491003,0.9795918367,0.09239653513,0.9897959184,0.08797387992,,,,,,,,,,,0.095918367,0.049473684
888,0.9122449,0.11496914,0.9795918367,0.09241432422,0.9897959184,0.08798984035,,,,,,,,,,,0.095918367,0.049525817
889,0.9122449,0.11499871,0.9795918367,0.09243212016,0.9897959184,0.08800580657,,,,,,,,,,,0.095918367,0.049578059
890,0.9122449,0.11502831,0.9795918367,0.09246773261,0.9897959184,0.08802177858,,,,,,,,,,,0.095918367,0.049630412
891,0.9122449,0.11505792,0.9795918367,0.09250337252,0.9897959184,0.0880377564,,,,,,,,,,,0.095918367,0.049682875
892,0.9122449,0.11508754,0.9795918367,0.09252120278,0.9897959184,0.08805374001,,,,,,,,,,,0.095918367,0.04973545
893,0.9122449,0.11514683,0.9795918367,0.09253903991,0.9897959184,0.08806972944,,,,,,,,,,,0.095918367,0.049788136
894,0.9122449,0.1151765,0.9795918367,0.09255688392,0.9897959184,0.08808572466,,,,,,,,,,,0.095918367,0.049840933
895,0.9122449,0.11520619,0.9795918367,0.09257473481,0.9897959184,0.0881017257,,,,,,,,,,,0.095918367,0.049893843
896,0.9122449,0.11523589,0.9795918367,0.09259259259,0.9897959184,0.08811773256,,,,,,,,,,,0.095918367,0.049946865
897,0.9122449,0.1152656,0.9795918367,0.09261045726,0.9897959184,0.08813374523,,,,,,,,,,,0.095918367,0.05
898,0.9122449,0.11529533,0.9795918367,0.09262832883,0.9897959184,0.08814976372,,,,,,,,,,,0.095918367,0.050053248
899,0.9122449,0.11532508,0.9795918367,0.0926462073,0.9897959184,0.08816578804,,,,,,,,,,,0.095918367,0.05010661
900,0.9122449,0.11535484,0.9795918367,0.09266409266,0.9897959184,0.08818181818,,,,,,,,,,,0.095918367,0.050160085
901,0.9122449,0.11538462,0.9795918367,0.09268198494,0.9897959184,0.08819785416,,,,,,,,,,,0.095918367,0.050213675
902,0.9122449,0.11541441,0.9795918367,0.09269988413,0.9897959184,0.08821389596,,,,,,,,,,,0.093877551,0.049197861
903,0.9122449,0.11544421,0.9795918367,0.09271779023,0.9897959184,0.08822994361,,,,,,,,,,,0.093877551,0.049250535
904,0.9122449,0.11547404,0.9795918367,0.09273570325,0.9897959184,0.08824599709,,,,,,,,,,,0.093877551,0.049303323
905,0.9122449,0.11550388,0.9795918367,0.09275362319,0.9897959184,0.08826205641,,,,,,,,,,,0.093877551,0.049356223
906,0.9122449,0.11553373,0.9795918367,0.09277155006,0.9897959184,0.08827812159,,,,,,,,,,,0.093877551,0.049409237
907,0.9122449,0.1155636,0.9795918367,0.09278948386,0.9897959184,0.08829419261,,,,,,,,,,,0.093877551,0.049462366
908,0.9122449,0.11559348,0.9795918367,0.09280742459,0.9897959184,0.08831026948,,,,,,,,,,,0.093877551,0.049515608
909,0.9122449,0.11562338,0.9795918367,0.09282537227,0.9897959184,0.08832635221,,,,,,,,,,,0.093877551,0.049568966
910,0.9122449,0.1156533,0.9795918367,0.09286128845,0.9897959184,0.0883424408,,,,,,,,,,,0.093877551,0.049622438
911,0.9122449,0.11568323,0.9795918367,0.09287925697,0.9897959184,0.08835853525,,,,,,,,,,,0.093877551,0.049676026
912,0.9122449,0.11571318,0.9795918367,0.09289723244,0.9897959184,0.08837463557,,,,,,,,,,,0.093877551,0.04972973
913,0.9122449,0.11574314,0.9795918367,0.09291521487,0.9897959184,0.08839074175,,,,,,,,,,,0.093877551,0.04978355
914,0.9122449,0.11577312,0.9795918367,0.09293320426,0.9897959184,0.08840685381,,,,,,,,,,,0.093877551,0.049837486
915,0.90816327,0.11579495,0.9795918367,0.09295120062,0.9897959184,0.08842297174,,,,,,,,,,,0.091836735,0.048806941
916,0.90816327,0.11582509,0.9795918367,0.09296920395,0.9897959184,0.08843909555,,,,,,,,,,,0.091836735,0.048859935
917,0.90816327,0.11585525,0.9795918367,0.09298721426,0.9897959184,0.08845522524,,,,,,,,,,,0.089795918,0.047826087
918,0.90816327,0.1159156,0.9795918367,0.09302325581,0.9897959184,0.08847136082,,,,,,,,,,,0.089795918,0.047878128
919,0.90816327,0.11594581,0.9795918367,0.09305932532,0.9897959184,0.08848750228,,,,,,,,,,,0.089795918,0.047930283
920,0.90816327,0.11600626,0.9795918367,0.09307737056,0.9897959184,0.08850364964,,,,,,,,,,,0.089795918,0.047982552
921,0.90816327,0.11603651,0.9795918367,0.09309542281,0.9897959184,0.08851980288,,,,,,,,,,,0.089795918,0.048034934
922,0.90816327,0.11606677,0.9795918367,0.09311348206,0.9897959184,0.08853596203,,,,,,,,,,,0.089795918,0.048087432
923,0.90816327,0.11609705,0.9795918367,0.09313154831,0.9897959184,0.08855212708,,,,,,,,,,,0.089795918,0.048140044
924,0.90816327,0.11612735,0.9795918367,0.09316770186,0.9897959184,0.08856829803,,,,,,,,,,,0.089795918,0.048192771
925,0.90816327,0.11615766,0.9795918367,0.09318578917,0.9897959184,0.08858447489,,,,,,,,,,,0.089795918,0.048245614
926,0.90816327,0.11618799,0.9795918367,0.0932038835,0.9897959184,0.08860065765,,,,,,,,,,,0.089795918,0.048298573
927,0.90816327,0.11621833,0.9795918367,0.09322198485,0.9897959184,0.08861684634,,,,,,,,,,,0.087755102,0.047252747
928,0.90816327,0.11624869,0.9795918367,0.09325820867,0.9897959184,0.08863304094,,,,,,,,,,,0.087755102,0.04730473
929,0.90816327,0.11630946,0.9795918367,0.09327633113,0.9897959184,0.08864924145,,,,,,,,,,,0.087755102,0.047356828
930,0.90816327,0.11633987,0.9795918367,0.09329446064,0.9897959184,0.0886654479,,,,,,,,,,,0.087755102,0.047409041
931,0.90816327,0.11637029,0.9795918367,0.0933125972,0.9897959184,0.08868166027,,,,,,,,,,,0.087755102,0.047461369
932,0.90816327,0.11643119,0.9795918367,0.09333074081,0.9897959184,0.08869787857,,,,,,,,,,,0.087755102,0.047513812
933,0.90816327,0.11646166,0.9795918367,0.09334889148,0.9897959184,0.0887141028,,,,,,,,,,,0.087755102,0.047566372
934,0.90816327,0.11649215,0.9795918367,0.09336704921,0.9897959184,0.08873033297,,,,,,,,,,,0.087755102,0.047619048
935,0.90816327,0.11652265,0.9795918367,0.09338521401,0.9897959184,0.08874656908,,,,,,,,,,,0.087755102,0.04767184
936,0.90816327,0.11655317,0.9795918367,0.09340338587,0.9897959184,0.08876281113,,,,,,,,,,,0.087755102,0.04772475
937,0.90816327,0.1165837,0.9795918367,0.09342156481,0.9897959184,0.08877905913,,,,,,,,,,,0.087755102,0.047777778
938,0.90816327,0.11661426,0.9775510204,0.09326323988,0.9897959184,0.08879531307,,,,,,,,,,,0.087755102,0.047830923
939,0.90816327,0.11664482,0.9775510204,0.09329957148,0.9897959184,0.08881157297,,,,,,,,,,,0.087755102,0.047884187
940,0.90816327,0.11667541,0.9775510204,0.09333593141,0.9897959184,0.08882783883,,,,,,,,,,,0.087755102,0.04793757
941,0.90816327,0.11670601,0.9775510204,0.093354122,0.9897959184,0.08884411064,,,,,,,,,,,0.087755102,0.047991071
942,0.90816327,0.11673662,0.9775510204,0.09340873635,0.9897959184,0.08886038842,,,,,,,,,,,0.087755102,0.048044693
943,0.90816327,0.11676725,0.9775510204,0.09342695533,0.9897959184,0.08887667216,,,,,,,,,,,0.087755102,0.048098434
944,0.90816327,0.1167979,0.9775510204,0.09344518143,0.9897959184,0.08889296188,,,,,,,,,,,0.087755102,0.048152296
945,0.90816327,0.11682856,0.9775510204,0.09346341463,0.9897959184,0.08890925756,,,,,,,,,,,0.087755102,0.048206278
946,0.90816327,0.11685924,0.9775510204,0.09348165496,0.9897959184,0.08892555922,,,,,,,,,,,0.087755102,0.048260382
947,0.90816327,0.11688994,0.9775510204,0.09351815697,0.9897959184,0.08894186686,,,,,,,,,,,0.087755102,0.048314607
948,0.90816327,0.11692065,0.9775510204,0.09353641867,0.9897959184,0.08895818048,,,,,,,,,,,0.087755102,0.048368954
949,0.90816327,0.11695138,0.9775510204,0.0935546875,0.9897959184,0.08897450009,,,,,,,,,,,0.087755102,0.048423423
950,0.90816327,0.11698212,0.9775510204,0.09357296347,0.9897959184,0.08899082569,,,,,,,,,,,0.087755102,0.048478016
951,0.90816327,0.11704366,0.9775510204,0.09359124658,0.9897959184,0.08900715728,,,,,,,,,,,0.087755102,0.048532731
952,0.90816327,0.11707445,0.9775510204,0.09360953684,0.9897959184,0.08902349486,,,,,,,,,,,0.087755102,0.048587571
953,0.90816327,0.11710526,0.9775510204,0.09362783425,0.9897959184,0.08903983844,,,,,,,,,,,0.087755102,0.048642534
954,0.90816327,0.11713609,0.9775510204,0.09364613881,0.9897959184,0.08905618803,,,,,,,,,,,0.087755102,0.048697622
955,0.90816327,0.11716693,0.9775510204,0.09368276941,0.9897959184,0.08907254362,,,,,,,,,,,0.087755102,0.048752834
956,0.90816327,0.11719779,0.9775510204,0.09370109546,0.9897959184,0.08908890522,,,,,,,,,,,0.087755102,0.048808173
957,0.90816327,0.11722866,0.9775510204,0.09371942868,0.9897959184,0.08910527283,,,,,,,,,,,0.087755102,0.048863636
958,0.90612245,0.11699605,0.9775510204,0.09373776908,0.9897959184,0.08912164645,,,,,,,,,,,0.087755102,0.048919226
959,0.90612245,0.11702688,0.9775510204,0.09375611666,0.9897959184,0.0891380261,,,,,,,,,,,0.087755102,0.048974943
960,0.90612245,0.11705774,0.9775510204,0.09377447142,0.9897959184,0.08915441176,,,,,,,,,,,0.087755102,0.049030787
961,0.90612245,0.11708861,0.9775510204,0.09379283337,0.9897959184,0.08917080346,,,,,,,,,,,0.087755102,0.049086758
962,0.90612245,0.11711949,0.9775510204,0.09382957884,0.9897959184,0.08918720118,,,,,,,,,,,0.087755102,0.049142857
963,0.90612245,0.1171504,0.9775510204,0.09384796238,0.9897959184,0.08920360493,,,,,,,,,,,0.087755102,0.049199085
964,0.90612245,0.11718131,0.9775510204,0.09386635313,0.9897959184,0.08922001472,,,,,,,,,,,0.087755102,0.049255441
965,0.90612245,0.1172432,0.9775510204,0.09388475108,0.9897959184,0.08923643054,,,,,,,,,,,0.087755102,0.049311927
966,0.90612245,0.11730515,0.9775510204,0.09390315624,0.9897959184,0.08925285241,,,,,,,,,,,0.087755102,0.049368542
967,0.90612245,0.11733615,0.9775510204,0.09392156863,0.9897959184,0.08926928032,,,,,,,,,,,0.087755102,0.049425287
968,0.90612245,0.11736717,0.9775510204,0.09393998823,0.9897959184,0.08928571429,,,,,,,,,,,0.087755102,0.049482163
969,0.90612245,0.11742925,0.9775510204,0.09395841506,0.9897959184,0.0893021543,,,,,,,,,,,0.087755102,0.049539171
970,0.90612245,0.11746032,0.9775510204,0.09397684913,0.9897959184,0.08931860037,,,,,,,,,,,0.085714286,0.048442907
971,0.90612245,0.1175225,0.9775510204,0.09401373896,0.9897959184,0.0893350525,,,,,,,,,,,0.085714286,0.048498845
972,0.90612245,0.11755361,0.9775510204,0.09403219474,0.9897959184,0.08935151069,,,,,,,,,,,0.085714286,0.048554913
973,0.90612245,0.11758475,0.9775510204,0.09405065777,0.9897959184,0.08936797494,,,,,,,,,,,0.085714286,0.048611111
974,0.90612245,0.11761589,0.9775510204,0.09406912804,0.9897959184,0.08938444526,,,,,,,,,,,0.085714286,0.048667439
975,0.90612245,0.11767824,0.9775510204,0.09408760558,0.9897959184,0.08940092166,,,,,,,,,,,0.085714286,0.048723898
976,0.90612245,0.11770944,0.9755102041,0.09390962672,0.9897959184,0.08941740413,,,,,,,,,,,0.083673469,0.047619048
977,0.90612245,0.11774065,0.9755102041,0.09392808017,0.9897959184,0.08943389268,,,,,,,,,,,0.083673469,0.047674419
978,0.90612245,0.11777188,0.9755102041,0.09394654088,0.9897959184,0.08945038731,,,,,,,,,,,0.081632653,0.046565774
979,0.90612245,0.11780313,0.9755102041,0.09396500885,0.9897959184,0.08946688803,,,,,,,,,,,0.081632653,0.046620047
980,0.90612245,0.11786568,0.9755102041,0.09398348407,0.9897959184,0.08948339483,,,,,,,,,,,0.081632653,0.046674446
981,0.90612245,0.11789697,0.9755102041,0.09400196657,0.9897959184,0.08949990773,,,,,,,,,,,0.081632653,0.046728972
982,0.90612245,0.11792829,0.9755102041,0.09403895337,0.9897959184,0.08951642673,,,,,,,,,,,0.081632653,0.046783626
983,0.90612245,0.11795962,0.9755102041,0.09405745769,0.9897959184,0.08953295182,,,,,,,,,,,0.081632653,0.046838407
984,0.90612245,0.11799096,0.9755102041,0.0940759693,0.9897959184,0.08954948301,,,,,,,,,,,0.081632653,0.046893318
985,0.90612245,0.11808511,0.9755102041,0.09409448819,0.9897959184,0.08956602031,,,,,,,,,,,0.081632653,0.046948357
986,0.90612245,0.11811652,0.9755102041,0.09411301437,0.9897959184,0.08958256372,,,,,,,,,,,0.079591837,0.045828437
987,0.90612245,0.11814795,0.9755102041,0.09413154785,0.9897959184,0.08959911325,,,,,,,,,,,0.079591837,0.045882353
988,0.90612245,0.11824234,0.9755102041,0.09415008864,0.9897959184,0.08961566888,,,,,,,,,,,0.079591837,0.045936396
989,0.90612245,0.11827384,0.9755102041,0.09416863672,0.9897959184,0.08963223064,,,,,,,,,,,0.079591837,0.045990566
990,0.90612245,0.11830536,0.9755102041,0.09418719212,0.9897959184,0.08964879852,,,,,,,,,,,0.079591837,0.046044864
991,0.90612245,0.11833689,0.9755102041,0.09420575483,0.9897959184,0.08966537253,,,,,,,,,,,0.079591837,0.046099291
992,0.90612245,0.11836844,0.9755102041,0.09422432486,0.9897959184,0.08968195266,,,,,,,,,,,0.079591837,0.046153846
993,0.90612245,0.1184,0.9755102041,0.09424290221,0.9897959184,0.08969853893,,,,,,,,,,,0.079591837,0.046208531
994,0.90612245,0.11843158,0.9755102041,0.09426148689,0.9897959184,0.08971513134,,,,,,,,,,,0.079591837,0.046263345
995,0.90612245,0.1184948,0.9755102041,0.0942800789,0.9897959184,0.08973172988,,,,,,,,,,,0.079591837,0.04631829
996,0.90612245,0.11852643,0.9755102041,0.09429867824,0.987755102,0.08956328645,,,,,,,,,,,0.079591837,0.046373365
997,0.90612245,0.11855808,0.9755102041,0.09431728493,0.987755102,0.08957986304,,,,,,,,,,,0.079591837,0.046428571
998,0.90612245,0.11862143,0.9755102041,0.09433589895,0.987755102,0.08959644576,,,,,,,,,,,0.079591837,0.046483909
999,0.90612245,0.11865313,0.9755102041,0.09435452033,0.987755102,0.08961303462,,,,,,,,,,,0.079591837,0.046539379
1000,0.90612245,0.11868484,0.9755102041,0.09437314906,0.987755102,0.08962962963,,,,,,,,,,,0.079591837,0.046594982
1001,0.90612245,0.11871658,0.9755102041,0.09439178515,0.987755102,0.08964623078,,,,,,,,,,,0.07755102,0.045454545
1002,0.90612245,0.11874833,0.9755102041,0.0944104286,0.987755102,0.08966283809,,,,,,,,,,,0.07755102,0.045508982
1003,0.90612245,0.1187801,0.9755102041,0.09442907942,0.987755102,0.08967945155,,,,,,,,,,,0.07755102,0.045563549
1004,0.90612245,0.11881188,0.9755102041,0.0944477376,0.987755102,0.08969607116,,,,,,,,,,,0.07755102,0.045618247
1005,0.90612245,0.1188755,0.9734693878,0.09428740858,0.987755102,0.08971269694,,,,,,,,,,,0.07755102,0.045673077
1006,0.90612245,0.11893919,0.9734693878,0.09430604982,0.987755102,0.08972932888,,,,,,,,,,,0.07755102,0.045728039
1007,0.90612245,0.11897106,0.9734693878,0.09432469844,0.987755102,0.08974596699,,,,,,,,,,,0.07755102,0.045783133
1008,0.90612245,0.11900295,0.9734693878,0.09434335443,0.987755102,0.08976261128,,,,,,,,,,,0.07755102,0.045838359
1009,0.90612245,0.11903485,0.9734693878,0.0943620178,0.987755102,0.08977926173,,,,,,,,,,,0.07755102,0.04589372
1010,0.90612245,0.11906677,0.9734693878,0.09438068856,0.987755102,0.08979591837,,,,,,,,,,,0.07755102,0.045949214
1011,0.90612245,0.11909871,0.9734693878,0.09439936671,0.987755102,0.08981258118,,,,,,,,,,,0.07755102,0.046004843
1012,0.90612245,0.11913067,0.9734693878,0.0944367452,0.987755102,0.08982925019,,,,,,,,,,,0.07755102,0.046060606
1013,0.90612245,0.11919463,0.9734693878,0.09445544554,0.987755102,0.08984592538,,,,,,,,,,,0.07755102,0.046116505
1014,0.90612245,0.11922664,0.9734693878,0.0944741533,0.987755102,0.08986260676,,,,,,,,,,,0.07755102,0.046172539
1015,0.90612245,0.11925866,0.9734693878,0.09449286846,0.987755102,0.08987929434,,,,,,,,,,,0.07755102,0.04622871
1016,0.90612245,0.1192907,0.9734693878,0.09453032105,0.987755102,0.08989598811,,,,,,,,,,,0.07755102,0.046285018
1017,0.90612245,0.11932276,0.9734693878,0.09454905847,0.987755102,0.08991268809,,,,,,,,,,,0.07755102,0.046341463
1018,0.90612245,0.11935484,0.9734693878,0.09456780333,0.987755102,0.08992939428,,,,,,,,,,,0.075510204,0.045177045
1019,0.90612245,0.11938693,0.9734693878,0.09458655562,0.987755102,0.08994610667,,,,,,,,,,,0.075510204,0.045232274
1020,0.90612245,0.11941904,0.9734693878,0.09462408252,0.987755102,0.08996282528,,,,,,,,,,,0.075510204,0.045287638
1021,0.90612245,0.11945117,0.9734693878,0.09464285714,0.9857142857,0.08979364194,,,,,,,,,,,0.075510204,0.045343137
1022,0.90612245,0.11948332,0.9734693878,0.09466163921,0.9857142857,0.08981033842,,,,,,,,,,,0.075510204,0.045398773
1023,0.90612245,0.11951548,0.9734693878,0.09469922573,0.9857142857,0.0898270411,,,,,,,,,,,0.075510204,0.045454545
1024,0.90612245,0.11954766,0.9734693878,0.09471803018,0.9857142857,0.08984375,,,,,,,,,,,0.075510204,0.045510455
1025,0.90612245,0.11957985,0.9714285714,0.09453823237,0.9857142857,0.08986046512,,,,,,,,,,,0.075510204,0.045566502
1026,0.90612245,0.11961207,0.9714285714,0.09455701232,0.9857142857,0.08987718645,,,,,,,,,,,0.075510204,0.045622688
1027,0.90612245,0.1196443,0.9714285714,0.09457579972,0.9857142857,0.08989391401,,,,,,,,,,,0.075510204,0.045679012
1028,0.90612245,0.11967655,0.9714285714,0.09459459459,0.9857142857,0.0899106478,,,,,,,,,,,0.075510204,0.045735476
1029,0.90612245,0.11970882,0.9714285714,0.09463220676,0.9857142857,0.08992738782,,,,,,,,,,,0.075510204,0.045792079
1030,0.90408163,0.11947141,0.9714285714,0.09465102406,0.9857142857,0.08994413408,,,,,,,,,,,0.073469388,0.044609665
1031,0.90408163,0.11956815,0.9714285714,0.09466984885,0.9857142857,0.08996088657,,,,,,,,,,,0.073469388,0.044665012
1032,0.90408163,0.11969738,0.9714285714,0.09468868112,0.9857142857,0.08997764531,,,,,,,,,,,0.073469388,0.044720497
1033,0.90408163,0.11972973,0.9714285714,0.09470752089,0.9857142857,0.08999441029,,,,,,,,,,,0.073469388,0.044776119
1034,0.90408163,0.1197621,0.9714285714,0.09472636816,0.9857142857,0.09001118151,,,,,,,,,,,0.073469388,0.04483188
1035,0.90408163,0.11979448,0.9714285714,0.09474522293,0.9857142857,0.09002795899,,,,,,,,,,,0.073469388,0.044887781
1036,0.90408163,0.11982689,0.9714285714,0.09476408521,0.9857142857,0.09004474273,,,,,,,,,,,0.073469388,0.04494382
1037,0.90408163,0.1199242,0.9714285714,0.0948018323,0.9857142857,0.09006153272,,,,,,,,,,,0.071428571,0.04375
1038,0.90408163,0.11995667,0.9714285714,0.09482071713,0.9857142857,0.09007832898,,,,,,,,,,,0.071428571,0.043804756
1039,0.90204082,0.1197832,0.9714285714,0.09483960948,0.9857142857,0.09009513151,,,,,,,,,,,0.071428571,0.043859649
1040,0.90204082,0.11981567,0.9693877551,0.09465922678,0.9857142857,0.0901119403,,,,,,,,,,,0.071428571,0.04391468
1041,0.90204082,0.11984816,0.9693877551,0.09467809448,0.9857142857,0.09012875536,,,,,,,,,,,0.071428571,0.043969849
1042,0.90204082,0.11991319,0.9693877551,0.0946969697,0.9857142857,0.09014557671,,,,,,,,,,,0.071428571,0.044025157
1043,0.90204082,0.11994573,0.9693877551,0.09471585244,0.9857142857,0.09016240433,,,,,,,,,,,0.071428571,0.044080605
1044,0.90204082,0.12001086,0.9693877551,0.09473474272,0.9857142857,0.09017923824,,,,,,,,,,,0.071428571,0.044136192
1045,0.90204082,0.12004345,0.9693877551,0.09475364053,0.9857142857,0.09019607843,,,,,,,,,,,0.071428571,0.044191919
1046,0.90204082,0.12007607,0.9693877551,0.09477254589,0.9857142857,0.09021292492,,,,,,,,,,,0.071428571,0.044247788
1047,0.90204082,0.1201087,0.9693877551,0.09481037924,0.9857142857,0.09022977769,,,,,,,,,,,0.071428571,0.044303797
1048,0.90204082,0.12017401,0.9693877551,0.09482930725,0.9857142857,0.09024663677,,,,,,,,,,,0.071428571,0.044359949
1049,0.90204082,0.12023939,0.9693877551,0.09484824281,0.9857142857,0.09026350215,,,,,,,,,,,0.071428571,0.044416244
1050,0.90204082,0.12027211,0.9693877551,0.09486718594,0.9857142857,0.09028037383,,,,,,,,,,,0.071428571,0.044472681
1051,0.9,0.12009804,0.9693877551,0.09488613664,0.9857142857,0.09029725182,,,,,,,,,,,0.071428571,0.044529262
1052,0.9,0.12013075,0.9693877551,0.09492406075,0.9857142857,0.09031413613,,,,,,,,,,,0.071428571,0.044585987
1053,0.9,0.12016349,0.9693877551,0.09496201519,0.9857142857,0.09033102674,,,,,,,,,,,0.071428571,0.044642857
1054,0.9,0.12019624,0.9693877551,0.0949810038,0.9857142857,0.09034792368,,,,,,,,,,,0.071428571,0.044699872
1055,0.9,0.12022901,0.9693877551,0.095,0.9857142857,0.09036482694,,,,,,,,,,,0.071428571,0.044757033
1056,0.9,0.12026179,0.9693877551,0.0950190038,0.9857142857,0.09038173653,,,,,,,,,,,0.071428571,0.044814341
1057,0.9,0.1202946,0.9693877551,0.09503801521,0.9857142857,0.09039865244,,,,,,,,,,,0.071428571,0.044871795
1058,0.9,0.12032742,0.9693877551,0.09505703422,0.9857142857,0.09041557469,,,,,,,,,,,0.071428571,0.044929397
1059,0.9,0.12036026,0.9693877551,0.09507606085,0.9857142857,0.09043250328,,,,,,,,,,,0.071428571,0.044987147
1060,0.9,0.12039312,0.9693877551,0.0950950951,0.9857142857,0.0904494382,,,,,,,,,,,0.071428571,0.045045045
1061,0.9,0.120426,0.9693877551,0.09511413696,0.9857142857,0.09046637947,,,,,,,,,,,0.071428571,0.045103093
1062,0.9,0.12045889,0.9693877551,0.09513318646,0.9857142857,0.09048332709,,,,,,,,,,,0.071428571,0.04516129
1063,0.9,0.12052473,0.9693877551,0.09515224359,0.9857142857,0.09050028106,,,,,,,,,,,0.071428571,0.045219638
1064,0.9,0.12059065,0.9693877551,0.09517130836,0.9857142857,0.09051724138,,,,,,,,,,,0.071428571,0.045278137
1065,0.9,0.12062363,0.9693877551,0.09519038076,0.9857142857,0.09053420806,,,,,,,,,,,0.071428571,0.045336788
1066,0.9,0.12065663,0.9693877551,0.09520946081,0.9857142857,0.0905511811,,,,,,,,,,,0.071428571,0.04539559
1067,0.9,0.12068966,0.9693877551,0.09522854852,0.9857142857,0.09056816051,,,,,,,,,,,0.071428571,0.045454545
1068,0.9,0.12072269,0.9693877551,0.09524764387,0.9857142857,0.09058514629,,,,,,,,,,,0.071428571,0.045513654
1069,0.9,0.12075575,0.9693877551,0.09526674689,0.9857142857,0.09060213844,,,,,,,,,,,0.071428571,0.045572917
1070,0.9,0.12078882,0.9693877551,0.09528585757,0.9857142857,0.09061913696,,,,,,,,,,,0.071428571,0.045632334
1071,0.9,0.12082192,0.9693877551,0.09530497592,0.9857142857,0.09063614187,,,,,,,,,,,0.071428571,0.045691906
1072,0.9,0.12085503,0.9693877551,0.09534323565,0.9857142857,0.09065315315,,,,,,,,,,,0.071428571,0.045751634
1073,0.9,0.12088816,0.9693877551,0.0953815261,0.9857142857,0.09067017083,,,,,,,,,,,0.071428571,0.045811518
1074,0.9,0.12095447,0.9693877551,0.09540068287,0.9857142857,0.09068719489,,,,,,,,,,,0.071428571,0.04587156
1075,0.89795918,0.12081274,0.9693877551,0.09541984733,0.9857142857,0.09070422535,,,,,,,,,,,0.069387755,0.044619423
1076,0.89795918,0.12084592,0.9693877551,0.09543901949,0.9857142857,0.09072126221,,,,,,,,,,,0.069387755,0.044678055
1077,0.89795918,0.12087912,0.9693877551,0.09545819936,0.9857142857,0.09073830547,,,,,,,,,,,0.069387755,0.044736842
1078,0.89795918,0.12091234,0.9693877551,0.09547738693,0.9857142857,0.09075535513,,,,,,,,,,,0.069387755,0.044795784
1079,0.89795918,0.12094557,0.9673469388,0.09529553679,0.9857142857,0.0907724112,,,,,,,,,,,0.069387755,0.044854881
1080,0.89795918,0.12097883,0.9673469388,0.09533386967,0.9857142857,0.09078947368,,,,,,,,,,,0.069387755,0.044914135
1081,0.89795918,0.1210121,0.9673469388,0.09535304768,0.9857142857,0.09080654258,,,,,,,,,,,0.069387755,0.044973545
1082,0.89795918,0.12104539,0.9673469388,0.0953722334,0.9857142857,0.0908236179,,,,,,,,,,,0.069387755,0.045033113
1083,0.89795918,0.12114537,0.9673469388,0.09539142685,0.9857142857,0.09084069964,,,,,,,,,,,0.069387755,0.045092838
1084,0.89591837,0.12090333,0.9673469388,0.09541062802,0.9857142857,0.09085778781,,,,,,,,,,,0.069387755,0.045152722
1085,0.89591837,0.12093664,0.9673469388,0.09544905356,0.9857142857,0.09087488241,,,,,,,,,,,0.069387755,0.045212766
1086,0.89591837,0.12096996,0.9673469388,0.09546827795,0.9857142857,0.09089198344,,,,,,,,,,,0.069387755,0.045272969
1087,0.89183673,0.12048525,0.9673469388,0.09548751007,0.9857142857,0.09090909091,,,,,,,,,,,0.069387755,0.045333333
1088,0.89183673,0.12051848,0.9673469388,0.09550674995,0.9857142857,0.09092620482,,,,,,,,,,,0.069387755,0.045393858
1089,0.89183673,0.12055172,0.9673469388,0.09552599758,0.9857142857,0.09094332517,,,,,,,,,,,0.069387755,0.045454545
1090,0.89183673,0.12058499,0.9673469388,0.09554525297,0.9857142857,0.09096045198,,,,,,,,,,,0.069387755,0.045515395
1091,0.89183673,0.12061827,0.9673469388,0.09556451613,0.9857142857,0.09097758523,,,,,,,,,,,0.069387755,0.045576408
1092,0.89183673,0.12065157,0.9673469388,0.09558378705,0.9857142857,0.09099472494,,,,,,,,,,,0.069387755,0.045637584
1093,0.89183673,0.12068489,0.9673469388,0.09560306575,0.9857142857,0.09101187111,,,,,,,,,,,0.069387755,0.045698925
1094,0.89183673,0.12071823,0.9673469388,0.09562235223,0.9857142857,0.09102902375,,,,,,,,,,,0.069387755,0.045760431
1095,0.89183673,0.12075159,0.9673469388,0.09564164649,0.9857142857,0.09104618285,,,,,,,,,,,0.069387755,0.045822102
1096,0.89183673,0.12078496,0.9673469388,0.09566094854,0.9857142857,0.09106334842,,,,,,,,,,,0.069387755,0.045883941
1097,0.89183673,0.12085177,0.9673469388,0.09569957601,0.9857142857,0.09108052046,,,,,,,,,,,0.069387755,0.045945946
1098,0.89183673,0.1208852,0.9673469388,0.09571890145,0.9857142857,0.09109769898,,,,,,,,,,,0.069387755,0.046008119
1099,0.89183673,0.12091865,0.9673469388,0.0957382347,0.9857142857,0.09111488398,,,,,,,,,,,0.069387755,0.046070461
1100,0.89183673,0.12095212,0.9673469388,0.09575757576,0.9857142857,0.09113207547,,,,,,,,,,,0.069387755,0.046132972
1101,0.89183673,0.1209856,0.9673469388,0.09577692463,0.9857142857,0.09114927345,,,,,,,,,,,0.069387755,0.046195652
1102,0.88979592,0.12074218,0.9673469388,0.09581564585,0.9857142857,0.09116647792,,,,,,,,,,,0.069387755,0.046258503
1103,0.88979592,0.12077562,0.9673469388,0.0958350182,0.9857142857,0.09118368888,,,,,,,,,,,0.069387755,0.046321526
1104,0.88979592,0.12084257,0.9673469388,0.09585439838,0.9857142857,0.09120090634,,,,,,,,,,,0.069387755,0.04638472
1105,0.88979592,0.12087607,0.9673469388,0.09587378641,0.9857142857,0.09121813031,,,,,,,,,,,0.069387755,0.046448087
1106,0.88979592,0.1209096,0.9673469388,0.09589318228,0.9857142857,0.09123536079,,,,,,,,,,,0.069387755,0.046511628
1107,0.88979592,0.12097669,0.9673469388,0.095912586,0.9857142857,0.09125259777,,,,,,,,,,,0.069387755,0.046575342
1108,0.88979592,0.12101027,0.9673469388,0.09593199757,0.9857142857,0.09126984127,,,,,,,,,,,0.067346939,0.04526749
1109,0.88979592,0.12104386,0.9673469388,0.095951417,0.9857142857,0.09128709129,,,,,,,,,,,0.067346939,0.04532967
1110,0.88979592,0.12107748,0.9673469388,0.0959708443,0.9857142857,0.09130434783,,,,,,,,,,,0.067346939,0.045392022
1111,0.88979592,0.12111111,0.9673469388,0.09599027947,0.9857142857,0.09132161089,,,,,,,,,,,0.067346939,0.045454545
1112,0.88979592,0.12114476,0.9673469388,0.0960097225,0.9857142857,0.09133888048,,,,,,,,,,,0.067346939,0.045517241
1113,0.88979592,0.12117843,0.9653061224,0.09582658023,0.9857142857,0.09135615661,,,,,,,,,,,0.067346939,0.04558011
1114,0.88979592,0.12121212,0.9653061224,0.09584599797,0.9857142857,0.09137343927,,,,,,,,,,,0.067346939,0.045643154
1115,0.8877551,0.12096774,0.9653061224,0.09586542359,0.9857142857,0.09139072848,,,,,,,,,,,0.067346939,0.045706371
1116,0.8877551,0.12100139,0.9653061224,0.09588485708,0.9857142857,0.09140802422,,,,,,,,,,,0.067346939,0.045769764
1117,0.88571429,0.12075682,0.9653061224,0.09590429846,0.9857142857,0.09142532652,,,,,,,,,,,0.067346939,0.045833333
1118,0.88571429,0.12079043,0.9653061224,0.09592374772,0.9857142857,0.09144263537,,,,,,,,,,,0.067346939,0.045897079
1119,0.88571429,0.12082405,0.9653061224,0.09594320487,0.9857142857,0.09145995077,,,,,,,,,,,0.067346939,0.045961003
1120,0.88571429,0.1208577,0.9653061224,0.09596266991,0.9857142857,0.09147727273,,,,,,,,,,,0.067346939,0.046025105
1121,0.88571429,0.12089136,0.9632653061,0.09577922078,0.9857142857,0.09149460125,,,,,,,,,,,0.067346939,0.046089385
1122,0.88571429,0.12092505,0.9632653061,0.09579866044,0.9857142857,0.09151193634,,,,,,,,,,,0.067346939,0.046153846
1123,0.88571429,0.12095875,0.9632653061,0.095818108,0.9857142857,0.091529278,,,,,,,,,,,0.067346939,0.046218487
1124,0.88571429,0.12099247,0.9632653061,0.09583756345,0.9857142857,0.09154662623,,,,,,,,,,,0.067346939,0.04628331
1125,0.88571429,0.12102621,0.9632653061,0.09585702681,0.9857142857,0.09156398104,,,,,,,,,,,0.067346939,0.046348315
1126,0.88571429,0.12105997,0.9632653061,0.09587649807,0.9857142857,0.09158134243,,,,,,,,,,,0.065306122,0.045007032
1127,0.88571429,0.12109375,0.9632653061,0.09589597725,0.9857142857,0.09159871041,,,,,,,,,,,0.065306122,0.045070423
1128,0.88571429,0.12112755,0.9632653061,0.09591546434,0.9857142857,0.09161608498,,,,,,,,,,,0.063265306,0.043723554
1129,0.88571429,0.12116136,0.9632653061,0.09593495935,0.9857142857,0.09163346614,,,,,,,,,,,0.063265306,0.043785311
1130,0.88571429,0.1211952,0.9632653061,0.09595446229,0.9857142857,0.09165085389,,,,,,,,,,,0.063265306,0.043847242
1131,0.88571429,0.12122905,0.9612244898,0.09577063847,0.9857142857,0.09166824824,,,,,,,,,,,0.063265306,0.043909348
1132,0.88571429,0.12126292,0.9612244898,0.09579011592,0.9857142857,0.0916856492,,,,,,,,,,,0.063265306,0.043971631
1133,0.88571429,0.12129681,0.9612244898,0.0958096013,0.9857142857,0.09170305677,,,,,,,,,,,0.063265306,0.044034091
1134,0.88571429,0.12133072,0.9612244898,0.09582909461,0.9857142857,0.09172047095,,,,,,,,,,,0.063265306,0.044096728
1135,0.88571429,0.12136465,0.9612244898,0.09584859585,0.9857142857,0.09173789174,,,,,,,,,,,0.063265306,0.044159544
1136,0.88571429,0.1213986,0.9612244898,0.09586810503,0.9857142857,0.09175531915,,,,,,,,,,,0.063265306,0.044222539
1137,0.88571429,0.12143257,0.9612244898,0.09588762215,0.9857142857,0.09177275318,,,,,,,,,,,0.063265306,0.044285714
1138,0.88571429,0.12146655,0.9612244898,0.09590714722,0.9857142857,0.09179019384,,,,,,,,,,,0.063265306,0.04434907
1139,0.88571429,0.12150056,0.9612244898,0.09594622123,0.9857142857,0.09180764113,,,,,,,,,,,0.063265306,0.044412607
1140,0.88571429,0.12153458,0.9612244898,0.09598532708,0.9857142857,0.09182509506,,,,,,,,,,,0.063265306,0.044476327
1141,0.88571429,0.12156863,0.9612244898,0.09600489197,0.9857142857,0.09184255562,,,,,,,,,,,0.063265306,0.04454023
1142,0.88571429,0.12160269,0.9612244898,0.09602446483,0.9857142857,0.09186002282,,,,,,,,,,,0.063265306,0.044604317
1143,0.88571429,0.12163677,0.9612244898,0.09606363451,0.9857142857,0.09187749667,,,,,,,,,,,0.063265306,0.044733045
1144,0.88571429,0.12167087,0.9612244898,0.09608323133,0.9857142857,0.09189497717,,,,,,,,,,,0.063265306,0.044797688
1145,0.88571429,0.12170499,0.9612244898,0.09610283616,0.9857142857,0.09191246432,,,,,,,,,,,0.063265306,0.044862518
1146,0.88571429,0.12173913,0.9612244898,0.09612244898,0.9857142857,0.09192995813,,,,,,,,,,,0.063265306,0.044927536
1147,0.88571429,0.12177329,0.9612244898,0.09614206981,0.9857142857,0.0919474586,,,,,,,,,,,0.063265306,0.044992743
1148,0.88571429,0.12180747,0.9612244898,0.09616169865,0.9857142857,0.09196496573,,,,,,,,,,,0.063265306,0.04505814
1149,0.88571429,0.12184166,0.9612244898,0.09618133551,0.9857142857,0.09198247953,,,,,,,,,,,0.063265306,0.045123726
1150,0.88571429,0.12187588,0.9612244898,0.09620098039,0.9857142857,0.092,,,,,,,,,,,0.063265306,0.045189504
1151,0.88571429,0.12191011,0.9612244898,0.0962206333,0.9857142857,0.09201752715,,,,,,,,,,,0.063265306,0.045255474
1152,0.88571429,0.12194437,0.9612244898,0.09624029424,0.9857142857,0.09203506098,,,,,,,,,,,0.063265306,0.045321637
1153,0.88571429,0.12197864,0.9612244898,0.09625996321,0.9857142857,0.09205260149,,,,,,,,,,,0.063265306,0.045387994
1154,0.88571429,0.12201293,0.9612244898,0.09627964023,0.9857142857,0.09207014868,,,,,,,,,,,0.063265306,0.045454545
1155,0.88571429,0.12204724,0.9612244898,0.09629932529,0.9857142857,0.09208770257,,,,,,,,,,,0.063265306,0.045521292
1156,0.88571429,0.12208158,0.9612244898,0.0963190184,0.9857142857,0.09210526316,,,,,,,,,,,0.063265306,0.045588235
1157,0.88571429,0.12211593,0.9612244898,0.09633871957,0.9857142857,0.09212283044,,,,,,,,,,,0.063265306,0.045655376
1158,0.88571429,0.1221503,0.9612244898,0.09635842881,0.9857142857,0.09214040443,,,,,,,,,,,0.063265306,0.045722714
1159,0.88571429,0.12218468,0.9612244898,0.0963781461,0.9857142857,0.09215798512,,,,,,,,,,,0.063265306,0.045790251
1160,0.88571429,0.12225352,0.9612244898,0.09639787147,0.9857142857,0.09217557252,,,,,,,,,,,0.063265306,0.045857988
1161,0.88571429,0.12228797,0.9612244898,0.09641760491,0.9857142857,0.09219316663,,,,,,,,,,,0.063265306,0.045925926
1162,0.88571429,0.12232244,0.9612244898,0.09643734644,0.9857142857,0.09221076747,,,,,,,,,,,0.063265306,0.045994065
1163,0.88571429,0.12239143,0.9612244898,0.09645709605,0.9857142857,0.09222837502,,,,,,,,,,,0.063265306,0.046062407
1164,0.88571429,0.12242595,0.9612244898,0.09647685375,0.9857142857,0.0922459893,,,,,,,,,,,0.063265306,0.046130952
1165,0.88367347,0.12217833,0.9612244898,0.09649661955,0.9857142857,0.09226361032,,,,,,,,,,,0.063265306,0.046199702
1166,0.88367347,0.12221281,0.9612244898,0.09651639344,0.9857142857,0.09228123806,,,,,,,,,,,0.063265306,0.046268657
1167,0.88367347,0.12224732,0.9612244898,0.09653617545,0.9857142857,0.09229887254,,,,,,,,,,,0.063265306,0.046337818
1168,0.88367347,0.12228184,0.9612244898,0.09655596556,0.9857142857,0.09231651376,,,,,,,,,,,0.063265306,0.046407186
1169,0.88367347,0.12231638,0.9612244898,0.09657576379,0.9857142857,0.09233416173,,,,,,,,,,,0.063265306,0.046476762
1170,0.88367347,0.12242013,0.9612244898,0.09659557014,0.9857142857,0.09235181644,,,,,,,,,,,0.063265306,0.046546547
1171,0.88367347,0.12245475,0.9612244898,0.09661538462,0.9857142857,0.09236947791,,,,,,,,,,,0.063265306,0.046616541
1172,0.88367347,0.12252405,0.9612244898,0.09663520722,0.9857142857,0.09238714614,,,,,,,,,,,0.063265306,0.046686747
1173,0.88367347,0.12255873,0.9612244898,0.09665503796,0.9857142857,0.09240482112,,,,,,,,,,,0.063265306,0.046757164
1174,0.88367347,0.12259343,0.9612244898,0.09667487685,0.9857142857,0.09242250287,,,,,,,,,,,0.063265306,0.046827795
1175,0.88367347,0.12262815,0.9612244898,0.09669472388,0.9857142857,0.09244019139,,,,,,,,,,,0.06122449,0.045385779
1176,0.88163265,0.1223796,0.9612244898,0.09671457906,0.9857142857,0.09245788668,,,,,,,,,,,0.06122449,0.045454545
1177,0.88163265,0.12241428,0.9612244898,0.09673444239,0.9857142857,0.09247558874,,,,,,,,,,,0.06122449,0.04552352
1178,0.88163265,0.12244898,0.9612244898,0.09675431389,0.9857142857,0.09249329759,,,,,,,,,,,0.06122449,0.045592705
1179,0.88163265,0.1224837,0.9612244898,0.09677419355,0.9857142857,0.09251101322,,,,,,,,,,,0.06122449,0.0456621
1180,0.88163265,0.12251843,0.9612244898,0.09679408138,0.9857142857,0.09252873563,,,,,,,,,,,0.06122449,0.045731707
1181,0.88163265,0.12255319,0.9612244898,0.09681397739,0.9857142857,0.09254646484,,,,,,,,,,,0.06122449,0.045801527
1182,0.88163265,0.12258797,0.9612244898,0.09683388158,0.9857142857,0.09256420084,,,,,,,,,,,0.06122449,0.04587156
1183,0.87959184,0.12237365,0.9612244898,0.09685379395,0.9857142857,0.09258194365,,,,,,,,,,,0.06122449,0.045941807
1184,0.87959184,0.12240841,0.9612244898,0.09687371452,0.9857142857,0.09259969325,,,,,,,,,,,0.06122449,0.04601227
1185,0.87959184,0.12244318,0.9612244898,0.09689364328,0.9857142857,0.09261744966,,,,,,,,,,,0.06122449,0.046082949
1186,0.87959184,0.12247798,0.9612244898,0.09691358025,0.9857142857,0.09263521289,,,,,,,,,,,0.06122449,0.046153846
1187,0.87959184,0.12251279,0.9612244898,0.09693352542,0.9857142857,0.09265298293,,,,,,,,,,,0.06122449,0.046224961
1188,0.87959184,0.12254763,0.9612244898,0.0969534788,0.9857142857,0.09267075979,,,,,,,,,,,0.06122449,0.046296296
1189,0.87959184,0.12258248,0.9612244898,0.0969734404,0.9857142857,0.09268854347,,,,,,,,,,,0.06122449,0.046367852
1190,0.87959184,0.12261735,0.9612244898,0.09699341021,0.9857142857,0.09270633397,,,,,,,,,,,0.06122449,0.046439628
1191,0.87959184,0.12265225,0.9612244898,0.09701338826,0.9857142857,0.09272413131,,,,,,,,,,,0.06122449,0.046511628
1192,0.87959184,0.12268716,0.9612244898,0.09703337454,0.9857142857,0.09274193548,,,,,,,,,,,0.06122449,0.046583851
1193,0.87959184,0.1227221,0.9612244898,0.09705336905,0.9857142857,0.0927597465,,,,,,,,,,,0.06122449,0.046656299
1194,0.87959184,0.12275705,0.9612244898,0.09707337181,0.9857142857,0.09277756435,,,,,,,,,,,0.06122449,0.046728972
1195,0.87959184,0.12279202,0.9612244898,0.09709338281,0.9857142857,0.09279538905,,,,,,,,,,,0.06122449,0.046801872
1196,0.87959184,0.12282702,0.9612244898,0.09713342957,0.9857142857,0.0928132206,,,,,,,,,,,0.06122449,0.046875
1197,0.87959184,0.12286203,0.9612244898,0.09715346535,0.9857142857,0.092831059,,,,,,,,,,,0.06122449,0.046948357
1198,0.87959184,0.12289706,0.9612244898,0.09717350939,0.9857142857,0.09284890427,,,,,,,,,,,0.06122449,0.047021944
1199,0.87959184,0.12293212,0.9612244898,0.09721362229,0.9857142857,0.09286675639,,,,,,,,,,,0.06122449,0.047095761
1200,0.87959184,0.12296719,0.9612244898,0.09723369116,0.9857142857,0.09288461538,,,,,,,,,,,0.06122449,0.047169811
1201,0.87959184,0.12300228,0.9612244898,0.09725376833,0.9857142857,0.09290248125,,,,,,,,,,,0.06122449,0.047244094
1202,0.87959184,0.1230374,0.9612244898,0.09727385378,0.9857142857,0.09292035398,,,,,,,,,,,0.06122449,0.047318612
1203,0.87959184,0.12307253,0.9612244898,0.09729394753,0.9857142857,0.0929382336,,,,,,,,,,,0.06122449,0.047393365
1204,0.87959184,0.12310768,0.9612244898,0.09731404959,0.9857142857,0.09295612009,,,,,,,,,,,0.06122449,0.047468354
1205,0.87959184,0.12314286,0.9612244898,0.09733415995,0.9857142857,0.09297401347,,,,,,,,,,,0.06122449,0.047543582
1206,0.87959184,0.12317805,0.9612244898,0.09735427863,0.9857142857,0.09299191375,,,,,,,,,,,0.06122449,0.047619048
1207,0.87959184,0.12321326,0.9612244898,0.09737440562,0.9857142857,0.09300982091,,,,,,,,,,,0.06122449,0.047694754
1208,0.87959184,0.1232485,0.9591836735,0.09718775848,0.9857142857,0.09302773498,,,,,,,,,,,0.06122449,0.047770701
1209,0.87959184,0.12328375,0.9591836735,0.09720785936,0.9857142857,0.09304565594,,,,,,,,,,,0.06122449,0.04784689
1210,0.87959184,0.12331903,0.9591836735,0.09722796856,0.9857142857,0.09306358382,,,,,,,,,,,0.06122449,0.047923323
1211,0.87959184,0.12335432,0.9591836735,0.09724808607,0.9857142857,0.0930815186,,,,,,,,,,,0.06122449,0.048
1212,0.87959184,0.12342497,0.9591836735,0.09726821192,0.9857142857,0.09309946029,,,,,,,,,,,0.06122449,0.048076923
1213,0.87959184,0.12346033,0.9591836735,0.0972883461,0.9857142857,0.09311740891,,,,,,,,,,,0.06122449,0.048154093
1214,0.87959184,0.1234957,0.9591836735,0.09730848861,0.9857142857,0.09313536444,,,,,,,,,,,0.06122449,0.048231511
1215,0.87959184,0.1235311,0.9591836735,0.09732863947,0.9857142857,0.0931533269,,,,,,,,,,,0.06122449,0.048309179
1216,0.87959184,0.12356651,0.9591836735,0.09736896623,0.9857142857,0.0931712963,,,,,,,,,,,0.06122449,0.048387097
1217,0.87959184,0.12360195,0.9591836735,0.09738914215,0.9857142857,0.09318927262,,,,,,,,,,,0.06122449,0.048465267
1218,0.87959184,0.12363741,0.9591836735,0.09740932642,0.9857142857,0.09320725589,,,,,,,,,,,0.059183673,0.046925566
1219,0.87959184,0.12367288,0.9591836735,0.09742951907,0.9857142857,0.09322524609,,,,,,,,,,,0.059183673,0.047001621
1220,0.87959184,0.12370838,0.9591836735,0.09746992949,0.9857142857,0.09324324324,,,,,,,,,,,0.059183673,0.047077922
1221,0.87959184,0.1237439,0.9591836735,0.09749014727,0.9857142857,0.09326124735,,,,,,,,,,,0.059183673,0.047154472
1222,0.87959184,0.12377944,0.9591836735,0.09751037344,0.9857142857,0.0932792584,,,,,,,,,,,0.059183673,0.04723127
1223,0.87959184,0.123815,0.9591836735,0.09753060801,0.9857142857,0.09329727641,,,,,,,,,,,0.059183673,0.04730832
1224,0.87959184,0.12385057,0.9591836735,0.09755085098,0.9857142857,0.09331530139,,,,,,,,,,,0.059183673,0.047385621
1225,0.87959184,0.12388617,0.9591836735,0.09757110235,0.9857142857,0.09333333333,,,,,,,,,,,0.059183673,0.047463175
1226,0.87959184,0.12392179,0.9591836735,0.09759136213,0.9857142857,0.09335137225,,,,,,,,,,,0.059183673,0.047540984
1227,0.87959184,0.12395743,0.9591836735,0.09761163032,0.9857142857,0.09336941813,,,,,,,,,,,0.059183673,0.047619048
1228,0.87959184,0.1239931,0.9591836735,0.09763190694,0.9857142857,0.093387471,,,,,,,,,,,0.059183673,0.047697368
1229,0.87959184,0.12402878,0.9591836735,0.09765219198,0.9857142857,0.09340553085,,,,,,,,,,,0.059183673,0.047775947
1230,0.87959184,0.12406448,0.9591836735,0.09767248545,0.9857142857,0.09342359768,,,,,,,,,,,0.059183673,0.047854785
1231,0.87959184,0.1241002,0.9591836735,0.09769278736,0.9857142857,0.0934416715,,,,,,,,,,,0.059183673,0.047933884
1232,0.87959184,0.12413594,0.9591836735,0.09773341651,0.9857142857,0.09345975232,,,,,,,,,,,0.059183673,0.048013245
1233,0.87959184,0.12417171,0.9591836735,0.09775374376,0.9857142857,0.09347784014,,,,,,,,,,,0.059183673,0.048092869
1234,0.87959184,0.12420749,0.9591836735,0.09777407947,0.9857142857,0.09349593496,,,,,,,,,,,0.059183673,0.048172757
1235,0.87959184,0.1242433,0.9591836735,0.09779442364,0.9857142857,0.09351403679,,,,,,,,,,,0.059183673,0.048252912
1236,0.87959184,0.12427912,0.9591836735,0.09781477627,0.9857142857,0.09353214562,,,,,,,,,,,0.059183673,0.048333333
1237,0.87959184,0.12431497,0.9591836735,0.09783513739,0.9857142857,0.09355026148,,,,,,,,,,,0.059183673,0.048414023
1238,0.87959184,0.12435084,0.9591836735,0.09785550697,0.9857142857,0.09356838435,,,,,,,,,,,0.059183673,0.048494983
1239,0.87959184,0.12438672,0.9591836735,0.09787588505,0.9857142857,0.09358651424,,,,,,,,,,,0.059183673,0.048576214
1240,0.87959184,0.12442263,0.9591836735,0.09789627161,0.9857142857,0.09360465116,,,,,,,,,,,0.059183673,0.048657718
1241,0.87959184,0.12445856,0.9591836735,0.09791666667,0.9857142857,0.09362279512,,,,,,,,,,,0.059183673,0.048739496
1242,0.87959184,0.12449451,0.9591836735,0.09793707022,0.9857142857,0.0936409461,,,,,,,,,,,0.059183673,0.048821549
1243,0.87959184,0.12453048,0.9591836735,0.09795748228,0.9857142857,0.09365910413,,,,,,,,,,,0.059183673,0.048903879
1244,0.87959184,0.12456647,0.9591836735,0.09797790286,0.9857142857,0.0936772692,,,,,,,,,,,0.059183673,0.048986486
1245,0.87959184,0.12460249,0.9591836735,0.09799833194,0.9857142857,0.09369544132,,,,,,,,,,,0.059183673,0.049069374
1246,0.87959184,0.12467457,0.9591836735,0.09801876955,0.9857142857,0.09371362049,,,,,,,,,,,0.057142857,0.047457627
1247,0.87959184,0.12471065,0.9591836735,0.09803921569,0.9836734694,0.093537745,,,,,,,,,,,0.057142857,0.0475382
1248,0.87959184,0.12474674,0.9591836735,0.09805967035,0.9836734694,0.09355590062,,,,,,,,,,,0.057142857,0.047619048
1249,0.87959184,0.12478286,0.9591836735,0.09808013356,0.9836734694,0.09357406329,,,,,,,,,,,0.057142857,0.04770017
1250,0.87959184,0.124819,0.9591836735,0.0981006053,0.9836734694,0.09359223301,,,,,,,,,,,0.057142857,0.04778157
1251,0.87959184,0.12485516,0.9591836735,0.09812108559,0.9836734694,0.09361040979,,,,,,,,,,,0.057142857,0.047863248
1252,0.87959184,0.12489134,0.9591836735,0.09814157444,0.9836734694,0.09362859363,,,,,,,,,,,0.057142857,0.047945205
1253,0.87959184,0.12492754,0.9591836735,0.09818257781,0.9836734694,0.09364678453,,,,,,,,,,,0.057142857,0.048027444
1254,0.87959184,0.12496376,0.9591836735,0.09820309235,0.9836734694,0.09366498251,,,,,,,,,,,0.057142857,0.048109966
1255,0.87959184,0.125,0.9591836735,0.09822361546,0.9836734694,0.09368318756,,,,,,,,,,,0.057142857,0.048192771
1256,0.87755102,0.12474616,0.9591836735,0.09824414716,0.9836734694,0.09370139969,,,,,,,,,,,0.057142857,0.048275862
1257,0.87755102,0.12478236,0.9591836735,0.09826468743,0.9836734694,0.0937196189,,,,,,,,,,,0.057142857,0.04835924
1258,0.87755102,0.12481858,0.9591836735,0.09830579377,0.9836734694,0.0937378452,,,,,,,,,,,0.057142857,0.048442907
1259,0.87755102,0.12485482,0.9591836735,0.09832635983,0.9836734694,0.09375607858,,,,,,,,,,,0.057142857,0.048526863
1260,0.8755102,0.12460064,0.9591836735,0.09834693451,0.9836734694,0.09377431907,,,,,,,,,,,0.057142857,0.048611111
1261,0.8755102,0.12463684,0.9571428571,0.0981582252,0.9836734694,0.09379256665,,,,,,,,,,,0.057142857,0.048695652
1262,0.8755102,0.12467306,0.9571428571,0.09819932998,0.9836734694,0.09381082133,,,,,,,,,,,0.057142857,0.048780488
1263,0.8755102,0.1247093,0.9571428571,0.09824046921,0.9836734694,0.09382908312,,,,,,,,,,,0.057142857,0.04886562
1264,0.8755102,0.12478185,0.9571428571,0.09826105175,0.9836734694,0.09384735202,,,,,,,,,,,0.057142857,0.048951049
1265,0.8755102,0.12485448,0.9571428571,0.09828164292,0.9836734694,0.09386562804,,,,,,,,,,,0.057142857,0.049036778
1266,0.8755102,0.12489083,0.9571428571,0.09830224272,0.9816326531,0.09368913128,,,,,,,,,,,0.057142857,0.049122807
1267,0.8755102,0.1249272,0.9571428571,0.09832285115,0.9816326531,0.0937073836,,,,,,,,,,,0.057142857,0.049209139
1268,0.8755102,0.12496359,0.9571428571,0.09834346823,0.9816326531,0.09372564302,,,,,,,,,,,0.057142857,0.049295775
1269,0.8755102,0.125,0.9571428571,0.09836409396,0.9816326531,0.09374390957,,,,,,,,,,,0.057142857,0.049382716
1270,0.8755102,0.12510936,0.9571428571,0.09838472834,0.9816326531,0.09376218324,,,,,,,,,,,0.057142857,0.049469965
1271,0.8755102,0.12514586,0.9571428571,0.09840537138,0.9816326531,0.09378046403,,,,,,,,,,,0.057142857,0.049557522
1272,0.8755102,0.12518238,0.9551020408,0.0982161595,0.9816326531,0.09379875195,,,,,,,,,,,0.057142857,0.04964539
1273,0.87346939,0.12492703,0.9551020408,0.09823677582,0.9816326531,0.09381704701,,,,,,,,,,,0.057142857,0.04973357
1274,0.87346939,0.1249635,0.9551020408,0.0982574008,0.9816326531,0.0938353492,,,,,,,,,,,0.055102041,0.048042705
1275,0.87346939,0.125,0.9530612245,0.09808863684,0.9816326531,0.09385365854,,,,,,,,,,,0.055102041,0.048128342
1276,0.87346939,0.12503652,0.9530612245,0.0981092437,0.9816326531,0.09387197502,,,,,,,,,,,0.055102041,0.048214286
1277,0.87346939,0.12507306,0.9530612245,0.09812985921,0.9816326531,0.09389029865,,,,,,,,,,,0.055102041,0.048300537
1278,0.87346939,0.12510962,0.9530612245,0.0981504834,0.9816326531,0.09390862944,,,,,,,,,,,0.055102041,0.048387097
1279,0.87346939,0.1251462,0.9530612245,0.09817111625,0.9816326531,0.09392696739,,,,,,,,,,,0.055102041,0.048473968
1280,0.87346939,0.1251828,0.9530612245,0.09819175778,0.9816326531,0.0939453125,,,,,,,,,,,0.055102041,0.048561151
1281,0.87346939,0.12521943,0.9530612245,0.09821240799,0.9816326531,0.09396366478,,,,,,,,,,,0.055102041,0.048648649
1282,0.87346939,0.12525607,0.9510204082,0.09802271771,0.9816326531,0.09398202423,,,,,,,,,,,0.055102041,0.048736462
1283,0.87346939,0.12529274,0.9510204082,0.09804334105,0.9816326531,0.09400039085,,,,,,,,,,,0.055102041,0.048824593
1284,0.87346939,0.12536614,0.9510204082,0.09806397306,0.9816326531,0.09401876466,,,,,,,,,,,0.053061224,0.047101449
1285,0.87346939,0.12540287,0.9510204082,0.09808461377,0.9816326531,0.09403714565,,,,,,,,,,,0.053061224,0.047186933
1286,0.87346939,0.12543962,0.9510204082,0.09810526316,0.9816326531,0.09405553383,,,,,,,,,,,0.053061224,0.047272727
1287,0.87346939,0.1254764,0.9510204082,0.09812592125,0.9816326531,0.0940739292,,,,,,,,,,,0.053061224,0.047358834
1288,0.87346939,0.1255132,0.9510204082,0.09814658804,0.9816326531,0.09409233177,,,,,,,,,,,0.053061224,0.047445255
1289,0.87346939,0.12558685,0.9510204082,0.09818794775,0.9816326531,0.09411074154,,,,,,,,,,,0.053061224,0.047531993
1290,0.87346939,0.12562372,0.9510204082,0.09822934233,0.9816326531,0.09412915851,,,,,,,,,,,0.053061224,0.047619048
1291,0.87142857,0.125367,0.9510204082,0.09825005271,0.9816326531,0.0941475827,,,,,,,,,,,0.053061224,0.047706422
1292,0.87142857,0.12540382,0.9510204082,0.09827077183,0.9816326531,0.0941660141,,,,,,,,,,,0.053061224,0.047794118
1293,0.87142857,0.12544066,0.9510204082,0.09829149968,0.9816326531,0.09418445271,,,,,,,,,,,0.053061224,0.047882136
1294,0.87142857,0.1255144,0.9510204082,0.09831223629,0.9816326531,0.09420289855,,,,,,,,,,,0.053061224,0.04797048
1295,0.87142857,0.12555131,0.9510204082,0.09833298164,0.9816326531,0.09422135162,,,,,,,,,,,0.053061224,0.04805915
1296,0.87142857,0.12558824,0.9510204082,0.09835373575,0.9816326531,0.09423981191,,,,,,,,,,,0.053061224,0.048148148
1297,0.87142857,0.12562518,0.9510204082,0.09837449863,0.9816326531,0.09425827944,,,,,,,,,,,0.053061224,0.048237477
1298,0.87142857,0.12569915,0.9510204082,0.09839527027,0.9816326531,0.09427675421,,,,,,,,,,,0.053061224,0.048327138
1299,0.87142857,0.12573616,0.9510204082,0.09841605069,0.9816326531,0.09429523623,,,,,,,,,,,0.053061224,0.048417132
1300,0.87142857,0.1257732,0.9489795918,0.09822560203,0.9816326531,0.09431372549,,,,,,,,,,,0.053061224,0.048507463
1301,0.87142857,0.12592156,0.9489795918,0.09824635538,0.9816326531,0.094332222,,,,,,,,,,,0.053061224,0.048598131
1302,0.87142857,0.1259587,0.9489795918,0.0982671175,0.9816326531,0.09435072577,,,,,,,,,,,0.053061224,0.048689139
1303,0.87142857,0.12599587,0.9489795918,0.0982878884,0.9816326531,0.09436923681,,,,,,,,,,,0.053061224,0.048780488
1304,0.87142857,0.12603306,0.9489795918,0.09830866808,0.9816326531,0.0943877551,,,,,,,,,,,0.053061224,0.04887218
1305,0.87142857,0.12607027,0.9489795918,0.09832945654,0.9816326531,0.09440628067,,,,,,,,,,,0.053061224,0.048964218
1306,0.87142857,0.1261075,0.9489795918,0.09835025381,0.9816326531,0.09442481351,,,,,,,,,,,0.053061224,0.049056604
1307,0.87142857,0.12614476,0.9489795918,0.09837105987,0.9816326531,0.09444335362,,,,,,,,,,,0.051020408,0.047258979
1308,0.87142857,0.12618203,0.9489795918,0.09839187474,0.9816326531,0.09446190102,,,,,,,,,,,0.051020408,0.047348485
1309,0.87142857,0.12621933,0.9489795918,0.09841269841,0.9816326531,0.09448045571,,,,,,,,,,,0.051020408,0.04743833
1310,0.87142857,0.12625665,0.9489795918,0.09843353091,0.9816326531,0.09449901768,,,,,,,,,,,0.051020408,0.047528517
1311,0.87142857,0.126294,0.9489795918,0.09845437222,0.9816326531,0.09451758695,,,,,,,,,,,0.051020408,0.047619048
1312,0.87142857,0.12636875,0.9489795918,0.09847522236,0.9816326531,0.09453616352,,,,,,,,,,,0.051020408,0.047709924
1313,0.87142857,0.12640616,0.9489795918,0.09849608134,0.9816326531,0.0945547474,,,,,,,,,,,0.051020408,0.047801147
1314,0.87142857,0.12644359,0.9489795918,0.09851694915,0.9816326531,0.09457333858,,,,,,,,,,,0.051020408,0.04789272
1315,0.87142857,0.12648104,0.9489795918,0.09853782581,0.9816326531,0.09459193707,,,,,,,,,,,0.051020408,0.047984645
1316,0.87142857,0.12651852,0.9489795918,0.09855871132,0.9816326531,0.09461054288,,,,,,,,,,,0.051020408,0.048076923
1317,0.87142857,0.12655602,0.9469387755,0.09836760653,0.9816326531,0.09462915601,,,,,,,,,,,0.051020408,0.048169557
1318,0.87142857,0.12659354,0.9469387755,0.0983884648,0.9816326531,0.09464777647,,,,,,,,,,,0.051020408,0.048262548
1319,0.87142857,0.12663108,0.9469387755,0.09840933192,0.9816326531,0.09466640425,,,,,,,,,,,0.051020408,0.048355899
1320,0.87142857,0.12666864,0.9469387755,0.09843020789,0.9816326531,0.09468503937,,,,,,,,,,,0.051020408,0.048449612
1321,0.87142857,0.12670623,0.9469387755,0.09845109272,0.9816326531,0.09470368183,,,,,,,,,,,0.051020408,0.048543689
1322,0.87142857,0.12674384,0.9469387755,0.09847198642,0.9816326531,0.09472233163,,,,,,,,,,,0.051020408,0.048638132
1323,0.87142857,0.12678147,0.9469387755,0.09851380042,0.9816326531,0.09474098877,,,,,,,,,,,0.051020408,0.048732943
1324,0.87142857,0.12681913,0.9469387755,0.09853472075,0.9795918367,0.09456264775,,,,,,,,,,,0.051020408,0.048828125
1325,0.86938776,0.12655971,0.9469387755,0.09855564996,0.9795918367,0.09458128079,,,,,,,,,,,0.051020408,0.048923679
1326,0.86938776,0.12659733,0.9469387755,0.09857658806,0.9795918367,0.09459992117,,,,,,,,,,,0.051020408,0.049019608
1327,0.86938776,0.12663496,0.9469387755,0.09859753506,0.9795918367,0.09461856889,,,,,,,,,,,0.051020408,0.049115914
1328,0.86938776,0.12667261,0.9469387755,0.09861849097,0.9795918367,0.09463722397,,,,,,,,,,,0.051020408,0.049212598
1329,0.86938776,0.12671029,0.9469387755,0.09863945578,0.9795918367,0.09465588641,,,,,,,,,,,0.051020408,0.049309665
1330,0.86938776,0.12674799,0.9469387755,0.09866042951,0.9795918367,0.09467455621,,,,,,,,,,,0.048979592,0.04743083
1331,0.86938776,0.12678571,0.9469387755,0.09868141217,0.9795918367,0.09469323338,,,,,,,,,,,0.048979592,0.047524752
1332,0.86938776,0.12682346,0.9469387755,0.09870240374,0.9795918367,0.09471191792,,,,,,,,,,,0.048979592,0.047619048
1333,0.86938776,0.12686123,0.9469387755,0.09874441371,0.9795918367,0.09473060983,,,,,,,,,,,0.048979592,0.047713718
1334,0.86938776,0.12689902,0.9469387755,0.0987654321,0.9795918367,0.09474930912,,,,,,,,,,,0.048979592,0.047808765
1335,0.86938776,0.12693683,0.9469387755,0.09878645944,0.9795918367,0.09476801579,,,,,,,,,,,0.048979592,0.047904192
1336,0.86938776,0.12697466,0.9469387755,0.098828541,0.9795918367,0.09478672986,,,,,,,,,,,0.048979592,0.048
1337,0.86938776,0.12701252,0.9469387755,0.09884959523,0.9795918367,0.09480545131,,,,,,,,,,,0.048979592,0.048096192
1338,0.86938776,0.1270504,0.9469387755,0.09887065843,0.9795918367,0.09482418017,,,,,,,,,,,0.048979592,0.048192771
1339,0.86938776,0.12708831,0.9469387755,0.09889173061,0.9795918367,0.09484291642,,,,,,,,,,,0.048979592,0.048289738
1340,0.86938776,0.12712623,0.9469387755,0.09891281177,0.9795918367,0.09486166008,,,,,,,,,,,0.048979592,0.048387097
1341,0.86938776,0.12716418,0.9469387755,0.09893390192,0.9795918367,0.09488041115,,,,,,,,,,,0.048979592,0.048484848
1342,0.86938776,0.12720215,0.9469387755,0.09895500107,0.9795918367,0.09489916963,,,,,,,,,,,0.048979592,0.048582996
1343,0.86938776,0.12724014,0.9469387755,0.09897610922,0.9795918367,0.09491793553,,,,,,,,,,,0.048979592,0.048681542
1344,0.86938776,0.12727816,0.9469387755,0.09899722637,0.9795918367,0.09493670886,,,,,,,,,,,0.048979592,0.048780488
1345,0.86938776,0.1273162,0.9469387755,0.09901835254,0.9795918367,0.09495548961,,,,,,,,,,,0.048979592,0.048879837
1346,0.86938776,0.12735426,0.9448979592,0.09882604055,0.9795918367,0.0949742778,,,,,,,,,,,0.048979592,0.048979592
1347,0.86938776,0.12739234,0.9448979592,0.0988471392,0.9795918367,0.09499307342,,,,,,,,,,,0.046938776,0.047034765
1348,0.86938776,0.12743045,0.9448979592,0.09886824685,0.9775510204,0.09481393508,,,,,,,,,,,0.046938776,0.047131148
1349,0.86938776,0.12746858,0.9448979592,0.09888936352,0.9775510204,0.09483270639,,,,,,,,,,,0.046938776,0.047227926
1350,0.86938776,0.12750673,0.9448979592,0.09891048921,0.9775510204,0.09485148515,,,,,,,,,,,0.046938776,0.04742268
1351,0.86938776,0.12754491,0.9448979592,0.09893162393,0.9775510204,0.09487027134,,,,,,,,,,,0.046938776,0.047520661
1352,0.86938776,0.12758311,0.9448979592,0.09895276769,0.9775510204,0.09488906498,,,,,,,,,,,0.046938776,0.047619048
1353,0.86938776,0.12762133,0.9448979592,0.09897392048,0.9775510204,0.09490786606,,,,,,,,,,,0.046938776,0.047717842
1354,0.86938776,0.12765957,0.9448979592,0.09899508232,0.9775510204,0.09492667459,,,,,,,,,,,0.046938776,0.047817048
1355,0.86938776,0.12769784,0.9448979592,0.09901625321,0.9775510204,0.09494549058,,,,,,,,,,,0.046938776,0.047916667
1356,0.86938776,0.12773613,0.9448979592,0.09903743316,0.9775510204,0.09496431404,,,,,,,,,,,0.046938776,0.048016701
1357,0.86938776,0.12777445,0.9448979592,0.09905862217,0.9775510204,0.09498314495,,,,,,,,,,,0.046938776,0.048117155
1358,0.86938776,0.12781278,0.9448979592,0.0991010274,0.9775510204,0.09500198334,,,,,,,,,,,0.046938776,0.048218029
1359,0.86938776,0.12785114,0.9448979592,0.09912224363,0.9775510204,0.0950208292,,,,,,,,,,,0.046938776,0.048319328
1360,0.86938776,0.12788952,0.9448979592,0.09914346895,0.9775510204,0.09503968254,,,,,,,,,,,0.046938776,0.048421053
1361,0.86734694,0.12762763,0.9448979592,0.09916470336,0.9775510204,0.09505854336,,,,,,,,,,,0.046938776,0.048523207
1362,0.86734694,0.12770433,0.9448979592,0.09918594687,0.9775510204,0.09507741167,,,,,,,,,,,0.046938776,0.048625793
1363,0.86734694,0.12778112,0.9448979592,0.09920719949,0.9775510204,0.09509628747,,,,,,,,,,,0.046938776,0.048728814
1364,0.86734694,0.127858,0.9448979592,0.09922846121,0.9775510204,0.09511517077,,,,,,,,,,,0.046938776,0.048832272
1365,0.86734694,0.12789648,0.9448979592,0.09924973205,0.9775510204,0.09513406157,,,,,,,,,,,0.046938776,0.04893617
1366,0.86734694,0.12793498,0.9448979592,0.09929230109,0.9775510204,0.09515295987,,,,,,,,,,,0.046938776,0.049040512
1367,0.86734694,0.12801205,0.9448979592,0.09931359931,0.9775510204,0.09517186569,,,,,,,,,,,0.046938776,0.049145299
1368,0.86734694,0.12805062,0.9448979592,0.09933490667,0.9775510204,0.09519077901,,,,,,,,,,,0.046938776,0.049250535
1369,0.86734694,0.12808921,0.9448979592,0.09935622318,0.9775510204,0.09520969986,,,,,,,,,,,0.046938776,0.049356223
1370,0.86734694,0.12816647,0.9448979592,0.09937754883,0.9775510204,0.09522862823,,,,,,,,,,,0.046938776,0.049462366
1371,0.86734694,0.12820513,0.9448979592,0.09939888364,0.9775510204,0.09524756413,,,,,,,,,,,0.046938776,0.049568966
1372,0.86734694,0.12824381,0.9448979592,0.09944158076,0.9775510204,0.09526650756,,,,,,,,,,,0.046938776,0.049676026
1373,0.86734694,0.12828252,0.9448979592,0.09946294307,0.9775510204,0.09528545852,,,,,,,,,,,0.046938776,0.04978355
1374,0.86734694,0.12832126,0.9448979592,0.09948431457,0.9775510204,0.09530441703,,,,,,,,,,,0.046938776,0.04989154
1375,0.86734694,0.12836001,0.9448979592,0.09950569525,0.9775510204,0.09532338308,,,,,,,,,,,0.046938776,0.05
1376,0.86734694,0.12839879,0.9448979592,0.09952708512,0.9775510204,0.09534235669,,,,,,,,,,,0.046938776,0.050108932
1377,0.86734694,0.12843759,0.9448979592,0.0995484842,0.9755102041,0.09516225363,,,,,,,,,,,0.046938776,0.050218341
1378,0.86734694,0.12847642,0.9448979592,0.09956989247,0.9755102041,0.09518120271,,,,,,,,,,,0.046938776,0.050328228
1379,0.86734694,0.12851527,0.9448979592,0.09959130996,0.9755102041,0.09520015933,,,,,,,,,,,0.046938776,0.050438596
1380,0.86734694,0.12855414,0.9448979592,0.09961273666,0.9755102041,0.09521912351,,,,,,,,,,,0.046938776,0.050549451
1381,0.86734694,0.12859304,0.9448979592,0.09963417258,0.9755102041,0.09523809524,,,,,,,,,,,0.046938776,0.050660793
1382,0.86734694,0.12863196,0.9448979592,0.09967707212,0.9755102041,0.09525707453,,,,,,,,,,,0.046938776,0.050772627
1383,0.86734694,0.12867091,0.9448979592,0.09969853575,0.9755102041,0.09527606139,,,,,,,,,,,0.046938776,0.050884956
1384,0.86734694,0.12870987,0.9448979592,0.09972000862,0.9755102041,0.09529505582,,,,,,,,,,,0.046938776,0.050997783
1385,0.86734694,0.12874886,0.9448979592,0.09974149074,0.9755102041,0.09531405783,,,,,,,,,,,0.046938776,0.051111111
1386,0.86734694,0.12878788,0.9448979592,0.09976298212,0.9755102041,0.09533306741,,,,,,,,,,,0.046938776,0.051224944
1387,0.86734694,0.12882692,0.9448979592,0.09978448276,0.9755102041,0.09535208458,,,,,,,,,,,0.046938776,0.051339286
1388,0.86734694,0.12886598,0.9448979592,0.09980599267,0.9755102041,0.09537110934,,,,,,,,,,,0.046938776,0.051454139
1389,0.86734694,0.12894417,0.9448979592,0.09982751186,0.9755102041,0.09539014169,,,,,,,,,,,0.046938776,0.051569507
1390,0.86734694,0.12898331,0.9448979592,0.09984904033,0.9755102041,0.09540918164,,,,,,,,,,,0.046938776,0.051685393
1391,0.86734694,0.12902247,0.9448979592,0.09989212513,0.9755102041,0.09542822919,,,,,,,,,,,0.046938776,0.051801802
1392,0.86734694,0.12906165,0.9428571429,0.0996978852,0.9755102041,0.09544728435,,,,,,,,,,,0.046938776,0.051918736
1393,0.86734694,0.12910085,0.9428571429,0.09971940427,0.9755102041,0.09546634711,,,,,,,,,,,0.046938776,0.052036199
1394,0.86734694,0.12914008,0.9428571429,0.09974093264,0.9755102041,0.0954854175,,,,,,,,,,,0.046938776,0.052154195
1395,0.86734694,0.12917933,0.9428571429,0.09976247031,0.9755102041,0.0955044955,,,,,,,,,,,0.046938776,0.052272727
1396,0.86734694,0.12921861,0.9428571429,0.09978401728,0.9755102041,0.09552358114,,,,,,,,,,,0.046938776,0.0523918
1397,0.86734694,0.12925791,0.9428571429,0.09980557356,0.9755102041,0.0955426744,,,,,,,,,,,0.046938776,0.052511416
1398,0.86734694,0.12929723,0.9428571429,0.09982713915,0.9755102041,0.09556177529,,,,,,,,,,,0.046938776,0.052631579
1399,0.86734694,0.12933658,0.9428571429,0.09984871407,0.9755102041,0.09558088382,,,,,,,,,,,0.046938776,0.052752294
1400,0.86734694,0.12937595,0.9428571429,0.09987029831,0.9755102041,0.0956,,,,,,,,,,,0.046938776,0.052873563
1401,0.86734694,0.12941535,0.9428571429,0.09989189189,0.9755102041,0.09561912382,,,,,,,,,,,0.046938776,0.052995392
1402,0.86734694,0.12945477,0.9428571429,0.09993510707,0.9755102041,0.0956382553,,,,,,,,,,,0.044897959,0.050808314
1403,0.86734694,0.12949421,0.9428571429,0.09995672869,0.9755102041,0.09565739444,,,,,,,,,,,0.044897959,0.050925926
1404,0.86734694,0.12953368,0.9428571429,0.09997835966,0.9755102041,0.09567654123,,,,,,,,,,,0.044897959,0.051044084
1405,0.86734694,0.12957317,0.9428571429,0.1,0.9755102041,0.0956956957,,,,,,,,,,,0.044897959,0.051162791
1406,0.86734694,0.12961269,0.9408163265,0.09980515263,0.9755102041,0.09571485783,,,,,,,,,,,0.044897959,0.051282051
1407,0.86734694,0.12965223,0.9408163265,0.09982676483,0.9755102041,0.09573402764,,,,,,,,,,,0.042857143,0.049065421
1408,0.86734694,0.12969179,0.9408163265,0.0998483864,0.9755102041,0.09575320513,,,,,,,,,,,0.042857143,0.049180328
1409,0.86734694,0.12973138,0.9408163265,0.09987001733,0.9755102041,0.0957723903,,,,,,,,,,,0.042857143,0.049295775
1410,0.86734694,0.12977099,0.9408163265,0.09989165764,0.9755102041,0.09579158317,,,,,,,,,,,0.042857143,0.049411765
1411,0.86734694,0.12985029,0.9408163265,0.09991330733,0.9755102041,0.09581078372,,,,,,,,,,,0.042857143,0.049528302
1412,0.86734694,0.12988998,0.9408163265,0.0999349664,0.9755102041,0.09582999198,,,,,,,,,,,0.042857143,0.04964539
1413,0.86734694,0.12992969,0.9408163265,0.09995663487,0.9755102041,0.09584920794,,,,,,,,,,,0.042857143,0.049763033
1414,0.86734694,0.12996942,0.9408163265,0.09997831273,0.9755102041,0.09586843161,,,,,,,,,,,0.042857143,0.049881235
1415,0.86530612,0.12970327,0.9408163265,0.1,0.9755102041,0.09588766299,,,,,,,,,,,0.042857143,0.05
1416,0.86530612,0.12974296,0.9408163265,0.1000216967,0.9755102041,0.09590690209,,,,,,,,,,,0.042857143,0.050119332
1417,0.86530612,0.12978268,0.9408163265,0.1000434028,0.9755102041,0.09592614891,,,,,,,,,,,0.042857143,0.050239234
1418,0.86530612,0.12982241,0.9408163265,0.1000651183,0.9755102041,0.09594540345,,,,,,,,,,,0.042857143,0.050359712
1419,0.86530612,0.12986217,0.9408163265,0.1000868432,0.9755102041,0.09596466573,,,,,,,,,,,0.042857143,0.050480769
1420,0.86530612,0.12990196,0.9408163265,0.1001085776,0.9755102041,0.09598393574,,,,,,,,,,,0.042857143,0.05060241
1421,0.86530612,0.12994177,0.9408163265,0.1001520747,0.9755102041,0.0960032135,,,,,,,,,,,0.042857143,0.050724638
1422,0.86530612,0.12998161,0.9408163265,0.1001738375,0.9755102041,0.096022499,,,,,,,,,,,0.042857143,0.050847458
1423,0.86326531,0.12971481,0.9408163265,0.1001956097,0.9755102041,0.09604179224,,,,,,,,,,,0.042857143,0.050970874
1424,0.86326531,0.1297546,0.9408163265,0.1002173913,0.9755102041,0.09606109325,,,,,,,,,,,0.042857143,0.051094891
1425,0.86326531,0.12979442,0.9408163265,0.1002391824,0.9755102041,0.09608040201,,,,,,,,,,,0.042857143,0.051219512
1426,0.86326531,0.12983425,0.9408163265,0.1003046127,0.9755102041,0.09609971854,,,,,,,,,,,0.042857143,0.051344743
1427,0.86326531,0.12987412,0.9408163265,0.1003264418,0.9755102041,0.09611904283,,,,,,,,,,,0.042857143,0.051470588
1428,0.86326531,0.129914,0.9408163265,0.1003482804,0.9755102041,0.0961383749,,,,,,,,,,,0.042857143,0.051597052
1429,0.86326531,0.12995392,0.9408163265,0.1003701285,0.9755102041,0.09615771475,,,,,,,,,,,0.042857143,0.051724138
1430,0.86326531,0.12999385,0.9408163265,0.1003919861,0.9755102041,0.09617706237,,,,,,,,,,,0.042857143,0.051851852
1431,0.86326531,0.13003381,0.9408163265,0.1004138532,0.9755102041,0.09619641779,,,,,,,,,,,0.042857143,0.051980198
1432,0.86326531,0.1300738,0.9408163265,0.1004357298,0.9755102041,0.096215781,,,,,,,,,,,0.042857143,0.052109181
1433,0.86326531,0.13011381,0.9408163265,0.100457616,0.9755102041,0.096235152,,,,,,,,,,,0.042857143,0.052238806
1434,0.86326531,0.13015385,0.9408163265,0.1004795118,0.9755102041,0.09625453081,,,,,,,,,,,0.042857143,0.052369077
1435,0.86326531,0.13019391,0.9408163265,0.100501417,0.9755102041,0.09627391742,,,,,,,,,,,0.042857143,0.0525
1436,0.86326531,0.13023399,0.9408163265,0.1005233319,0.9755102041,0.09629331185,,,,,,,,,,,0.042857143,0.052631579
1437,0.86326531,0.1302741,0.9408163265,0.1005452563,0.9755102041,0.09631271408,,,,,,,,,,,0.042857143,0.052763819
1438,0.86122449,0.13000616,0.9408163265,0.1005671902,0.9755102041,0.09633212414,,,,,,,,,,,0.040816327,0.050377834
1439,0.86122449,0.13004622,0.9408163265,0.1005891338,0.9755102041,0.09635154203,,,,,,,,,,,0.040816327,0.050505051
1440,0.86122449,0.13020673,0.9408163265,0.1006110869,0.9755102041,0.09637096774,,,,,,,,,,,0.040816327,0.050632911
1441,0.86122449,0.13024691,0.9408163265,0.1006330496,0.9755102041,0.09639040129,,,,,,,,,,,0.040816327,0.050761421
1442,0.86122449,0.13028713,0.9408163265,0.1006550218,0.9755102041,0.09640984268,,,,,,,,,,,0.040816327,0.050890585
1443,0.86122449,0.13032736,0.9408163265,0.1006770037,0.9755102041,0.09642929191,,,,,,,,,,,0.040816327,0.051020408
1444,0.86122449,0.13036762,0.9408163265,0.1006989952,0.9755102041,0.09644874899,,,,,,,,,,,0.040816327,0.051150895
1445,0.86122449,0.13040791,0.9408163265,0.1007209963,0.9755102041,0.09646821393,,,,,,,,,,,0.040816327,0.051282051
1446,0.86122449,0.13044822,0.9408163265,0.100743007,0.9755102041,0.09648768672,,,,,,,,,,,0.040816327,0.051413882
1447,0.86122449,0.13048856,0.9408163265,0.1007650273,0.9755102041,0.09650716737,,,,,,,,,,,0.040816327,0.051546392
1448,0.86122449,0.13052892,0.9408163265,0.1007870573,0.9755102041,0.0965266559,,,,,,,,,,,0.040816327,0.051679587
1449,0.86122449,0.13056931,0.9408163265,0.1008090969,0.9755102041,0.09654615229,,,,,,,,,,,0.040816327,0.051813472
1450,0.86122449,0.13060972,0.9408163265,0.1008311461,0.9755102041,0.09656565657,,,,,,,,,,,0.040816327,0.051948052
1451,0.86122449,0.13069062,0.9408163265,0.1008752735,0.9755102041,0.09658516872,,,,,,,,,,,0.040816327,0.052083333
1452,0.86122449,0.1307311,0.9408163265,0.1008973517,0.9755102041,0.09660468876,,,,,,,,,,,0.040816327,0.052219321
1453,0.86122449,0.13077161,0.9408163265,0.1009194396,0.9755102041,0.0966242167,,,,,,,,,,,0.040816327,0.052356021
1454,0.85918367,0.13050217,0.9408163265,0.1009415371,0.9755102041,0.09664375253,,,,,,,,,,,0.040816327,0.052493438
1455,0.85918367,0.13054264,0.9408163265,0.1009636443,0.9755102041,0.09666329626,,,,,,,,,,,0.040816327,0.052631579
1456,0.85918367,0.13058313,0.9408163265,0.1009857612,0.9755102041,0.0966828479,,,,,,,,,,,0.040816327,0.052770449
1457,0.85918367,0.13062364,0.9408163265,0.1010078878,0.9755102041,0.09670240744,,,,,,,,,,,0.040816327,0.052910053
1458,0.85918367,0.13066418,0.9408163265,0.1010521701,0.9755102041,0.09672197491,,,,,,,,,,,0.040816327,0.053050398
1459,0.85918367,0.13070475,0.9387755102,0.1008550756,0.9755102041,0.09674155029,,,,,,,,,,,0.040816327,0.053191489
1460,0.85918367,0.13078596,0.9387755102,0.100877193,0.9755102041,0.0967611336,,,,,,,,,,,0.040816327,0.053333333
1461,0.85918367,0.1308266,0.9387755102,0.10089932,0.9755102041,0.09678072484,,,,,,,,,,,0.040816327,0.053475936
1462,0.85918367,0.13086727,0.9387755102,0.1009214568,0.9755102041,0.09680032402,,,,,,,,,,,0.040816327,0.053619303
1463,0.85918367,0.13090796,0.9367346939,0.1007241606,0.9755102041,0.09681993113,,,,,,,,,,,0.040816327,0.053763441
1464,0.85918367,0.13094868,0.9367346939,0.1007462687,0.9755102041,0.09683954619,,,,,,,,,,,0.03877551,0.051212938
1465,0.85918367,0.13098942,0.9367346939,0.1007683864,0.9755102041,0.0968591692,,,,,,,,,,,0.03877551,0.051351351
1466,0.85918367,0.13103019,0.9367346939,0.1007905138,0.9755102041,0.09687880016,,,,,,,,,,,0.03877551,0.051490515
1467,0.85918367,0.13107098,0.9367346939,0.100812651,0.9755102041,0.09689843908,,,,,,,,,,,0.03877551,0.051630435
1468,0.85918367,0.1311118,0.9367346939,0.1008347979,0.9755102041,0.09691808597,,,,,,,,,,,0.03877551,0.051771117
1469,0.85918367,0.13115265,0.9367346939,0.1008791209,0.9755102041,0.09693774082,,,,,,,,,,,0.03877551,0.051912568
1470,0.85918367,0.13119352,0.9367346939,0.100901297,0.9755102041,0.09695740365,,,,,,,,,,,0.03877551,0.052054795
1471,0.85918367,0.13123441,0.9367346939,0.1009234828,0.9755102041,0.09697707446,,,,,,,,,,,0.03877551,0.052197802
1472,0.85918367,0.13127534,0.9367346939,0.1009456785,0.9755102041,0.09699675325,,,,,,,,,,,0.03877551,0.052341598
1473,0.85918367,0.13131628,0.9367346939,0.1009678839,0.9755102041,0.09701644002,,,,,,,,,,,0.03877551,0.052486188
1474,0.85918367,0.13135725,0.9367346939,0.100990099,0.9755102041,0.09703613479,,,,,,,,,,,0.03877551,0.052631579
1475,0.85918367,0.13139825,0.9367346939,0.1010123239,0.9734693878,0.09685279188,,,,,,,,,,,0.03877551,0.052777778
1476,0.85918367,0.13143928,0.9367346939,0.1010345587,0.9734693878,0.09687246141,,,,,,,,,,,0.03877551,0.052924791
1477,0.85918367,0.13148032,0.9367346939,0.1010568032,0.9734693878,0.09689213894,,,,,,,,,,,0.03877551,0.053072626
1478,0.85918367,0.1315214,0.9367346939,0.1010790575,0.9734693878,0.09691182446,,,,,,,,,,,0.03877551,0.053221289
1479,0.85918367,0.1315625,0.9367346939,0.1011235955,0.9734693878,0.09693151798,,,,,,,,,,,0.03877551,0.053370787
1480,0.85918367,0.13168596,0.9367346939,0.1011458792,0.9734693878,0.09695121951,,,,,,,,,,,0.03877551,0.053521127
1481,0.85918367,0.13172716,0.9367346939,0.1011681728,0.9734693878,0.09697092905,,,,,,,,,,,0.03877551,0.053672316
1482,0.85918367,0.13176839,0.9367346939,0.1011904762,0.9734693878,0.0969906466,,,,,,,,,,,0.03877551,0.053824363
1483,0.85918367,0.13180964,0.9367346939,0.1012127894,0.9734693878,0.09701037218,,,,,,,,,,,0.03877551,0.053977273
1484,0.85918367,0.13185092,0.9367346939,0.1012351125,0.9734693878,0.09703010578,,,,,,,,,,,0.03877551,0.054131054
1485,0.85714286,0.13157895,0.9367346939,0.1012574454,0.9734693878,0.09704984741,,,,,,,,,,,0.03877551,0.054285714
1486,0.85714286,0.13170273,0.9367346939,0.1012797882,0.9734693878,0.09706959707,,,,,,,,,,,0.03877551,0.054441261
1487,0.85714286,0.13174404,0.9367346939,0.1013245033,0.9734693878,0.09708935477,,,,,,,,,,,0.03877551,0.054597701
1488,0.85714286,0.13178538,0.9367346939,0.1013468757,0.9734693878,0.09710912052,,,,,,,,,,,0.03877551,0.054755043
1489,0.85510204,0.13151287,0.9367346939,0.101369258,0.9734693878,0.09712889432,,,,,,,,,,,0.03877551,0.054913295
1490,0.85510204,0.13155416,0.9367346939,0.1013916501,0.9734693878,0.09714867617,,,,,,,,,,,0.03877551,0.055072464
1491,0.85510204,0.13159548,0.9367346939,0.1014140521,0.9734693878,0.09716846608,,,,,,,,,,,0.03877551,0.055232558
1492,0.85510204,0.13163682,0.9367346939,0.1014364641,0.9734693878,0.09718826406,,,,,,,,,,,0.03877551,0.055393586
1493,0.85510204,0.13167819,0.9367346939,0.1014588859,0.9734693878,0.0972080701,,,,,,,,,,,0.03877551,0.055555556
1494,0.85306122,0.13140522,0.9367346939,0.1014813177,0.9734693878,0.09722788422,,,,,,,,,,,0.03877551,0.055718475
1495,0.85306122,0.13144654,0.9367346939,0.1015037594,0.9714285714,0.09704383282,,,,,,,,,,,0.03877551,0.055882353
1496,0.85306122,0.13148789,0.9367346939,0.101526211,0.9714285714,0.09706362153,,,,,,,,,,,0.03877551,0.056047198
1497,0.85306122,0.13152926,0.9367346939,0.1015486726,0.9714285714,0.09708341832,,,,,,,,,,,0.03877551,0.056213018
1498,0.84897959,0.13110621,0.9367346939,0.1015711441,0.9714285714,0.09710322317,,,,,,,,,,,0.03877551,0.056379822
1499,0.84897959,0.13114754,0.9367346939,0.1015936255,0.9714285714,0.09712303612,,,,,,,,,,,0.03877551,0.056547619
1500,0.84897959,0.1311889,0.9367346939,0.1016161169,0.9714285714,0.09714285714,,,,,,,,,,,0.03877551,0.056716418
1501,0.84897959,0.13123028,0.9367346939,0.1016386182,0.9714285714,0.09716268626,,,,,,,,,,,0.03877551,0.056886228
1502,0.84897959,0.13127169,0.9367346939,0.1016611296,0.9714285714,0.09718252348,,,,,,,,,,,0.03877551,0.057228916
1503,0.84897959,0.13131313,0.9367346939,0.1016836509,0.9714285714,0.0972023688,,,,,,,,,,,0.03877551,0.057401813
1504,0.84693878,0.13108023,0.9367346939,0.1017061821,0.9714285714,0.09722222222,,,,,,,,,,,0.03877551,0.057575758
1505,0.84693878,0.13112164,0.9367346939,0.1017287234,0.9714285714,0.09724208376,,,,,,,,,,,0.036734694,0.054711246
1506,0.84693878,0.13116308,0.9367346939,0.1017738359,0.9714285714,0.09726195341,,,,,,,,,,,0.036734694,0.054878049
1507,0.84693878,0.13120455,0.9367346939,0.1017964072,0.9714285714,0.09728183119,,,,,,,,,,,0.036734694,0.055045872
1508,0.84693878,0.13132911,0.9367346939,0.1018189885,0.9714285714,0.09730171709,,,,,,,,,,,0.036734694,0.055214724
1509,0.84693878,0.13137069,0.9367346939,0.1018415798,0.9714285714,0.09732161112,,,,,,,,,,,0.036734694,0.055384615
1510,0.84693878,0.13141229,0.9367346939,0.1018641811,0.9714285714,0.09734151329,,,,,,,,,,,0.036734694,0.055555556
1511,0.84489796,0.13113716,0.9367346939,0.1018867925,0.9714285714,0.0973614236,,,,,,,,,,,0.036734694,0.055727554
1512,0.84285714,0.13086185,0.9367346939,0.1019094139,0.9714285714,0.09738134206,,,,,,,,,,,0.036734694,0.055900621
1513,0.84285714,0.13090333,0.9367346939,0.1019320453,0.9693877551,0.09719664416,,,,,,,,,,,0.036734694,0.056074766
1514,0.84285714,0.13094483,0.9367346939,0.1019546868,0.9693877551,0.09721653704,,,,,,,,,,,0.036734694,0.05625
1515,0.84285714,0.13098636,0.9367346939,0.1019773384,0.9693877551,0.09723643808,,,,,,,,,,,0.034693878,0.053291536
1516,0.84285714,0.13102792,0.9367346939,0.102,0.9693877551,0.09725634726,,,,,,,,,,,0.034693878,0.053459119
1517,0.84285714,0.1310695,0.9367346939,0.1020453535,0.9673469388,0.09707147246,,,,,,,,,,,0.034693878,0.05362776
1518,0.84285714,0.13111111,0.9367346939,0.1020680454,0.9673469388,0.097091356,,,,,,,,,,,0.034693878,0.053797468
1519,0.84285714,0.13115275,0.9367346939,0.1020907473,0.9673469388,0.0971112477,,,,,,,,,,,0.034693878,0.053968254
1520,0.84285714,0.1312361,0.9367346939,0.1021134594,0.9673469388,0.09713114754,,,,,,,,,,,0.034693878,0.054140127
1521,0.84285714,0.13127781,0.9367346939,0.1021361816,0.9673469388,0.09715105554,,,,,,,,,,,0.034693878,0.054313099
1522,0.84285714,0.13131955,0.9367346939,0.1021589139,0.9673469388,0.09717097171,,,,,,,,,,,0.034693878,0.054487179
1523,0.84285714,0.13144494,0.9367346939,0.1021816563,0.9673469388,0.09719089604,,,,,,,,,,,0.034693878,0.054662379
1524,0.84081633,0.13116842,0.9367346939,0.1022044088,0.9673469388,0.09721082855,,,,,,,,,,,0.034693878,0.05483871
1525,0.84081633,0.13121019,0.9367346939,0.1022271715,0.9673469388,0.09723076923,,,,,,,,,,,0.034693878,0.055016181
1526,0.84081633,0.13125199,0.9367346939,0.1022499443,0.9673469388,0.0972507181,,,,,,,,,,,0.034693878,0.055194805
1527,0.83877551,0.13097514,0.9367346939,0.1022727273,0.9673469388,0.09727067515,,,,,,,,,,,0.034693878,0.055374593
1528,0.83877551,0.1310169,0.9367346939,0.1022955204,0.9673469388,0.09729064039,,,,,,,,,,,0.034693878,0.055555556
1529,0.83877551,0.13105867,0.9367346939,0.1023183237,0.9673469388,0.09731061384,,,,,,,,,,,0.034693878,0.055737705
1530,0.83877551,0.13110048,0.9367346939,0.1023411371,0.9673469388,0.09733059548,,,,,,,,,,,0.034693878,0.055921053
1531,0.83877551,0.13114231,0.9367346939,0.1023639607,0.9673469388,0.09735058534,,,,,,,,,,,0.034693878,0.056105611
1532,0.83877551,0.13118417,0.9367346939,0.1023867946,0.9673469388,0.0973705834,,,,,,,,,,,0.034693878,0.056291391
1533,0.83877551,0.13122605,0.9367346939,0.1024096386,0.9673469388,0.09739058969,,,,,,,,,,,0.034693878,0.056478405
1534,0.83877551,0.13126797,0.9367346939,0.1024324927,0.9673469388,0.09741060419,,,,,,,,,,,0.034693878,0.056666667
1535,0.83877551,0.1313099,0.9367346939,0.1024553571,0.9673469388,0.09743062693,,,,,,,,,,,0.034693878,0.056856187
1536,0.83877551,0.13135187,0.9367346939,0.1025011166,0.9673469388,0.09745065789,,,,,,,,,,,0.034693878,0.05704698
1537,0.83877551,0.13147793,0.9367346939,0.1025240116,0.9673469388,0.0974706971,,,,,,,,,,,0.034693878,0.057239057
1538,0.83877551,0.13152,0.9367346939,0.1025469169,0.9673469388,0.09749074455,,,,,,,,,,,0.034693878,0.057432432
1539,0.83877551,0.13160423,0.9367346939,0.1025698324,0.9673469388,0.09751080025,,,,,,,,,,,0.034693878,0.057627119
1540,0.83877551,0.13164638,0.9367346939,0.1025927582,0.9673469388,0.0975308642,,,,,,,,,,,0.034693878,0.057823129
1541,0.83877551,0.131773,0.9367346939,0.1026156942,0.9673469388,0.09755093641,,,,,,,,,,,0.034693878,0.058020478
1542,0.83877551,0.13181527,0.9367346939,0.1026386404,0.9673469388,0.09757101688,,,,,,,,,,,0.034693878,0.058219178
1543,0.83877551,0.13185756,0.9367346939,0.102661597,0.9673469388,0.09759110562,,,,,,,,,,,0.034693878,0.058419244
1544,0.83877551,0.13189987,0.9367346939,0.1026845638,0.9673469388,0.09761120264,,,,,,,,,,,0.034693878,0.05862069
1545,0.83877551,0.13194222,0.9367346939,0.1027075408,0.9673469388,0.09763130793,,,,,,,,,,,0.034693878,0.058823529
1546,0.83877551,0.13198459,0.9367346939,0.1027305282,0.9673469388,0.09765142151,,,,,,,,,,,0.034693878,0.059027778
1547,0.83877551,0.13202698,0.9367346939,0.1027535259,0.9673469388,0.09767154338,,,,,,,,,,,0.034693878,0.059233449
1548,0.83877551,0.13211186,0.9367346939,0.1027765338,0.9673469388,0.09769167354,,,,,,,,,,,0.034693878,0.059440559
1549,0.83877551,0.13215434,0.9367346939,0.1027995521,0.9673469388,0.097711812,,,,,,,,,,,0.034693878,0.059649123
1550,0.83673469,0.1318752,0.9367346939,0.1028225806,0.9673469388,0.09773195876,,,,,,,,,,,0.034693878,0.059859155
1551,0.83673469,0.13191763,0.9367346939,0.1028456195,0.9673469388,0.09775211384,,,,,,,,,,,0.034693878,0.060070671
1552,0.83673469,0.13196009,0.9367346939,0.1028686688,0.9673469388,0.09777227723,,,,,,,,,,,0.034693878,0.060283688
1553,0.83673469,0.13200258,0.9367346939,0.1028917283,0.9673469388,0.09779244894,,,,,,,,,,,0.034693878,0.060498221
1554,0.83673469,0.13204509,0.9367346939,0.1029147982,0.9673469388,0.09781262897,,,,,,,,,,,0.034693878,0.060714286
1555,0.83673469,0.13208763,0.9367346939,0.1029378784,0.9673469388,0.09783281734,,,,,,,,,,,0.034693878,0.0609319
1556,0.83673469,0.1321302,0.9367346939,0.102960969,0.9673469388,0.09785301404,,,,,,,,,,,0.034693878,0.061151079
1557,0.83673469,0.13217279,0.9367346939,0.10298407,0.9673469388,0.09787321908,,,,,,,,,,,0.034693878,0.061371841
1558,0.83673469,0.13221541,0.9367346939,0.1030534351,0.9673469388,0.09789343247,,,,,,,,,,,0.034693878,0.061594203
1559,0.83673469,0.13225806,0.9367346939,0.1030765776,0.9673469388,0.0979136542,,,,,,,,,,,0.034693878,0.061818182
1560,0.83673469,0.13230074,0.9367346939,0.1030997305,0.9673469388,0.0979338843,,,,,,,,,,,0.034693878,0.062043796
1561,0.83469388,0.13202066,0.9367346939,0.1031460674,0.9673469388,0.09795412275,,,,,,,,,,,0.034693878,0.062271062
1562,0.83469388,0.13206329,0.9367346939,0.1031692515,0.9673469388,0.09797436957,,,,,,,,,,,0.034693878,0.0625
1563,0.83469388,0.13227684,0.9367346939,0.103215651,0.9673469388,0.09799462477,,,,,,,,,,,0.034693878,0.062730627
1564,0.83469388,0.13231964,0.9367346939,0.1032388664,0.9673469388,0.09801488834,,,,,,,,,,,0.034693878,0.062962963
1565,0.83265306,0.13203883,0.9367346939,0.1032620922,0.9673469388,0.09803516029,,,,,,,,,,,0.034693878,0.063197026
1566,0.83265306,0.13208158,0.9367346939,0.1032853285,0.9673469388,0.09805544063,,,,,,,,,,,0.034693878,0.063432836
1567,0.83265306,0.13212435,0.9367346939,0.1033085753,0.9673469388,0.09807572936,,,,,,,,,,,0.034693878,0.063670412
1568,0.83265306,0.13216715,0.9367346939,0.1033318325,0.9673469388,0.09809602649,,,,,,,,,,,0.034693878,0.063909774
1569,0.83265306,0.13220998,0.9367346939,0.1033551002,0.9673469388,0.09811633202,,,,,,,,,,,0.034693878,0.064150943
1570,0.83265306,0.13225284,0.9367346939,0.1033783784,0.9673469388,0.09813664596,,,,,,,,,,,0.034693878,0.064393939
1571,0.83265306,0.13229572,0.9367346939,0.103401667,0.9673469388,0.09815696832,,,,,,,,,,,0.034693878,0.064638783
1572,0.83265306,0.13233863,0.9367346939,0.1034249662,0.9673469388,0.09817729909,,,,,,,,,,,0.034693878,0.064885496
1573,0.83265306,0.13238157,0.9367346939,0.1034482759,0.9673469388,0.09819763828,,,,,,,,,,,0.034693878,0.0651341
1574,0.83265306,0.13242454,0.9367346939,0.103471596,0.9673469388,0.09821798591,,,,,,,,,,,0.034693878,0.065384615
1575,0.83265306,0.13255361,0.9367346939,0.1034949267,0.9673469388,0.09823834197,,,,,,,,,,,0.034693878,0.065637066
1576,0.83265306,0.13259669,0.9367346939,0.1035182679,0.9673469388,0.09825870647,,,,,,,,,,,0.034693878,0.065891473
1577,0.83265306,0.13263979,0.9367346939,0.1035416197,0.9673469388,0.09827907941,,,,,,,,,,,0.034693878,0.06614786
1578,0.83265306,0.13268293,0.9367346939,0.1035649819,0.9673469388,0.0982994608,,,,,,,,,,,0.034693878,0.06640625
1579,0.83265306,0.13276928,0.9367346939,0.1035883548,0.9673469388,0.09831985065,,,,,,,,,,,0.034693878,0.066666667
1580,0.83265306,0.1328125,0.9367346939,0.1036117381,0.9673469388,0.09834024896,,,,,,,,,,,0.034693878,0.066929134
1581,0.83265306,0.13285575,0.9367346939,0.1036351321,0.9673469388,0.09836065574,,,,,,,,,,,0.034693878,0.067193676
1582,0.83265306,0.13298566,0.9346938776,0.103432701,0.9673469388,0.09838107098,,,,,,,,,,,0.032653061,0.063492063
1583,0.83265306,0.13302902,0.9346938776,0.1034560651,0.9673469388,0.09840149471,,,,,,,,,,,0.032653061,0.06374502
1584,0.83265306,0.13307241,0.9346938776,0.1034794397,0.9673469388,0.09842192691,,,,,,,,,,,0.032653061,0.064
1585,0.83265306,0.13311582,0.9346938776,0.1035028249,0.9673469388,0.0984423676,,,,,,,,,,,0.032653061,0.064257028
1586,0.83265306,0.13315927,0.9346938776,0.1035262206,0.9673469388,0.09846281678,,,,,,,,,,,0.032653061,0.064516129
1587,0.83265306,0.13320274,0.9346938776,0.103549627,0.9673469388,0.09848327446,,,,,,,,,,,0.032653061,0.064777328
1588,0.83265306,0.13324624,0.9346938776,0.1035730439,0.9673469388,0.09850374065,,,,,,,,,,,0.032653061,0.06504065
1589,0.83265306,0.13328977,0.9346938776,0.1035964714,0.9673469388,0.09852421534,,,,,,,,,,,0.032653061,0.065306122
1590,0.83265306,0.13333333,0.9346938776,0.1036199095,0.9673469388,0.09854469854,,,,,,,,,,,0.032653061,0.06557377
1591,0.83265306,0.13337692,0.9346938776,0.1036433582,0.9673469388,0.09856519027,,,,,,,,,,,0.030612245,0.061728395
1592,0.83265306,0.13342054,0.9346938776,0.1036668176,0.9673469388,0.09858569052,,,,,,,,,,,0.030612245,0.061983471
1593,0.83265306,0.13346418,0.9346938776,0.1036902875,0.9673469388,0.09860619929,,,,,,,,,,,0.030612245,0.062240664
1594,0.83265306,0.13350785,0.9346938776,0.1037137681,0.9673469388,0.0986267166,,,,,,,,,,,0.028571429,0.058333333
1595,0.83265306,0.13355155,0.9346938776,0.1037372593,0.9673469388,0.09864724246,,,,,,,,,,,0.028571429,0.058577406
1596,0.83265306,0.13359528,0.9346938776,0.1037607612,0.9673469388,0.09866777685,,,,,,,,,,,0.028571429,0.058823529
1597,0.83265306,0.13363904,0.9346938776,0.1037842737,0.9673469388,0.0986883198,,,,,,,,,,,0.028571429,0.05907173
1598,0.83265306,0.13368283,0.9346938776,0.1038077969,0.9673469388,0.0987088713,,,,,,,,,,,0.028571429,0.059322034
1599,0.83265306,0.13372665,0.9346938776,0.1038313308,0.9673469388,0.09872943137,,,,,,,,,,,0.028571429,0.059574468
1600,0.83265306,0.13377049,0.9346938776,0.1038548753,0.9673469388,0.09875,,,,,,,,,,,0.028571429,0.05982906
1601,0.83265306,0.13381437,0.9346938776,0.1038784305,0.9673469388,0.0987705772,,,,,,,,,,,0.028571429,0.060085837
1602,0.83265306,0.13385827,0.9346938776,0.1039019964,0.9673469388,0.09879116298,,,,,,,,,,,0.028571429,0.060344828
1603,0.83265306,0.13394616,0.9326530612,0.1036986612,0.9673469388,0.09881175735,,,,,,,,,,,0.028571429,0.060606061
1604,0.83265306,0.13399015,0.9326530612,0.1037457435,0.9673469388,0.0988323603,,,,,,,,,,,0.028571429,0.060869565
1605,0.83265306,0.13403417,0.9326530612,0.1037693006,0.9673469388,0.09885297185,,,,,,,,,,,0.028571429,0.061135371
1606,0.83061224,0.13379356,0.9326530612,0.1037928685,0.9673469388,0.09887359199,,,,,,,,,,,0.028571429,0.061403509
1607,0.83061224,0.13383755,0.9326530612,0.1038164471,0.9673469388,0.09889422074,,,,,,,,,,,0.028571429,0.061674009
1608,0.83061224,0.13388158,0.9326530612,0.1038400364,0.9673469388,0.0989148581,,,,,,,,,,,0.028571429,0.061946903
1609,0.83061224,0.13392563,0.9326530612,0.1038636364,0.9673469388,0.09893550407,,,,,,,,,,,0.028571429,0.062222222
1610,0.83061224,0.13396972,0.9326530612,0.1038872471,0.9673469388,0.09895615866,,,,,,,,,,,0.028571429,0.0625
1611,0.83061224,0.13401383,0.9326530612,0.1039108686,0.9673469388,0.09897682188,,,,,,,,,,,0.028571429,0.062780269
1612,0.83061224,0.13405797,0.9326530612,0.1039345008,0.9673469388,0.09899749373,,,,,,,,,,,0.028571429,0.063063063
1613,0.83061224,0.13414634,0.9326530612,0.1039581438,0.9673469388,0.09901817422,,,,,,,,,,,0.028571429,0.063348416
1614,0.83061224,0.13419057,0.9326530612,0.1039817975,0.9673469388,0.09903886335,,,,,,,,,,,0.028571429,0.063636364
1615,0.83061224,0.13423483,0.9326530612,0.104005462,0.9673469388,0.09905956113,,,,,,,,,,,0.028571429,0.063926941
1616,0.83061224,0.13432343,0.9326530612,0.1040291373,0.9673469388,0.09908026756,,,,,,,,,,,0.028571429,0.064220183
1617,0.83061224,0.13436778,0.9326530612,0.1040528233,0.9673469388,0.09910098265,,,,,,,,,,,0.028571429,0.064516129
1618,0.83061224,0.13441215,0.9326530612,0.1040765202,0.9673469388,0.0991217064,,,,,,,,,,,0.028571429,0.064814815
1619,0.83061224,0.13450099,0.9326530612,0.1041002278,0.9673469388,0.09914243882,,,,,,,,,,,0.028571429,0.065116279
1620,0.83061224,0.13454545,0.9326530612,0.1041239462,0.9673469388,0.09916317992,,,,,,,,,,,0.028571429,0.065420561
1621,0.83061224,0.13458995,0.9326530612,0.1041476755,0.9673469388,0.09918392969,,,,,,,,,,,0.026530612,0.061032864
1622,0.83061224,0.13463447,0.9326530612,0.1041714155,0.9673469388,0.09920468815,,,,,,,,,,,0.026530612,0.061320755
1623,0.83061224,0.13467902,0.9326530612,0.1041951664,0.9673469388,0.09922545531,,,,,,,,,,,0.026530612,0.061611374
1624,0.83061224,0.1347236,0.9326530612,0.1042189282,0.9673469388,0.09924623116,,,,,,,,,,,0.024489796,0.057142857
1625,0.83061224,0.13481285,0.9326530612,0.1042427007,0.9673469388,0.09926701571,,,,,,,,,,,0.024489796,0.057416268
1626,0.83061224,0.13485752,0.9326530612,0.1042664841,0.9673469388,0.09928780897,,,,,,,,,,,0.024489796,0.057692308
1627,0.83061224,0.13490222,0.9326530612,0.1042902784,0.9673469388,0.09930861094,,,,,,,,,,,0.024489796,0.057971014
1628,0.83061224,0.13494695,0.9326530612,0.1043140835,0.9673469388,0.09932942163,,,,,,,,,,,0.024489796,0.058252427
1629,0.83061224,0.13499171,0.9326530612,0.1043378995,0.9673469388,0.09935024104,,,,,,,,,,,0.024489796,0.058536585
1630,0.83061224,0.1350365,0.9326530612,0.1043617264,0.9673469388,0.09937106918,,,,,,,,,,,0.024489796,0.058823529
1631,0.83061224,0.13508131,0.9326530612,0.1043855642,0.9673469388,0.09939190606,,,,,,,,,,,0.024489796,0.0591133
1632,0.83061224,0.13512616,0.9326530612,0.1044094128,0.9673469388,0.09941275168,,,,,,,,,,,0.024489796,0.059405941
1633,0.83061224,0.13517104,0.9326530612,0.1044332724,0.9673469388,0.09943360604,,,,,,,,,,,0.024489796,0.059701493
1634,0.83061224,0.13521595,0.9326530612,0.1044571429,0.9673469388,0.09945446916,,,,,,,,,,,0.024489796,0.06
1635,0.83061224,0.13526088,0.9326530612,0.1044810242,0.9673469388,0.09947534103,,,,,,,,,,,0.024489796,0.060301508
1636,0.83061224,0.13530585,0.9326530612,0.1045049165,0.9673469388,0.09949622166,,,,,,,,,,,0.024489796,0.060606061
1637,0.83061224,0.13535085,0.9326530612,0.1045288198,0.9673469388,0.09951711106,,,,,,,,,,,0.024489796,0.060913706
,0.82857143,0.13506321,0.9326530612,0.1045527339,0.9673469388,0.09953800924,,,,,,,,,,,0.024489796,0.06122449
,0.82857143,0.13510815,0.9326530612,0.104576659,0.9673469388,0.09955891619,,,,,,,,,,,0.024489796,0.061538462
,0.82857143,0.13515313,0.9326530612,0.1046005951,0.9673469388,0.09957983193,,,,,,,,,,,0.024489796,0.06185567
,0.82653061,0.13486513,0.9326530612,0.1046245421,0.9673469388,0.09960075646,,,,,,,,,,,0.024489796,0.062176166
,0.8244898,0.13457695,0.9326530612,0.1046485001,0.9673469388,0.09962168979,,,,,,,,,,,0.024489796,0.0625
,0.8244898,0.13462179,0.9306122449,0.1044434265,0.9673469388,0.09964263191,,,,,,,,,,,0.024489796,0.062827225
,0.8244898,0.1347565,0.9306122449,0.104467354,0.9673469388,0.09966358284,,,,,,,,,,,0.024489796,0.063157895
,0.8244898,0.13484646,0.9306122449,0.1044912924,0.9673469388,0.09968454259,,,,,,,,,,,0.024489796,0.063492063
,0.8244898,0.13489149,0.9306122449,0.1045392022,0.9653061224,0.09949516197,,,,,,,,,,,0.024489796,0.063829787
,0.8244898,0.13493654,0.9306122449,0.1045631736,0.9653061224,0.0995160951,,,,,,,,,,,0.024489796,0.064171123
,0.8244898,0.13498162,0.9306122449,0.104587156,0.9653061224,0.09953703704,,,,,,,,,,,0.024489796,0.064516129
,0.8244898,0.13502674,0.9306122449,0.1046351537,0.9653061224,0.09955798779,,,,,,,,,,,0.024489796,0.064864865
,0.82244898,0.13473755,0.9306122449,0.1046591692,0.9653061224,0.09957894737,,,,,,,,,,,0.024489796,0.065217391
,0.82244898,0.13478261,0.9306122449,0.1047072331,0.9653061224,0.09959991577,,,,,,,,,,,0.024489796,0.06557377
,0.82244898,0.1348277,0.9306122449,0.1047312816,0.9653061224,0.09962089301,,,,,,,,,,,0.024489796,0.065934066
,0.82244898,0.13487282,0.9306122449,0.1047553411,0.9653061224,0.09964187908,,,,,,,,,,,0.024489796,0.066298343
,0.82244898,0.13491798,0.9306122449,0.1047794118,0.9653061224,0.099662874,,,,,,,,,,,0.024489796,0.066666667
,0.82244898,0.13496316,0.9306122449,0.1048034934,0.9653061224,0.09968387777,,,,,,,,,,,0.024489796,0.067039106
,0.82244898,0.13500838,0.9306122449,0.1048275862,0.9653061224,0.09970489039,,,,,,,,,,,0.024489796,0.06741573
,0.82244898,0.13505362,0.9306122449,0.10485169,0.9653061224,0.09972591187,,,,,,,,,,,0.024489796,0.06779661
,0.82244898,0.13509889,0.9306122449,0.104875805,0.9653061224,0.09974694222,,,,,,,,,,,0.024489796,0.068181818
,0.82244898,0.1351442,0.9306122449,0.104899931,0.9653061224,0.09976798144,,,,,,,,,,,0.024489796,0.068571429
,0.82244898,0.13518953,0.9306122449,0.1049240681,0.9653061224,0.09978902954,,,,,,,,,,,0.024489796,0.068965517
,0.82244898,0.1352349,0.9306122449,0.1049482163,0.9632653061,0.09959907153,,,,,,,,,,,0.024489796,0.069364162
,0.82244898,0.1352803,0.9306122449,0.1049723757,0.9632653061,0.09962009287,,,,,,,,,,,0.024489796,0.069767442
,0.82244898,0.13532572,0.9306122449,0.1049965462,0.9632653061,0.09964112307,,,,,,,,,,,0.024489796,0.070175439
,0.82244898,0.13541667,0.9306122449,0.1050207278,0.9632653061,0.09966216216,,,,,,,,,,,0.024489796,0.070588235
,0.82244898,0.13546218,0.9306122449,0.1050691244,0.9632653061,0.09968321014,,,,,,,,,,,0.024489796,0.071005917
,0.82244898,0.13550773,0.9306122449,0.1050933395,0.9632653061,0.099704267,,,,,,,,,,,0.024489796,0.071428571
,0.82040816,0.13521695,0.9285714286,0.1048870447,0.9632653061,0.09972533277,,,,,,,,,,,0.024489796,0.071856287
,0.82040816,0.13526245,0.9285714286,0.104911229,0.9632653061,0.09974640744,,,,,,,,,,,0.024489796,0.072289157
,0.82040816,0.13530798,0.9285714286,0.1049354244,0.9632653061,0.09976749102,,,,,,,,,,,0.024489796,0.072727273
,0.82040816,0.13535354,0.9285714286,0.1049596309,0.9632653061,0.09978858351,,,,,,,,,,,0.024489796,0.073170732
,0.82040816,0.13539912,0.9285714286,0.1049838486,0.9612244898,0.09959822373,,,,,,,,,,,0.024489796,0.073619632
,0.82040816,0.13544474,0.9285714286,0.1050080775,0.9612244898,0.09961928934,,,,,,,,,,,0.024489796,0.074074074
,0.82040816,0.13549039,0.9285714286,0.1050323176,0.9612244898,0.09964036387,,,,,,,,,,,0.02244898,0.068322981
,0.82040816,0.13553608,0.9265306122,0.1048256754,0.9612244898,0.09966144731,,,,,,,,,,,0.020408163,0.0625
,0.82040816,0.13558179,0.9265306122,0.1048498845,0.9612244898,0.09968253968,,,,,,,,,,,0.020408163,0.062893082
,0.82040816,0.13562753,0.9265306122,0.1048741049,0.9612244898,0.09970364098,,,,,,,,,,,0.020408163,0.063291139
,0.82040816,0.1356733,0.9265306122,0.1048983364,0.9612244898,0.09972475122,,,,,,,,,,,0.020408163,0.063694268
,0.82040816,0.13571911,0.9265306122,0.1049225792,0.9591836735,0.09953409572,,,,,,,,,,,0.020408163,0.064102564
,0.82040816,0.13576494,0.9265306122,0.1049468331,0.9591836735,0.09955517899,,,,,,,,,,,0.020408163,0.064516129
,0.82040816,0.13585671,0.9265306122,0.1049710983,0.9591836735,0.09957627119,,,,,,,,,,,0.020408163,0.064935065
,0.82040816,0.13590264,0.9265306122,0.1049953747,0.9591836735,0.09959737232,,,,,,,,,,,0.020408163,0.065359477
,0.82040816,0.1359486,0.9265306122,0.1050439611,0.9591836735,0.09961848241,,,,,,,,,,,0.020408163,0.065789474
,0.82040816,0.13599459,0.9244897959,0.1048368433,0.9591836735,0.09963960144,,,,,,,,,,,0.018367347,0.059602649
,0.82040816,0.13604061,0.9244897959,0.1048611111,0.9591836735,0.09966072943,,,,,,,,,,,0.018367347,0.06
,0.82040816,0.13608666,0.9244897959,0.1048853901,0.9591836735,0.09968186638,,,,,,,,,,,0.018367347,0.060402685
,0.82040816,0.13613275,0.9244897959,0.1049096804,0.9591836735,0.0997030123,,,,,,,,,,,0.018367347,0.060810811
,0.82040816,0.13617886,0.9244897959,0.1049339819,0.9591836735,0.0997241672,,,,,,,,,,,0.018367347,0.06122449
,0.81836735,0.13588614,0.9244897959,0.1049582947,0.9591836735,0.09974533107,,,,,,,,,,,0.018367347,0.061643836
,0.81836735,0.1359322,0.9244897959,0.1049826188,0.9591836735,0.09976650393,,,,,,,,,,,0.018367347,0.062068966
,0.81836735,0.1359783,0.9244897959,0.1050069541,0.9591836735,0.09978768577,,,,,,,,,,,0.018367347,0.0625
,0.81836735,0.13602442,0.9244897959,0.1050313007,0.9591836735,0.09980887662,,,,,,,,,,,0.018367347,0.062937063
,0.81836735,0.13607058,0.9244897959,0.1050556586,0.9591836735,0.09983007647,,,,,,,,,,,0.018367347,0.063380282
,0.81836735,0.13611677,0.9244897959,0.1050800278,0.9591836735,0.09985128532,,,,,,,,,,,0.018367347,0.063829787
,0.81836735,0.13616299,0.9244897959,0.1051044084,0.9591836735,0.09987250319,,,,,,,,,,,0.018367347,0.064285714
,0.81836735,0.13620924,0.9244897959,0.1051288002,0.9591836735,0.09989373007,,,,,,,,,,,0.018367347,0.064748201
,0.81836735,0.13625552,0.9244897959,0.1051532033,0.9591836735,0.09991496599,,,,,,,,,,,0.018367347,0.065217391
,0.81836735,0.13630184,0.9244897959,0.1051776178,0.9591836735,0.09993621093,,,,,,,,,,,0.018367347,0.065693431
,0.81836735,0.13634818,0.9244897959,0.1052020437,0.9571428571,0.09974478945,,,,,,,,,,,0.018367347,0.066176471
,0.81836735,0.13639456,0.9244897959,0.1052264808,0.9571428571,0.09976600723,,,,,,,,,,,0.018367347,0.066666667
,0.81632653,0.13610071,0.9244897959,0.1052509294,0.9571428571,0.09978723404,,,,,,,,,,,0.018367347,0.067164179
,0.81428571,0.13580667,0.9244897959,0.1052753893,0.9571428571,0.09980846989,,,,,,,,,,,0.018367347,0.067669173
,0.81428571,0.13585291,0.9244897959,0.1052998605,0.9571428571,0.09982971477,,,,,,,,,,,0.018367347,0.068181818
,0.81428571,0.13589918,0.9244897959,0.1053243432,0.9571428571,0.0998509687,,,,,,,,,,,0.018367347,0.06870229
,0.81428571,0.13594549,0.9244897959,0.1053733426,0.9571428571,0.09987223169,,,,,,,,,,,0.018367347,0.069230769
,0.81428571,0.13599182,0.9244897959,0.1053978595,0.9571428571,0.09989350373,,,,,,,,,,,0.018367347,0.069767442
,0.81428571,0.13603819,0.9244897959,0.1054223877,0.9571428571,0.09991478483,,,,,,,,,,,0.018367347,0.0703125
,0.81428571,0.13608458,0.9244897959,0.1054469274,0.9571428571,0.09993607501,,,,,,,,,,,0.018367347,0.070866142
,0.81428571,0.13613101,0.9244897959,0.1054714785,0.9571428571,0.09995737425,,,,,,,,,,,0.016326531,0.063492063
,0.81428571,0.13617747,0.9244897959,0.105496041,0.9571428571,0.09997868258,,,,,,,,,,,0.016326531,0.064
,0.81428571,0.13622397,0.9244897959,0.105520615,0.9571428571,0.1,,,,,,,,,,,0.016326531,0.064516129
,0.81428571,0.13631705,0.9244897959,0.1055452004,0.9571428571,0.1000213265,,,,,,,,,,,0.016326531,0.06504065
,0.81428571,0.13636364,0.9244897959,0.1055697973,0.9571428571,0.1000426621,,,,,,,,,,,0.016326531,0.06557377
,0.81428571,0.13641026,0.9244897959,0.1056190254,0.9571428571,0.1000640068,,,,,,,,,,,0.016326531,0.066115702
,0.81428571,0.13645691,0.9244897959,0.1056436567,0.9571428571,0.1000853606,,,,,,,,,,,0.016326531,0.066666667
,0.81428571,0.13650359,0.9244897959,0.1056682995,0.9571428571,0.1001067236,,,,,,,,,,,0.016326531,0.067226891
,0.81428571,0.13655031,0.9244897959,0.1056929538,0.9571428571,0.1001280956,,,,,,,,,,,0.016326531,0.06779661
,0.81428571,0.13659706,0.9244897959,0.1057176196,0.9571428571,0.1001494768,,,,,,,,,,,0.016326531,0.068376068
,0.81428571,0.13664384,0.9244897959,0.1057422969,0.9571428571,0.1001708672,,,,,,,,,,,0.014285714,0.060344828
,0.81428571,0.13669065,0.9244897959,0.1057669858,0.9571428571,0.1001922666,,,,,,,,,,,0.014285714,0.060869565
,0.81428571,0.13673749,0.9244897959,0.1057916861,0.9571428571,0.1002136752,,,,,,,,,,,0.014285714,0.061403509
,0.81428571,0.13678437,0.9244897959,0.105816398,0.9571428571,0.100235093,,,,,,,,,,,0.014285714,0.061946903
,0.81428571,0.13683128,0.9244897959,0.1058411215,0.9571428571,0.1002565199,,,,,,,,,,,0.014285714,0.0625
,0.81428571,0.13692519,0.9244897959,0.1058658565,0.9551020408,0.1000641437,,,,,,,,,,,0.014285714,0.063063063
,0.81428571,0.13697219,0.9244897959,0.1059153612,0.9551020408,0.1000855432,,,,,,,,,,,0.014285714,0.063636364
,0.81428571,0.13701923,0.9244897959,0.105940131,0.9551020408,0.1001069519,,,,,,,,,,,0.014285714,0.064220183
,0.81428571,0.1370663,0.9244897959,0.1059649123,0.9551020408,0.1001283697,,,,,,,,,,,0.014285714,0.064814815
,0.81428571,0.1371134,0.9244897959,0.1059897052,0.9551020408,0.1001497967,,,,,,,,,,,0.014285714,0.065420561
,0.81428571,0.13716054,0.9244897959,0.1060393258,0.9551020408,0.1001712329,,,,,,,,,,,0.014285714,0.066037736
,0.81428571,0.1372077,0.9244897959,0.1060641536,0.9551020408,0.1001926782,,,,,,,,,,,0.014285714,0.066666667
,0.81428571,0.1372549,0.9244897959,0.106113844,0.9551020408,0.1002141328,,,,,,,,,,,0.014285714,0.067307692
,0.81428571,0.13730213,0.9244897959,0.1061387067,0.9551020408,0.1002355965,,,,,,,,,,,0.014285714,0.067961165
,0.81428571,0.1373494,0.9244897959,0.106163581,0.9530612245,0.1000428449,,,,,,,,,,,0.014285714,0.068627451
,0.81428571,0.13739669,0.9244897959,0.1061884669,0.9530612245,0.1000642811,,,,,,,,,,,0.014285714,0.069306931
,0.81428571,0.13744402,0.9244897959,0.1062133646,0.9530612245,0.1000857265,,,,,,,,,,,0.014285714,0.07
,0.81428571,0.13749139,0.9244897959,0.1062382739,0.9530612245,0.1001071811,,,,,,,,,,,0.014285714,0.070707071
,0.81428571,0.13753878,0.9244897959,0.1062631949,0.9530612245,0.1001286449,,,,,,,,,,,0.014285714,0.071428571
,0.81428571,0.13758621,0.9244897959,0.1062881276,0.9530612245,0.1001501179,,,,,,,,,,,0.014285714,0.072164948
,0.81428571,0.13763367,0.9244897959,0.1063380282,0.9530612245,0.1001716002,,,,,,,,,,,0.014285714,0.072916667
,0.81428571,0.13768116,0.9244897959,0.106362996,0.9530612245,0.1001930916,,,,,,,,,,,0.014285714,0.073684211
,0.81428571,0.13772868,0.9224489796,0.1061531235,0.9530612245,0.1002145923,,,,,,,,,,,0.014285714,0.074468085
,0.81428571,0.13777624,0.9224489796,0.1061780597,0.9530612245,0.1002361022,,,,,,,,,,,0.014285714,0.075268817
,0.81428571,0.13782383,0.9224489796,0.1062030075,0.9530612245,0.1002576213,,,,,,,,,,,0.014285714,0.076086957
,0.81428571,0.13787146,0.9224489796,0.1062279671,0.9530612245,0.1002791497,,,,,,,,,,,0.014285714,0.076923077
,0.81428571,0.13791912,0.9224489796,0.1062529384,0.9530612245,0.1003006873,,,,,,,,,,,0.014285714,0.077777778
,0.81428571,0.1379668,0.9224489796,0.1062779215,0.9530612245,0.1003222342,,,,,,,,,,,0.012244898,0.06741573
,0.81428571,0.13801453,0.9224489796,0.1063029163,0.9530612245,0.1003437903,,,,,,,,,,,0.012244898,0.068181818
,0.81428571,0.13806228,0.9224489796,0.1063279228,0.9530612245,0.1003653557,,,,,,,,,,,0.012244898,0.068965517
,0.81428571,0.13811007,0.9224489796,0.1063529412,0.9530612245,0.1003869304,,,,,,,,,,,0.012244898,0.069767442
,0.81428571,0.13820575,0.9224489796,0.1063779713,0.9530612245,0.1004085143,,,,,,,,,,,0.012244898,0.070588235
,0.81428571,0.13825364,0.9224489796,0.1064030132,0.9530612245,0.1004301075,,,,,,,,,,,0.012244898,0.071428571
,0.81428571,0.13834951,0.9224489796,0.1064280669,0.9530612245,0.10045171,,,,,,,,,,,0.012244898,0.072289157
,0.81428571,0.1383975,0.9224489796,0.1064782097,0.9530612245,0.1004733219,,,,,,,,,,,0.012244898,0.073170732
,0.81428571,0.13844552,0.9224489796,0.1065032988,0.9530612245,0.100494943,,,,,,,,,,,0.012244898,0.074074074
,0.81428571,0.13849358,0.9224489796,0.1065283997,0.9530612245,0.1005165734,,,,,,,,,,,0.012244898,0.075
,0.81428571,0.13854167,0.9224489796,0.1065535125,0.9530612245,0.1005382131,,,,,,,,,,,0.012244898,0.075949367
,0.81428571,0.13858979,0.9224489796,0.1065786371,0.9530612245,0.1005598622,,,,,,,,,,,0.012244898,0.076923077
,0.81428571,0.13863794,0.9224489796,0.1066037736,0.9530612245,0.1005815206,,,,,,,,,,,0.012244898,0.077922078
,0.81428571,0.13868613,0.9224489796,0.1066289219,0.9530612245,0.1006031883,,,,,,,,,,,0.012244898,0.078947368
,0.81428571,0.13873435,0.9204081633,0.1064181218,0.9510204082,0.1004093945,,,,,,,,,,,0.012244898,0.08
,0.81428571,0.13878261,0.9204081633,0.1064432381,0.9510204082,0.1004310345,,,,,,,,,,,0.012244898,0.081081081
,0.81428571,0.1388309,0.9183673469,0.1062322946,0.9510204082,0.1004526838,,,,,,,,,,,0.012244898,0.082191781
,0.81428571,0.13887922,0.9183673469,0.106257379,0.9510204082,0.1004743424,,,,,,,,,,,0.012244898,0.083333333
,0.81428571,0.13892758,0.9163265306,0.1060462919,0.9510204082,0.1004960104,,,,,,,,,,,0.012244898,0.084507042
,0.81428571,0.13897597,0.9163265306,0.1060713442,0.9510204082,0.1005176877,,,,,,,,,,,0.012244898,0.085714286
,0.81428571,0.13902439,0.9163265306,0.1060964083,0.9510204082,0.1005393743,,,,,,,,,,,0.012244898,0.086956522
,0.81428571,0.13907285,0.9163265306,0.1061214843,0.9510204082,0.1005610703,,,,,,,,,,,0.012244898,0.088235294
,0.81428571,0.13916986,0.9163265306,0.1061465721,0.9510204082,0.1005827757,,,,,,,,,,,0.012244898,0.089552239
,0.81428571,0.13921842,0.9163265306,0.1061716718,0.9489795918,0.100388601,,,,,,,,,,,0.012244898,0.090909091
,0.81428571,0.13926702,0.9163265306,0.1061967833,0.9489795918,0.1004102786,,,,,,,,,,,0.012244898,0.092307692
,0.81428571,0.13931564,0.9163265306,0.1062219068,0.9489795918,0.1004319654,,,,,,,,,,,0.012244898,0.09375
,0.81428571,0.1393643,0.9163265306,0.1062470421,0.9489795918,0.1004536617,,,,,,,,,,,0.010204082,0.079365079
,0.81428571,0.139413,0.9163265306,0.1062721893,0.9489795918,0.1004753673,,,,,,,,,,,0.010204082,0.080645161
,0.81428571,0.13951049,0.9163265306,0.1062973485,0.9489795918,0.1004970823,,,,,,,,,,,0.010204082,0.081967213
,0.81428571,0.13955929,0.9142857143,0.1060857211,0.9489795918,0.1005188067,,,,,,,,,,,0.010204082,0.083333333
,0.81428571,0.13960812,0.9142857143,0.1061108479,0.9489795918,0.1005405405,,,,,,,,,,,0.008163265,0.06779661
,0.81428571,0.13965698,0.9142857143,0.1061359867,0.9489795918,0.1005622837,,,,,,,,,,,0.008163265,0.068965517
,0.8122449,0.13940455,0.9142857143,0.1061611374,0.9489795918,0.1005840363,,,,,,,,,,,0.008163265,0.070175439
,0.8122449,0.1394534,0.9142857143,0.1061863001,0.9489795918,0.1006057984,,,,,,,,,,,0.008163265,0.071428571
,0.8122449,0.13950228,0.9142857143,0.1062114746,0.9489795918,0.1006275698,,,,,,,,,,,0.008163265,0.072727273
,0.8122449,0.13955119,0.9142857143,0.1062366611,0.9489795918,0.1006493506,,,,,,,,,,,0.008163265,0.074074074
,0.8122449,0.13960014,0.9142857143,0.1062618596,0.9489795918,0.1006711409,,,,,,,,,,,0.008163265,0.075471698
,0.8122449,0.13964912,0.9142857143,0.10628707,0.9489795918,0.1006929407,,,,,,,,,,,0.008163265,0.076923077
,0.8122449,0.13969814,0.9142857143,0.1063122924,0.9489795918,0.1007147498,,,,,,,,,,,0.008163265,0.078431373
,0.8122449,0.13974719,0.9142857143,0.1063375267,0.9489795918,0.1007365685,,,,,,,,,,,0.006122449,0.06
,0.8122449,0.13979628,0.9142857143,0.106362773,0.9489795918,0.1007583965,,,,,,,,,,,0.006122449,0.06122449
,0.8122449,0.1398454,0.9142857143,0.1063880313,0.9489795918,0.1007802341,,,,,,,,,,,0.006122449,0.0625
,0.8122449,0.13989455,0.9142857143,0.1064133017,0.9489795918,0.1008020811,,,,,,,,,,,0.006122449,0.063829787
,0.8122449,0.13994374,0.9142857143,0.106438584,0.9489795918,0.1008239376,,,,,,,,,,,0.006122449,0.065217391
,0.8122449,0.13999297,0.9142857143,0.1064638783,0.9489795918,0.1008458035,,,,,,,,,,,0.006122449,0.066666667
,0.8122449,0.14004222,0.9142857143,0.1064891847,0.9489795918,0.100867679,,,,,,,,,,,0.006122449,0.068181818
,0.8122449,0.1403385,0.9142857143,0.1065145031,0.9489795918,0.1008895639,,,,,,,,,,,0.006122449,0.069767442
,0.8122449,0.14038801,0.9142857143,0.1065398335,0.9489795918,0.1009114583,,,,,,,,,,,0.006122449,0.071428571
,0.8122449,0.14043754,0.9142857143,0.106565176,0.9489795918,0.1009333623,,,,,,,,,,,0.006122449,0.073170732
,0.81020408,0.14018362,0.9142857143,0.1065905306,0.9489795918,0.1009552757,,,,,,,,,,,0.006122449,0.075
,0.80816327,0.1398799,0.9142857143,0.1066158972,0.9489795918,0.1009771987,,,,,,,,,,,0.006122449,0.076923077
,0.80816327,0.13992933,0.9142857143,0.1066412759,0.9489795918,0.1009991312,,,,,,,,,,,0.006122449,0.078947368
,0.80816327,0.13997879,0.9142857143,0.1066666667,0.9489795918,0.1010210732,,,,,,,,,,,0.006122449,0.081081081
,0.80816327,0.14002829,0.9142857143,0.1066920695,0.9489795918,0.1010430248,,,,,,,,,,,0.006122449,0.083333333
,0.80816327,0.14007782,0.9142857143,0.1067174845,0.9489795918,0.1010649859,,,,,,,,,,,0.006122449,0.085714286
,0.80612245,0.13977353,0.9142857143,0.1067429116,0.9489795918,0.1010869565,,,,,,,,,,,0.006122449,0.088235294
,0.80612245,0.13982301,0.912244898,0.1065300286,0.9489795918,0.1011089367,,,,,,,,,,,0.006122449,0.090909091
,0.80612245,0.13987252,0.912244898,0.1065554231,0.9489795918,0.1011309265,,,,,,,,,,,0.006122449,0.09375
,0.80612245,0.13992207,0.912244898,0.1065808298,0.9489795918,0.1011529258,,,,,,,,,,,0.006122449,0.096774194
,0.80612245,0.13997165,0.912244898,0.1066316794,0.9489795918,0.1011749347,,,,,,,,,,,0.006122449,0.1
,0.80612245,0.14002127,0.912244898,0.1066571224,0.9489795918,0.1011969532,,,,,,,,,,,0.006122449,0.103448276
,0.80612245,0.14007092,0.912244898,0.1066825776,0.9489795918,0.1012189813,,,,,,,,,,,0.006122449,0.107142857
,0.80612245,0.14017033,0.912244898,0.1067080449,0.9489795918,0.1012410189,,,,,,,,,,,0.006122449,0.111111111
,0.80612245,0.14022009,0.912244898,0.1067335244,0.9489795918,0.1012630662,,,,,,,,,,,0.006122449,0.115384615
,0.80612245,0.14026989,0.912244898,0.1067845198,0.9489795918,0.1012851231,,,,,,,,,,,0.006122449,0.12
,0.80612245,0.14031972,0.912244898,0.1068100358,0.9489795918,0.1013071895,,,,,,,,,,,0.006122449,0.125
,0.80612245,0.14041948,0.912244898,0.1068355641,0.9489795918,0.1013292656,,,,,,,,,,,0.006122449,0.130434783
,0.80612245,0.14046942,0.912244898,0.1068611045,0.9489795918,0.1013513514,,,,,,,,,,,0.006122449,0.136363636
,0.80612245,0.14051939,0.912244898,0.1068866571,0.9489795918,0.1013734467,,,,,,,,,,,0.006122449,0.142857143
,0.80612245,0.1405694,0.912244898,0.106912222,0.9489795918,0.1013955517,,,,,,,,,,,0.004081633,0.1
,0.80408163,0.14026344,0.912244898,0.106937799,0.9489795918,0.1014176663,,,,,,,,,,,0.004081633,0.105263158
,0.80408163,0.14031339,0.912244898,0.1069633884,0.9489795918,0.1014397906,,,,,,,,,,,0.004081633,0.111111111
,0.80408163,0.14036338,0.912244898,0.1069889899,0.9489795918,0.1014619245,,,,,,,,,,,0.004081633,0.117647059
,0.80408163,0.1404134,0.912244898,0.1070146038,0.9489795918,0.1014840681,,,,,,,,,,,0.004081633,0.125
,0.80408163,0.14046346,0.912244898,0.1070402299,0.9489795918,0.1015062213,,,,,,,,,,,0.004081633,0.133333333
,0.80408163,0.14051355,0.912244898,0.1070658683,0.9489795918,0.1015283843,,,,,,,,,,,0.004081633,0.142857143
,0.80408163,0.14056368,0.912244898,0.1070915189,0.9489795918,0.1015505569,,,,,,,,,,,0.004081633,0.153846154
,0.80408163,0.14061385,0.912244898,0.1071171819,0.9489795918,0.1015727392,,,,,,,,,,,0.002040816,0.083333333
,0.80408163,0.14066405,0.912244898,0.1071428571,0.9489795918,0.1015949312,,,,,,,,,,,0.002040816,0.090909091
,0.80204082,0.14035714,0.912244898,0.1071685447,0.9489795918,0.1016171329,,,,,,,,,,,0.002040816,0.1
,0.80204082,0.14040729,0.912244898,0.1071942446,0.9489795918,0.1016393443,,,,,,,,,,,0.002040816,0.111111111
,0.80204082,0.14045747,0.912244898,0.1072199568,0.9489795918,0.1016615654,,,,,,,,,,,0.002040816,0.125
,0.80204082,0.14050769,0.912244898,0.1072456814,0.9489795918,0.1016837962,,,,,,,,,,,0,1
,0.80204082,0.14055794,0.912244898,0.1072714183,0.9489795918,0.1017060367,,,,,,,,,,,,
,0.80204082,0.14060823,0.912244898,0.1072971675,0.9489795918,0.101728287,,,,,,,,,,,,
,0.80204082,0.14065855,0.912244898,0.1073487032,0.9489795918,0.101750547,,,,,,,,,,,,
,0.80204082,0.14070892,0.912244898,0.1073744896,0.9489795918,0.1017728168,,,,,,,,,,,,
,0.80204082,0.14075931,0.912244898,0.1074002883,0.9489795918,0.1017950963,,,,,,,,,,,,
,0.80204082,0.14080975,0.912244898,0.1074260995,0.9489795918,0.1018173856,,,,,,,,,,,,
,0.80204082,0.14086022,0.912244898,0.1074519231,0.9489795918,0.1018396846,,,,,,,,,,,,
,0.80204082,0.14091072,0.912244898,0.1074777591,0.9489795918,0.1018619934,,,,,,,,,,,,
,0.80204082,0.14096126,0.912244898,0.1075036075,0.9489795918,0.101884312,,,,,,,,,,,,
,0.80204082,0.14101184,0.912244898,0.1075294684,0.9489795918,0.1019066404,,,,,,,,,,,,
,0.80204082,0.14106246,0.912244898,0.1075553417,0.9489795918,0.1019289785,,,,,,,,,,,,
,0.80204082,0.14111311,0.912244898,0.1075812274,0.9489795918,0.1019513265,,,,,,,,,,,,
,0.80204082,0.14116379,0.912244898,0.1076071257,0.9489795918,0.1019736842,,,,,,,,,,,,
,0.8,0.14085519,0.912244898,0.1076330364,0.9489795918,0.1019960518,,,,,,,,,,,,
,0.8,0.14095649,0.912244898,0.1076589595,0.9489795918,0.1020184291,,,,,,,,,,,,
,0.8,0.14100719,0.912244898,0.1076848952,0.9489795918,0.1020408163,,,,,,,,,,,,
,0.8,0.14105793,0.912244898,0.1077108434,0.9489795918,0.1020632133,,,,,,,,,,,,
,0.8,0.14115952,0.912244898,0.107736804,0.9489795918,0.1020856202,,,,,,,,,,,,
,0.8,0.14121037,0.912244898,0.107788763,0.9489795918,0.1021080369,,,,,,,,,,,,
,0.8,0.14126126,0.912244898,0.107840772,0.9489795918,0.1021304634,,,,,,,,,,,,
,0.8,0.14131218,0.912244898,0.1078667954,0.9489795918,0.1021528998,,,,,,,,,,,,
,0.8,0.14136314,0.912244898,0.1078928313,0.9489795918,0.1021753461,,,,,,,,,,,,
,0.8,0.14141414,0.912244898,0.1079188798,0.9489795918,0.1021978022,,,,,,,,,,,,
,0.8,0.14146518,0.912244898,0.1079449408,0.9489795918,0.1022202682,,,,,,,,,,,,
,0.8,0.14151625,0.912244898,0.1079710145,0.9489795918,0.1022427441,,,,,,,,,,,,
,0.8,0.14156735,0.912244898,0.1079971007,0.9489795918,0.1022652298,,,,,,,,,,,,
,0.8,0.1416185,0.912244898,0.1080231996,0.9489795918,0.1022877255,,,,,,,,,,,,
,0.8,0.14166968,0.912244898,0.1080493111,0.9469387755,0.102090209,,,,,,,,,,,,
,0.8,0.1417209,0.9102040816,0.1078336557,0.9469387755,0.1021126761,,,,,,,,,,,,
,0.8,0.14177215,0.9102040816,0.107859734,0.9469387755,0.102135153,,,,,,,,,,,,
,0.8,0.14182344,0.9102040816,0.1078858249,0.9469387755,0.1021576398,,,,,,,,,,,,
,0.8,0.14192614,0.9102040816,0.1079119284,0.9448979592,0.1019599207,,,,,,,,,,,,
,0.8,0.14197754,0.9102040816,0.1079380445,0.9448979592,0.1019823789,,,,,,,,,,,,
,0.8,0.14202899,0.9102040816,0.1079641733,0.9448979592,0.1020048469,,,,,,,,,,,,
,0.8,0.14208046,0.9102040816,0.1079903148,0.9448979592,0.1020273248,,,,,,,,,,,,
,0.8,0.14213198,0.9102040816,0.1080164689,0.9448979592,0.1020498127,,,,,,,,,,,,
,0.8,0.14218353,0.9102040816,0.1080688151,0.9448979592,0.1020723104,,,,,,,,,,,,
,0.79795918,0.14187228,0.9102040816,0.1080950073,0.9448979592,0.1020948181,,,,,,,,,,,,
,0.79795918,0.14192377,0.9102040816,0.1081212121,0.9448979592,0.1021173357,,,,,,,,,,,,
,0.79795918,0.14197531,0.9102040816,0.1081474297,0.9448979592,0.1021398632,,,,,,,,,,,,
,0.79795918,0.14202688,0.9081632653,0.1079311181,0.9448979592,0.1021624007,,,,,,,,,,,,
,0.79795918,0.14207849,0.9081632653,0.1079573023,0.9448979592,0.1021849481,,,,,,,,,,,,
,0.79795918,0.14218182,0.9081632653,0.1079834992,0.9448979592,0.1022075055,,,,,,,,,,,,
,0.79795918,0.14223354,0.9081632653,0.1080097087,0.9448979592,0.1022300729,,,,,,,,,,,,
,0.79795918,0.1422853,0.9081632653,0.1080359311,0.9448979592,0.1022526502,,,,,,,,,,,,
,0.79795918,0.1423371,0.9081632653,0.1080621661,0.9448979592,0.1022752375,,,,,,,,,,,,
,0.79795918,0.14238893,0.9081632653,0.1080884139,0.9448979592,0.1022978347,,,,,,,,,,,,
,0.79591837,0.1420765,0.9081632653,0.1081146744,0.9448979592,0.102320442,,,,,,,,,,,,
,0.79591837,0.14212828,0.9081632653,0.1081409478,0.9448979592,0.1023430592,,,,,,,,,,,,
,0.79591837,0.14218009,0.9081632653,0.1081672338,0.9448979592,0.1023656865,,,,,,,,,,,,
,0.79591837,0.14223195,0.9081632653,0.1082198444,0.9448979592,0.1023883238,,,,,,,,,,,,
,0.79591837,0.14228384,0.9081632653,0.1082461688,0.9448979592,0.102410971,,,,,,,,,,,,
,0.79591837,0.14233577,0.9081632653,0.1082725061,0.9448979592,0.1024336283,,,,,,,,,,,,
,0.79591837,0.14238773,0.9081632653,0.1082988562,0.9448979592,0.1024562956,,,,,,,,,,,,
,0.79591837,0.14243974,0.9081632653,0.1083252191,0.9448979592,0.102478973,,,,,,,,,,,,
,0.79387755,0.14217836,0.9081632653,0.1083515948,0.9448979592,0.1025016604,,,,,,,,,,,,
,0.79387755,0.14223035,0.9081632653,0.1083779834,0.9448979592,0.1025243578,,,,,,,,,,,,
,0.79387755,0.14228237,0.9081632653,0.1084043849,0.9448979592,0.1025470653,,,,,,,,,,,,
,0.79387755,0.14233443,0.9081632653,0.1084307992,0.9448979592,0.1025697829,,,,,,,,,,,,
,0.79183673,0.1420205,0.9081632653,0.1084572264,0.9448979592,0.1025925105,,,,,,,,,,,,
,0.79183673,0.1420725,0.9081632653,0.1084836665,0.9448979592,0.1026152482,,,,,,,,,,,,
,0.79183673,0.14212454,0.9081632653,0.1085101195,0.9448979592,0.102637996,,,,,,,,,,,,
,0.79183673,0.14217662,0.9081632653,0.1085365854,0.9448979592,0.1026607539,,,,,,,,,,,,
,0.79183673,0.14222874,0.9081632653,0.1085630642,0.9448979592,0.1026835218,,,,,,,,,,,,
,0.79183673,0.14228089,0.9081632653,0.1085895559,0.9448979592,0.1027062999,,,,,,,,,,,,
,0.79183673,0.14233309,0.9081632653,0.1086160605,0.9448979592,0.1027290881,,,,,,,,,,,,
,0.79183673,0.14238532,0.9081632653,0.1086425781,0.9448979592,0.1027518864,,,,,,,,,,,,
,0.79183673,0.14243759,0.9081632653,0.1086691087,0.9448979592,0.1027746948,,,,,,,,,,,,
,0.78979592,0.14212266,0.9081632653,0.1086956522,0.9448979592,0.1027975133,,,,,,,,,,,,
,0.78979592,0.14217487,0.9081632653,0.1087222086,0.9448979592,0.102820342,,,,,,,,,,,,
,0.78979592,0.14222712,0.9081632653,0.1087487781,0.9448979592,0.1028431808,,,,,,,,,,,,
,0.78979592,0.14233174,0.9081632653,0.1087753605,0.9448979592,0.1028660298,,,,,,,,,,,,
,0.78979592,0.14238411,0.9081632653,0.108801956,0.9448979592,0.1028888889,,,,,,,,,,,,
,0.78979592,0.14243651,0.9081632653,0.1088285644,0.9448979592,0.1029117582,,,,,,,,,,,,
,0.78979592,0.14248895,0.9081632653,0.1088551859,0.9448979592,0.1029346376,,,,,,,,,,,,
,0.78979592,0.14254144,0.9081632653,0.1088818204,0.9448979592,0.1029575272,,,,,,,,,,,,
,0.78979592,0.14259396,0.9081632653,0.1089084679,0.9448979592,0.102980427,,,,,,,,,,,,
,0.78979592,0.14264652,0.9081632653,0.1089351285,0.9448979592,0.103003337,,,,,,,,,,,,
,0.78979592,0.14269912,0.9081632653,0.1089618022,0.9448979592,0.1030262572,,,,,,,,,,,,
,0.78979592,0.14285714,0.9081632653,0.1089884889,0.9448979592,0.1030491876,,,,,,,,,,,,
,0.78979592,0.1429099,0.9081632653,0.1090151886,0.9448979592,0.1030721282,,,,,,,,,,,,
,0.78979592,0.14296269,0.9081632653,0.1090419015,0.9448979592,0.103095079,,,,,,,,,,,,
,0.7877551,0.14269871,0.9081632653,0.1090686275,0.9448979592,0.1031180401,,,,,,,,,,,,
,0.7877551,0.14285714,0.9081632653,0.1091221187,0.9448979592,0.1031410114,,,,,,,,,,,,
,0.7877551,0.14291003,0.9081632653,0.1091756624,0.9448979592,0.1031639929,,,,,,,,,,,,
,0.7877551,0.14296296,0.906122449,0.1089570552,0.9448979592,0.1031869846,,,,,,,,,,,,
,0.7877551,0.14301593,0.906122449,0.1089837997,0.9448979592,0.1032099866,,,,,,,,,,,,
,0.7877551,0.14306894,0.906122449,0.1090105573,0.9448979592,0.1032329989,,,,,,,,,,,,
,0.7877551,0.14312199,0.906122449,0.1090373281,0.9448979592,0.1032560214,,,,,,,,,,,,
,0.7877551,0.14317507,0.906122449,0.109064112,0.9428571429,0.1030559893,,,,,,,,,,,,
,0.78571429,0.14285714,0.906122449,0.1090909091,0.9428571429,0.1030789826,,,,,,,,,,,,
,0.78367347,0.14253898,0.906122449,0.1091177193,0.9428571429,0.1031019862,,,,,,,,,,,,
,0.78367347,0.1425919,0.906122449,0.1091445428,0.9428571429,0.103125,,,,,,,,,,,,
,0.78367347,0.14264487,0.906122449,0.1091713794,0.9428571429,0.1031480241,,,,,,,,,,,,
,0.78367347,0.14269788,0.906122449,0.1092250923,0.9428571429,0.1031710585,,,,,,,,,,,,
,0.78367347,0.14275093,0.906122449,0.1092519685,0.9428571429,0.1031941032,,,,,,,,,,,,
,0.78367347,0.14280402,0.906122449,0.1093057607,0.9428571429,0.1032171582,,,,,,,,,,,,
,0.78367347,0.14285714,0.906122449,0.1093326767,0.9428571429,0.1032402235,,,,,,,,,,,,
,0.78367347,0.14291031,0.906122449,0.1093596059,0.9428571429,0.1032632991,,,,,,,,,,,,
,0.78367347,0.14296351,0.906122449,0.1093865484,0.9428571429,0.103286385,,,,,,,,,,,,
,0.78367347,0.14301676,0.906122449,0.1094135042,0.9428571429,0.1033094812,,,,,,,,,,,,
,0.78367347,0.14312337,0.906122449,0.1094404733,0.9428571429,0.1033325878,,,,,,,,,,,,
,0.78367347,0.14317673,0.906122449,0.1094674556,0.9428571429,0.1033557047,,,,,,,,,,,,
,0.78367347,0.14323014,0.906122449,0.1094944513,0.9428571429,0.103378832,,,,,,,,,,,,
,0.78367347,0.14328358,0.906122449,0.1095484826,0.9428571429,0.1034019696,,,,,,,,,,,,
,0.78163265,0.14296379,0.906122449,0.1095755183,0.9428571429,0.1034251175,,,,,,,,,,,,
,0.78163265,0.14301718,0.906122449,0.1096025673,0.9428571429,0.1034482759,,,,,,,,,,,,
,0.78163265,0.1430706,0.906122449,0.1096567054,0.9428571429,0.1034714446,,,,,,,,,,,,
,0.78163265,0.14312407,0.906122449,0.1096837945,0.9428571429,0.1034946237,,,,,,,,,,,,
,0.78163265,0.14317757,0.906122449,0.109710897,0.9428571429,0.1035178131,,,,,,,,,,,,
,0.78163265,0.1432847,0.906122449,0.1097380129,0.9428571429,0.103541013,,,,,,,,,,,,
,0.78163265,0.14333832,0.906122449,0.1097651422,0.9428571429,0.1035642233,,,,,,,,,,,,
,0.78163265,0.14339199,0.906122449,0.1097922849,0.9428571429,0.1035874439,,,,,,,,,,,,
,0.78163265,0.14349944,0.906122449,0.109819441,0.9428571429,0.103610675,,,,,,,,,,,,
,0.78163265,0.14355322,0.906122449,0.1098466106,0.9428571429,0.1036339166,,,,,,,,,,,,
,0.78163265,0.14360705,0.906122449,0.1098737936,0.9428571429,0.1036571685,,,,,,,,,,,,
,0.78163265,0.14366092,0.906122449,0.1099009901,0.9428571429,0.1036804309,,,,,,,,,,,,
,0.78163265,0.14371482,0.906122449,0.1099282,0.9428571429,0.1037037037,,,,,,,,,,,,
,0.78163265,0.14376877,0.906122449,0.1099554235,0.9428571429,0.103726987,,,,,,,,,,,,
,0.78163265,0.14382276,0.906122449,0.1099826604,0.9408163265,0.103525713,,,,,,,,,,,,
,0.78163265,0.14387678,0.906122449,0.1100099108,0.9408163265,0.1035489668,,,,,,,,,,,,
,0.78163265,0.14393085,0.906122449,0.1100371747,0.9408163265,0.103572231,,,,,,,,,,,,
,0.78163265,0.14398496,0.906122449,0.1100644522,0.9408163265,0.1035955056,,,,,,,,,,,,
,0.78163265,0.14403911,0.906122449,0.1100917431,0.9408163265,0.1036187907,,,,,,,,,,,,
,0.78163265,0.1440933,0.906122449,0.1101190476,0.9408163265,0.1036420863,,,,,,,,,,,,
,0.78163265,0.14414753,0.906122449,0.1101463657,0.9408163265,0.1036653924,,,,,,,,,,,,
,0.78163265,0.14420181,0.906122449,0.1101736973,0.9408163265,0.103688709,,,,,,,,,,,,
,0.78163265,0.14425612,0.906122449,0.1102010424,0.9408163265,0.103712036,,,,,,,,,,,,
,0.78163265,0.14431047,0.906122449,0.1102284012,0.9408163265,0.1037353735,,,,,,,,,,,,
,0.78163265,0.14436487,0.906122449,0.1102557735,0.9408163265,0.1037587216,,,,,,,,,,,,
,0.78163265,0.14441931,0.906122449,0.1102831595,0.9408163265,0.1037820801,,,,,,,,,,,,
,0.78163265,0.14447378,0.906122449,0.110310559,0.9408163265,0.1038054492,,,,,,,,,,,,
,0.78163265,0.1445283,0.906122449,0.1103379722,0.9408163265,0.1038288288,,,,,,,,,,,,
,0.78163265,0.14458286,0.906122449,0.110365399,0.9408163265,0.103852219,,,,,,,,,,,,
,0.78163265,0.14463746,0.906122449,0.1103928394,0.9408163265,0.1038756196,,,,,,,,,,,,
,0.78163265,0.1446921,0.906122449,0.1104202935,0.9408163265,0.1038990309,,,,,,,,,,,,
,0.78163265,0.14474679,0.906122449,0.1104477612,0.9408163265,0.1039224527,,,,,,,,,,,,
,0.78163265,0.14480151,0.906122449,0.1104752426,0.9408163265,0.103945885,,,,,,,,,,,,
,0.78163265,0.14485628,0.906122449,0.1105027377,0.9408163265,0.1039693279,,,,,,,,,,,,
,0.78163265,0.14491109,0.906122449,0.1105302465,0.9408163265,0.1039927814,,,,,,,,,,,,
,0.78163265,0.14502083,0.906122449,0.1105577689,0.9408163265,0.1040162455,,,,,,,,,,,,
,0.78163265,0.14507576,0.906122449,0.1105853051,0.9408163265,0.1040397202,,,,,,,,,,,,
,0.78163265,0.14513073,0.906122449,0.1106404186,0.9408163265,0.1040632054,,,,,,,,,,,,
,0.78163265,0.14518575,0.9040816327,0.1104187438,0.9408163265,0.1040867013,,,,,,,,,,,,
,0.78163265,0.1452408,0.9040816327,0.1104462727,0.9408163265,0.1041102078,,,,,,,,,,,,
,0.78163265,0.1452959,0.9040816327,0.1104738155,0.9408163265,0.1041337249,,,,,,,,,,,,
,0.78163265,0.14535104,0.9040816327,0.1105013719,0.9408163265,0.1041572526,,,,,,,,,,,,
,0.78163265,0.14540623,0.9040816327,0.1105565261,0.9408163265,0.104180791,,,,,,,,,,,,
,0.78163265,0.14546145,0.9020408163,0.1103344983,0.9408163265,0.10420434,,,,,,,,,,,,
,0.78163265,0.14551672,0.9020408163,0.1103620474,0.9408163265,0.1042278996,,,,,,,,,,,,
,0.78163265,0.14557203,0.9020408163,0.1103896104,0.9408163265,0.1042514699,,,,,,,,,,,,
,0.78163265,0.14562738,0.9020408163,0.1104171871,0.9408163265,0.1042750509,,,,,,,,,,,,
,0.78163265,0.14590476,0.9020408163,0.1104447776,0.9408163265,0.1042986425,,,,,,,,,,,,
,0.77959184,0.14557927,0.9020408163,0.1104723819,0.9408163265,0.1043222449,,,,,,,,,,,,
,0.77959184,0.14563477,0.9020408163,0.1105,0.9408163265,0.1043458579,,,,,,,,,,,,
,0.77959184,0.14569031,0.9020408163,0.1105276319,0.9408163265,0.1043694815,,,,,,,,,,,,
,0.77959184,0.1457459,0.9020408163,0.1105552776,0.9408163265,0.1043931159,,,,,,,,,,,,
,0.77959184,0.14580153,0.9020408163,0.1105829372,0.9408163265,0.104416761,,,,,,,,,,,,
,0.77959184,0.1458572,0.9,0.1103603604,0.9408163265,0.1044404169,,,,,,,,,,,,
,0.77959184,0.14591291,0.9,0.110387985,0.9408163265,0.1044640834,,,,,,,,,,,,
,0.77959184,0.14596867,0.9,0.1104156234,0.9408163265,0.1044877607,,,,,,,,,,,,
,0.77959184,0.14602446,0.9,0.1104432757,0.9408163265,0.1045114487,,,,,,,,,,,,
,0.77959184,0.14608031,0.9,0.1104986219,0.9408163265,0.1045351474,,,,,,,,,,,,
,0.77959184,0.14613619,0.9,0.1105263158,0.9408163265,0.1045588569,,,,,,,,,,,,
,0.77959184,0.14619212,0.9,0.1105540236,0.9408163265,0.1045825771,,,,,,,,,,,,
,0.77959184,0.14624809,0.9,0.1105817452,0.9408163265,0.1046063081,,,,,,,,,,,,
,0.77959184,0.1463041,0.9,0.1106094808,0.9408163265,0.1046300499,,,,,,,,,,,,
,0.77959184,0.14636015,0.9,0.1106372303,0.9408163265,0.1046538025,,,,,,,,,,,,
,0.77959184,0.14641625,0.9,0.1106649937,0.9387755102,0.1044504995,,,,,,,,,,,,
,0.77959184,0.14647239,0.9,0.1106927711,0.9387755102,0.1044742221,,,,,,,,,,,,
,0.77959184,0.14652858,0.8979591837,0.1104694954,0.9367346939,0.104270786,,,,,,,,,,,,
,0.77959184,0.1465848,0.8979591837,0.1104972376,0.9367346939,0.1042944785,,,,,,,,,,,,
,0.77755102,0.1462572,0.8979591837,0.1105249937,0.9367346939,0.1043181818,,,,,,,,,,,,
,0.77755102,0.14631336,0.8979591837,0.1105527638,0.9367346939,0.1043418959,,,,,,,,,,,,
,0.77755102,0.14636957,0.8979591837,0.1105805479,0.9367346939,0.1043656207,,,,,,,,,,,,
,0.77755102,0.14642583,0.8979591837,0.1106083459,0.9367346939,0.1043893564,,,,,,,,,,,,
,0.77755102,0.14648212,0.8979591837,0.1106361579,0.9367346939,0.1044131028,,,,,,,,,,,,
,0.77755102,0.14653846,0.8979591837,0.1106639839,0.9367346939,0.1044368601,,,,,,,,,,,,
,0.77755102,0.14659484,0.8979591837,0.1106918239,0.9367346939,0.1044606281,,,,,,,,,,,,
,0.77755102,0.14665127,0.8979591837,0.1107196779,0.9367346939,0.104484407,,,,,,,,,,,,
,0.77755102,0.14670774,0.8979591837,0.1107475459,0.9367346939,0.1045081967,,,,,,,,,,,,
,0.77755102,0.14676425,0.8979591837,0.110775428,0.9367346939,0.1045319973,,,,,,,,,,,,
,0.77755102,0.14682081,0.8979591837,0.1108033241,0.9367346939,0.1045558087,,,,,,,,,,,,
,0.77755102,0.14687741,0.8979591837,0.1108312343,0.9367346939,0.1045796309,,,,,,,,,,,,
,0.7755102,0.1465484,0.8979591837,0.1108591585,0.9367346939,0.104603464,,,,,,,,,,,,
,0.7755102,0.14660494,0.8979591837,0.1108870968,0.9367346939,0.104627308,,,,,,,,,,,,
,0.7755102,0.14666152,0.8979591837,0.1109150492,0.9367346939,0.1046511628,,,,,,,,,,,,
,0.7755102,0.14671815,0.8979591837,0.1109430156,0.9367346939,0.1046750285,,,,,,,,,,,,
,0.7755102,0.14677482,0.8959183673,0.1107187894,0.9367346939,0.1046989051,,,,,,,,,,,,
,0.7755102,0.14683153,0.8959183673,0.1107467205,0.9367346939,0.1047227926,,,,,,,,,,,,
,0.7755102,0.14688829,0.8959183673,0.1108026249,0.9367346939,0.104746691,,,,,,,,,,,,
,0.77346939,0.14655839,0.8959183673,0.1108305983,0.9367346939,0.1047706003,,,,,,,,,,,,
,0.77346939,0.14661509,0.8959183673,0.1108585859,0.9367346939,0.1047945205,,,,,,,,,,,,
,0.77346939,0.14667183,0.8959183673,0.1108865875,0.9367346939,0.1048184517,,,,,,,,,,,,
,0.77346939,0.14678544,0.8959183673,0.1109146033,0.9367346939,0.1048423938,,,,,,,,,,,,
,0.77346939,0.14684231,0.8959183673,0.1109426333,0.9367346939,0.1048663468,,,,,,,,,,,,
,0.77346939,0.14689922,0.8959183673,0.1109706775,0.9367346939,0.1048903108,,,,,,,,,,,,
,0.77346939,0.14695618,0.8959183673,0.1109987358,0.9367346939,0.1049142857,,,,,,,,,,,,
,0.77346939,0.14701319,0.8959183673,0.1110268083,0.9367346939,0.1049382716,,,,,,,,,,,,
,0.77142857,0.14685315,0.8959183673,0.111054895,0.9367346939,0.1049622685,,,,,,,,,,,,
,0.77142857,0.14696734,0.8959183673,0.111082996,0.9367346939,0.1049862763,,,,,,,,,,,,
,0.76938776,0.14663555,0.8959183673,0.1111111111,0.9367346939,0.1050102951,,,,,,,,,,,,
,0.76938776,0.14669261,0.8959183673,0.1111392405,0.9367346939,0.1050343249,,,,,,,,,,,,
,0.76938776,0.14674971,0.8959183673,0.1111673841,0.9367346939,0.1050583658,,,,,,,,,,,,
,0.76938776,0.14680685,0.8959183673,0.111195542,0.9367346939,0.1050824176,,,,,,,,,,,,
,0.76938776,0.14686404,0.8959183673,0.1112237142,0.9367346939,0.1051064804,,,,,,,,,,,,
,0.76938776,0.14692128,0.8959183673,0.1112801014,0.9367346939,0.1051305543,,,,,,,,,,,,
,0.76938776,0.14697856,0.8959183673,0.1113083164,0.9367346939,0.1051546392,,,,,,,,,,,,
,0.76938776,0.14703588,0.8959183673,0.1113365458,0.9367346939,0.1051787351,,,,,,,,,,,,
,0.76938776,0.14709325,0.8959183673,0.1113647894,0.9367346939,0.1052028421,,,,,,,,,,,,
,0.76938776,0.14715066,0.8959183673,0.1113930474,0.9367346939,0.1052269601,,,,,,,,,,,,
,0.76938776,0.14720812,0.8959183673,0.1114213198,0.9367346939,0.1052510892,,,,,,,,,,,,
,0.76938776,0.14726563,0.8959183673,0.1114496065,0.9367346939,0.1052752294,,,,,,,,,,,,
,0.76938776,0.14732317,0.8959183673,0.1114779076,0.9367346939,0.1052993806,,,,,,,,,,,,
,0.76938776,0.14738077,0.8959183673,0.111506223,0.9367346939,0.1053235429,,,,,,,,,,,,
,0.76938776,0.14749609,0.8959183673,0.1115345528,0.9367346939,0.1053477163,,,,,,,,,,,,
,0.76938776,0.14755382,0.8959183673,0.1115628971,0.9367346939,0.1053719008,,,,,,,,,,,,
,0.76938776,0.14761159,0.8959183673,0.1115912557,0.9367346939,0.1053960964,,,,,,,,,,,,
,0.76938776,0.14766941,0.8959183673,0.1116764182,0.9367346939,0.1054203032,,,,,,,,,,,,
,0.76938776,0.14772727,0.8959183673,0.1117048346,0.9367346939,0.105444521,,,,,,,,,,,,
,0.76938776,0.14778518,0.8959183673,0.1117332655,0.9367346939,0.10546875,,,,,,,,,,,,
,0.76938776,0.14784314,0.8959183673,0.1117617108,0.9367346939,0.1054929901,,,,,,,,,,,,
,0.76938776,0.14795918,0.8959183673,0.1117901706,0.9367346939,0.1055172414,,,,,,,,,,,,
,0.76938776,0.1481336,0.8959183673,0.1118186449,0.9367346939,0.1055415038,,,,,,,,,,,,
,0.76938776,0.14819182,0.8959183673,0.1118471338,0.9367346939,0.1055657774,,,,,,,,,,,,
,0.76938776,0.1482501,0.8959183673,0.1118756371,0.9367346939,0.1055900621,,,,,,,,,,,,
,0.76938776,0.14830842,0.8959183673,0.111904155,0.9367346939,0.105614358,,,,,,,,,,,,
,0.76938776,0.14836678,0.8959183673,0.1119326874,0.9367346939,0.1056386651,,,,,,,,,,,,
,0.76938776,0.1484252,0.8959183673,0.1119612344,0.9367346939,0.1056629834,,,,,,,,,,,,
,0.76938776,0.14848365,0.8959183673,0.1119897959,0.9367346939,0.1056873129,,,,,,,,,,,,
,0.76938776,0.14854216,0.8959183673,0.112018372,0.9367346939,0.1057116536,,,,,,,,,,,,
,0.76938776,0.14860071,0.8959183673,0.1120469627,0.9346938776,0.1055056439,,,,,,,,,,,,
,0.76938776,0.14865931,0.8959183673,0.112075568,0.9346938776,0.1055299539,,,,,,,,,,,,
,0.76938776,0.14871795,0.8959183673,0.1121041879,0.9346938776,0.1055542752,,,,,,,,,,,,
,0.76938776,0.14877664,0.8959183673,0.1121328225,0.9326530612,0.1053480867,,,,,,,,,,,,
,0.76938776,0.14883537,0.8959183673,0.1121614716,0.9326530612,0.1053723772,,,,,,,,,,,,
,0.76938776,0.14889415,0.8959183673,0.1121901354,0.9326530612,0.105396679,,,,,,,,,,,,
,0.76734694,0.14855788,0.8959183673,0.1122188139,0.9326530612,0.1054209919,,,,,,,,,,,,
,0.76734694,0.1486166,0.8959183673,0.1122762148,0.9326530612,0.1054453161,,,,,,,,,,,,
,0.76734694,0.14867537,0.8959183673,0.1123049373,0.9326530612,0.1054696515,,,,,,,,,,,,
,0.76734694,0.14873418,0.8959183673,0.1123336745,0.9326530612,0.1054939982,,,,,,,,,,,,
,0.76734694,0.14879304,0.8959183673,0.1123624264,0.9326530612,0.105518356,,,,,,,,,,,,
,0.76734694,0.14891089,0.8959183673,0.112391193,0.9326530612,0.1055427252,,,,,,,,,,,,
,0.76734694,0.14896989,0.8959183673,0.1124199744,0.9326530612,0.1055671056,,,,,,,,,,,,
,0.76734694,0.14902893,0.8959183673,0.1124487705,0.9326530612,0.1055914972,,,,,,,,,,,,
,0.76734694,0.14908803,0.8959183673,0.1124775813,0.9326530612,0.1056159002,,,,,,,,,,,,
,0.76734694,0.14914716,0.8959183673,0.112506407,0.9326530612,0.1056403144,,,,,,,,,,,,
,0.76734694,0.14920635,0.893877551,0.1122789028,0.9326530612,0.1056647399,,,,,,,,,,,,
,0.76734694,0.14932486,0.893877551,0.1123076923,0.9326530612,0.1056891767,,,,,,,,,,,,
,0.76734694,0.14938419,0.893877551,0.1123364965,0.9326530612,0.1057136248,,,,,,,,,,,,
,0.76734694,0.14944356,0.893877551,0.1123653155,0.9326530612,0.1057380842,,,,,,,,,,,,
,0.76734694,0.14950298,0.893877551,0.1123941493,0.9326530612,0.105762555,,,,,,,,,,,,
,0.76734694,0.14956245,0.893877551,0.1124229979,0.9326530612,0.105787037,,,,,,,,,,,,
,0.76734694,0.14962197,0.893877551,0.1124807396,0.9326530612,0.1058115304,,,,,,,,,,,,
,0.76734694,0.14968153,0.893877551,0.1125096327,0.9326530612,0.1058360352,,,,,,,,,,,,
,0.76734694,0.1498605,0.893877551,0.1125385406,0.9326530612,0.1058605513,,,,,,,,,,,,
,0.76734694,0.14992026,0.893877551,0.1125674634,0.9326530612,0.1058850788,,,,,,,,,,,,
,0.76734694,0.14998006,0.893877551,0.112596401,0.9326530612,0.1059096176,,,,,,,,,,,,
,0.76734694,0.1500399,0.893877551,0.1126253536,0.9326530612,0.1059341678,,,,,,,,,,,,
,0.76734694,0.1500998,0.893877551,0.112654321,0.9326530612,0.1059587294,,,,,,,,,,,,
,0.76734694,0.15015974,0.893877551,0.1126833033,0.9326530612,0.1059833024,,,,,,,,,,,,
,0.76734694,0.15021974,0.893877551,0.1127123006,0.9326530612,0.1060078868,,,,,,,,,,,,
,0.76734694,0.15027978,0.893877551,0.1127413127,0.9326530612,0.1060324826,,,,,,,,,,,,
,0.76734694,0.15033986,0.893877551,0.1127703399,0.9326530612,0.1060570898,,,,,,,,,,,,
,0.76734694,0.1504,0.893877551,0.1127993819,0.9326530612,0.1060817084,,,,,,,,,,,,
,0.76734694,0.15046018,0.893877551,0.1128284389,0.9326530612,0.1061063385,,,,,,,,,,,,
,0.76734694,0.1505807,0.893877551,0.112857511,0.9326530612,0.10613098,,,,,,,,,,,,
,0.76734694,0.15064103,0.893877551,0.1128865979,0.9326530612,0.106155633,,,,,,,,,,,,
,0.76734694,0.1507014,0.8918367347,0.112686952,0.9326530612,0.1061802974,,,,,,,,,,,,
,0.76734694,0.15076183,0.8918367347,0.1127160175,0.9326530612,0.1062049733,,,,,,,,,,,,
,0.76734694,0.1508223,0.8918367347,0.112745098,0.9326530612,0.1062296606,,,,,,,,,,,,
,0.76530612,0.15048154,0.8918367347,0.1127741935,0.9326530612,0.1062543595,,,,,,,,,,,,
,0.76530612,0.15054195,0.8918367347,0.1128033041,0.9326530612,0.1062790698,,,,,,,,,,,,
,0.76530612,0.15060241,0.8918367347,0.1128324296,0.9326530612,0.1063037916,,,,,,,,,,,,
,0.76530612,0.15066292,0.8918367347,0.1128615702,0.9326530612,0.1063285249,,,,,,,,,,,,
,0.76530612,0.15072347,0.8918367347,0.1128907259,0.9326530612,0.1063532697,,,,,,,,,,,,
,0.76530612,0.15078408,0.8918367347,0.1129198966,0.9306122449,0.1061452514,,,,,,,,,,,,
,0.76530612,0.15084473,0.8918367347,0.1129490825,0.9306122449,0.1061699651,,,,,,,,,,,,
,0.76530612,0.15090543,0.8918367347,0.1129782834,0.9306122449,0.1061946903,,,,,,,,,,,,
,0.76530612,0.15096618,0.8918367347,0.1130074994,0.9306122449,0.106219427,,,,,,,,,,,,
,0.76530612,0.15102698,0.8918367347,0.1130367305,0.9306122449,0.1062441752,,,,,,,,,,,,
,0.76530612,0.15114873,0.8918367347,0.1130659767,0.9306122449,0.106268935,,,,,,,,,,,,
,0.76530612,0.15127067,0.8918367347,0.1130952381,0.9306122449,0.1062937063,,,,,,,,,,,,
,0.76530612,0.15133172,0.8918367347,0.1131245146,0.9306122449,0.1063184892,,,,,,,,,,,,
,0.76530612,0.15139281,0.8918367347,0.1131538063,0.9306122449,0.1063432836,,,,,,,,,,,,
,0.76530612,0.15145396,0.8918367347,0.1131831132,0.9306122449,0.1063680896,,,,,,,,,,,,
,0.76530612,0.15151515,0.8918367347,0.1132124352,0.9306122449,0.1063929071,,,,,,,,,,,,
,0.76326531,0.15117219,0.8918367347,0.1132417725,0.9306122449,0.1064177363,,,,,,,,,,,,
,0.76326531,0.15123332,0.8918367347,0.1132711249,0.9306122449,0.106442577,,,,,,,,,,,,
,0.76326531,0.1512945,0.8918367347,0.1133004926,0.9306122449,0.1064674294,,,,,,,,,,,,
,0.76326531,0.15135573,0.8918367347,0.1133298755,0.9306122449,0.1064922933,,,,,,,,,,,,
,0.76326531,0.151417,0.8897959184,0.1130998703,0.9306122449,0.1065171689,,,,,,,,,,,,
,0.76326531,0.15147833,0.8897959184,0.1131292164,0.9306122449,0.1065420561,,,,,,,,,,,,
,0.76326531,0.15153971,0.8897959184,0.1131585777,0.9306122449,0.1065669549,,,,,,,,,,,,
,0.76326531,0.15160113,0.8897959184,0.1132173461,0.9306122449,0.1065918654,,,,,,,,,,,,
,0.76326531,0.15166261,0.8897959184,0.1132467532,0.9306122449,0.1066167875,,,,,,,,,,,,
,0.76326531,0.15172414,0.887755102,0.1130163679,0.9306122449,0.1066417212,,,,,,,,,,,,
,0.76326531,0.15178571,0.887755102,0.113045738,0.9306122449,0.1066666667,,,,,,,,,,,,
,0.76326531,0.15184734,0.887755102,0.1130751235,0.9285714286,0.1064576509,,,,,,,,,,,,
,0.76326531,0.15197074,0.887755102,0.1131045242,0.9285714286,0.1064825649,,,,,,,,,,,,
,0.76326531,0.15203252,0.887755102,0.1131339402,0.9285714286,0.1065074906,,,,,,,,,,,,
,0.76122449,0.15168768,0.887755102,0.1131633715,0.9285714286,0.106532428,,,,,,,,,,,,
,0.76122449,0.15174939,0.887755102,0.1131928181,0.9285714286,0.106557377,,,,,,,,,,,,
,0.76122449,0.15181115,0.887755102,0.1132222801,0.9285714286,0.1065823378,,,,,,,,,,,,
,0.76122449,0.15187296,0.887755102,0.11328125,0.9285714286,0.1066073102,,,,,,,,,,,,
,0.75714286,0.15118174,0.887755102,0.113310758,0.9285714286,0.1066322944,,,,,,,,,,,,
,0.75714286,0.15124338,0.887755102,0.1133402814,0.9285714286,0.1066572902,,,,,,,,,,,,
,0.75714286,0.15136679,0.887755102,0.1133698202,0.9285714286,0.1066822978,,,,,,,,,,,,
,0.75714286,0.15142857,0.887755102,0.1133993743,0.9285714286,0.1067073171,,,,,,,,,,,,
,0.75714286,0.1514904,0.887755102,0.113458529,0.9285714286,0.1067323481,,,,,,,,,,,,
,0.75714286,0.15155229,0.887755102,0.1134881294,0.9285714286,0.1067573909,,,,,,,,,,,,
,0.75714286,0.15161422,0.887755102,0.1135177453,0.9285714286,0.1067824454,,,,,,,,,,,,
,0.75714286,0.15167621,0.887755102,0.1135473767,0.9285714286,0.1068075117,,,,,,,,,,,,
,0.75714286,0.15173824,0.887755102,0.1135770235,0.9285714286,0.1068325898,,,,,,,,,,,,
,0.75714286,0.15180033,0.887755102,0.1136066858,0.9285714286,0.1068576797,,,,,,,,,,,,
,0.75714286,0.15186246,0.887755102,0.1136363636,0.9285714286,0.1068827813,,,,,,,,,,,,
,0.75714286,0.15192465,0.887755102,0.113666057,0.9285714286,0.1069078947,,,,,,,,,,,,
,0.75714286,0.15198689,0.887755102,0.1136957658,0.9285714286,0.10693302,,,,,,,,,,,,
,0.75714286,0.15204918,0.887755102,0.1137254902,0.9285714286,0.106958157,,,,,,,,,,,,
,0.75510204,0.15176374,0.887755102,0.1137552301,0.9265306122,0.1067481778,,,,,,,,,,,,
,0.75510204,0.15182602,0.887755102,0.1137849856,0.9265306122,0.1067732832,,,,,,,,,,,,
,0.75510204,0.15188834,0.887755102,0.1138147567,0.9265306122,0.1067984004,,,,,,,,,,,,
,0.75510204,0.15195072,0.887755102,0.1138445433,0.9265306122,0.1068235294,,,,,,,,,,,,
,0.75510204,0.15201315,0.887755102,0.1138743455,0.9265306122,0.1068486703,,,,,,,,,,,,
,0.75510204,0.15207563,0.887755102,0.1139041634,0.9265306122,0.106873823,,,,,,,,,,,,
,0.75510204,0.15213816,0.887755102,0.1139339969,0.9265306122,0.1068989875,,,,,,,,,,,,
,0.75510204,0.15220074,0.887755102,0.113963846,0.9244897959,0.1066886481,,,,,,,,,,,,
,0.75510204,0.15226337,0.8857142857,0.1137614679,0.9244897959,0.1067137809,,,,,,,,,,,,
,0.75510204,0.15232606,0.8857142857,0.1137912952,0.9244897959,0.1067389255,,,,,,,,,,,,
,0.75510204,0.1523888,0.8836734694,0.1135886674,0.9244897959,0.106764082,,,,,,,,,,,,
,0.75510204,0.15245159,0.8836734694,0.1136184728,0.9244897959,0.1067892504,,,,,,,,,,,,
,0.75510204,0.15251443,0.8836734694,0.113648294,0.9244897959,0.1068144306,,,,,,,,,,,,
,0.75510204,0.15257732,0.8836734694,0.1136781307,0.9244897959,0.1068396226,,,,,,,,,,,,
,0.75510204,0.15264026,0.8836734694,0.1137079832,0.9244897959,0.1068648266,,,,,,,,,,,,
,0.75510204,0.15270326,0.8836734694,0.1137378513,0.9244897959,0.1068900425,,,,,,,,,,,,
,0.75510204,0.15276631,0.8836734694,0.1137677352,0.9244897959,0.1069152702,,,,,,,,,,,,
,0.75510204,0.15282941,0.8836734694,0.1137976347,0.9244897959,0.1069405099,,,,,,,,,,,,
,0.75510204,0.15289256,0.8836734694,0.1138275499,0.9244897959,0.1069657615,,,,,,,,,,,,
,0.75510204,0.15295577,0.8836734694,0.1138574809,0.9244897959,0.106991025,,,,,,,,,,,,
,0.75510204,0.1531457,0.8836734694,0.1138874277,0.9244897959,0.1070163005,,,,,,,,,,,,
,0.75510204,0.15320911,0.8836734694,0.1139173902,0.9244897959,0.1070415879,,,,,,,,,,,,
,0.75510204,0.15327258,0.8836734694,0.1139473684,0.9244897959,0.1070668873,,,,,,,,,,,,
,0.75510204,0.1533361,0.8836734694,0.1139773625,0.9244897959,0.1070921986,,,,,,,,,,,,
,0.75510204,0.15339967,0.8836734694,0.1140073723,0.9244897959,0.1071175219,,,,,,,,,,,,
,0.75306122,0.15304853,0.8836734694,0.1140373979,0.9244897959,0.1071428571,,,,,,,,,,,,
,0.75306122,0.15311203,0.8836734694,0.1140674394,0.9244897959,0.1071682044,,,,,,,,,,,,
,0.75306122,0.15317559,0.8836734694,0.1141275698,0.9244897959,0.1071935637,,,,,,,,,,,,
,0.75306122,0.15349418,0.8836734694,0.1141576588,0.9224489796,0.1069822485,,,,,,,,,,,,
,0.75306122,0.15355805,0.8836734694,0.1141877637,0.9224489796,0.1070075758,,,,,,,,,,,,
,0.75306122,0.15362198,0.8836734694,0.1142178845,0.9224489796,0.107032915,,,,,,,,,,,,
,0.75306122,0.15368596,0.8836734694,0.1142480211,0.9224489796,0.1070582662,,,,,,,,,,,,
,0.75102041,0.15333333,0.8816326531,0.1140142518,0.9224489796,0.1070836295,,,,,,,,,,,,
,0.75102041,0.15339725,0.8816326531,0.1140443506,0.9224489796,0.1071090047,,,,,,,,,,,,
,0.75102041,0.15346122,0.8816326531,0.1140744653,0.9224489796,0.107134392,,,,,,,,,,,,
,0.75102041,0.15352524,0.8816326531,0.1141045959,0.9224489796,0.1071597914,,,,,,,,,,,,
,0.75102041,0.15358932,0.8816326531,0.1141347424,0.9224489796,0.1071852028,,,,,,,,,,,,
,0.75102041,0.15365344,0.8816326531,0.1141649049,0.9224489796,0.1072106262,,,,,,,,,,,,
,0.75102041,0.15371763,0.8816326531,0.1141950833,0.9224489796,0.1072360617,,,,,,,,,,,,
,0.75102041,0.15378186,0.8816326531,0.1142252776,0.9224489796,0.1072615093,,,,,,,,,,,,
,0.74897959,0.15342809,0.8816326531,0.1142857143,0.9224489796,0.1072869689,,,,,,,,,,,,
,0.74897959,0.15349226,0.8816326531,0.1143159566,0.9224489796,0.1073124406,,,,,,,,,,,,
,0.74897959,0.15355649,0.8816326531,0.1143462149,0.9224489796,0.1073379245,,,,,,,,,,,,
,0.74897959,0.15362076,0.8816326531,0.1143764893,0.9224489796,0.1073634204,,,,,,,,,,,,
,0.74897959,0.15368509,0.8816326531,0.1144067797,0.9224489796,0.1073889285,,,,,,,,,,,,
,0.74897959,0.15374948,0.8816326531,0.1144370861,0.9224489796,0.1074144487,,,,,,,,,,,,
,0.74897959,0.15381391,0.8816326531,0.1144674086,0.9224489796,0.107439981,,,,,,,,,,,,
,0.74897959,0.15387841,0.8816326531,0.1144977472,0.9224489796,0.1074655254,,,,,,,,,,,,
,0.74897959,0.15394295,0.8816326531,0.1145281018,0.9224489796,0.107491082,,,,,,,,,,,,
,0.74897959,0.15400755,0.8816326531,0.1145584726,0.9224489796,0.1075166508,,,,,,,,,,,,
,0.74897959,0.15407221,0.8816326531,0.1145888594,0.9224489796,0.1075422317,,,,,,,,,,,,
,0.74897959,0.1542665,0.8816326531,0.1146192624,0.9224489796,0.1075678248,,,,,,,,,,,,
,0.74897959,0.15433137,0.8816326531,0.1146496815,0.9224489796,0.1075934301,,,,,,,,,,,,
,0.74897959,0.1543963,0.8816326531,0.1146801168,0.9204081633,0.1073809524,,,,,,,,,,,,
,0.74897959,0.15446128,0.8816326531,0.1147105682,0.9204081633,0.1074065254,,,,,,,,,,,,
,0.74693878,0.15410526,0.8816326531,0.1147410359,0.9204081633,0.1074321105,,,,,,,,,,,,
,0.74693878,0.15417018,0.8816326531,0.1147715197,0.9204081633,0.1074577079,,,,,,,,,,,,
,0.74693878,0.15423515,0.8816326531,0.1148020197,0.9204081633,0.1074833174,,,,,,,,,,,,
,0.74693878,0.15430017,0.8816326531,0.1148325359,0.9204081633,0.1075089392,,,,,,,,,,,,
,0.74693878,0.15436525,0.8816326531,0.1148630683,0.9204081633,0.1075345732,,,,,,,,,,,,
,0.74693878,0.15443038,0.8816326531,0.114893617,0.9204081633,0.1075602194,,,,,,,,,,,,
,0.74693878,0.15449557,0.8816326531,0.114924182,0.9204081633,0.1075858779,,,,,,,,,,,,
,0.74693878,0.15456081,0.8816326531,0.1149547632,0.9204081633,0.1076115486,,,,,,,,,,,,
,0.74693878,0.15462611,0.8816326531,0.1149853607,0.9204081633,0.1076372315,,,,,,,,,,,,
,0.74693878,0.15475687,0.8816326531,0.1150159744,0.9204081633,0.1076629267,,,,,,,,,,,,
,0.74693878,0.15482234,0.8816326531,0.1150466045,0.9204081633,0.1076886342,,,,,,,,,,,,
,0.74693878,0.15488785,0.8816326531,0.1150772509,0.9204081633,0.107714354,,,,,,,,,,,,
,0.74693878,0.15495343,0.8816326531,0.1151079137,0.9204081633,0.107740086,,,,,,,,,,,,
,0.74693878,0.15501906,0.8816326531,0.1151385928,0.9204081633,0.1077658303,,,,,,,,,,,,
,0.74693878,0.15508475,0.8816326531,0.1151692882,0.9204081633,0.107791587,,,,,,,,,,,,
,0.74693878,0.15528214,0.8816326531,0.1152,0.9204081633,0.107817356,,,,,,,,,,,,
,0.74489796,0.1549236,0.8816326531,0.1152614728,0.9204081633,0.1078431373,,,,,,,,,,,,
,0.74285714,0.15456476,0.8816326531,0.1153230112,0.9204081633,0.1078689309,,,,,,,,,,,,
,0.74285714,0.1547619,0.8816326531,0.1153538051,0.9204081633,0.1078947368,,,,,,,,,,,,
,0.74285714,0.15482773,0.8816326531,0.1153846154,0.9204081633,0.1079205552,,,,,,,,,,,,
,0.74285714,0.15489362,0.8816326531,0.1154154422,0.9204081633,0.1079463858,,,,,,,,,,,,
,0.74285714,0.15495956,0.8816326531,0.1154462854,0.9204081633,0.1079722289,,,,,,,,,,,,
,0.74285714,0.15509161,0.8816326531,0.1154771451,0.9204081633,0.1079980843,,,,,,,,,,,,
,0.74285714,0.15522388,0.8816326531,0.1155080214,0.9204081633,0.1080239521,,,,,,,,,,,,
,0.74285714,0.1552901,0.8816326531,0.1155698234,0.9204081633,0.1080498323,,,,,,,,,,,,
,0.74285714,0.15535638,0.8816326531,0.1156007493,0.9204081633,0.1080757249,,,,,,,,,,,,
,0.74285714,0.15542272,0.8816326531,0.1156316916,0.9183673469,0.1078619367,,,,,,,,,,,,
,0.74285714,0.15548911,0.8816326531,0.1156626506,0.9183673469,0.1078877967,,,,,,,,,,,,
,0.74285714,0.15568862,0.8816326531,0.1157246183,0.9163265306,0.1076738609,,,,,,,,,,,,
,0.74285714,0.15582192,0.8816326531,0.115755627,0.9142857143,0.1074598225,,,,,,,,,,,,
,0.74285714,0.15588865,0.8816326531,0.1157866524,0.9142857143,0.1074856046,,,,,,,,,,,,
,0.74285714,0.15595544,0.8816326531,0.1158176944,0.9142857143,0.1075113991,,,,,,,,,,,,
,0.74285714,0.15602229,0.8816326531,0.115848753,0.9142857143,0.107537206,,,,,,,,,,,,
,0.74285714,0.15608919,0.8816326531,0.1158798283,0.9142857143,0.1075630252,,,,,,,,,,,,
,0.74081633,0.15572716,0.8816326531,0.1159109203,0.9142857143,0.1075888569,,,,,,,,,,,,
,0.74081633,0.15579399,0.8816326531,0.115942029,0.9142857143,0.1076147009,,,,,,,,,,,,
,0.74081633,0.15586088,0.8816326531,0.1160042965,0.9142857143,0.1076405574,,,,,,,,,,,,
,0.74081633,0.15592784,0.8816326531,0.1160666308,0.9142857143,0.1076664263,,,,,,,,,,,,
,0.74081633,0.15599484,0.8816326531,0.1160978232,0.9142857143,0.1076923077,,,,,,,,,,,,
,0.74081633,0.15612903,0.8816326531,0.1161290323,0.912244898,0.1074777591,,,,,,,,,,,,
,0.74081633,0.15619621,0.8816326531,0.1161602581,0.912244898,0.1075036075,,,,,,,,,,,,
,0.74081633,0.15626345,0.8816326531,0.1161915008,0.9102040816,0.1072889103,,,,,,,,,,,,
,0.74081633,0.15633075,0.8816326531,0.1162227603,0.9102040816,0.1073147257,,,,,,,,,,,,
,0.74081633,0.1563981,0.8816326531,0.1162540366,0.9102040816,0.1073405535,,,,,,,,,,,,
,0.74081633,0.15646552,0.8816326531,0.1162853297,0.9102040816,0.1073663938,,,,,,,,,,,,
,0.74081633,0.15653299,0.8816326531,0.1163166397,0.9102040816,0.1073922466,,,,,,,,,,,,
,0.74081633,0.15660052,0.8816326531,0.1163479666,0.9102040816,0.1074181118,,,,,,,,,,,,
,0.74081633,0.15666811,0.8816326531,0.1163793103,0.9102040816,0.1074439894,,,,,,,,,,,,
,0.74081633,0.15673575,0.8816326531,0.116410671,0.9102040816,0.1074698795,,,,,,,,,,,,
,0.74081633,0.15687122,0.8816326531,0.1164420485,0.9102040816,0.1074957821,,,,,,,,,,,,
,0.74081633,0.15693904,0.8816326531,0.116473443,0.9102040816,0.1075216972,,,,,,,,,,,,
,0.74081633,0.15700692,0.8816326531,0.1165362827,0.9102040816,0.1075476248,,,,,,,,,,,,
,0.74081633,0.15707486,0.8816326531,0.116567728,0.9102040816,0.1075735649,,,,,,,,,,,,
,0.74081633,0.15714286,0.8816326531,0.1165991903,0.9102040816,0.1075995175,,,,,,,,,,,,
,0.74081633,0.15721091,0.8816326531,0.1166306695,0.9102040816,0.1076254826,,,,,,,,,,,,
,0.74081633,0.15727903,0.8816326531,0.1166621658,0.9102040816,0.1076514603,,,,,,,,,,,,
,0.74081633,0.1573472,0.8816326531,0.1166936791,0.9102040816,0.1076774505,,,,,,,,,,,,
,0.74081633,0.15741544,0.8816326531,0.1167252094,0.9102040816,0.1077034533,,,,,,,,,,,,
,0.73877551,0.15704989,0.8816326531,0.1167567568,0.9102040816,0.1077294686,,,,,,,,,,,,
,0.73877551,0.15711806,0.8795918367,0.1165179778,0.9102040816,0.1077554965,,,,,,,,,,,,
,0.73877551,0.15718628,0.8795918367,0.1165494862,0.9102040816,0.107781537,,,,,,,,,,,,
,0.73673469,0.15682016,0.8795918367,0.1165810116,0.9102040816,0.10780759,,,,,,,,,,,,
,0.73673469,0.15688831,0.8795918367,0.1166125541,0.9102040816,0.1078336557,,,,,,,,,,,,
,0.73673469,0.15695652,0.8795918367,0.1166441137,0.9102040816,0.107859734,,,,,,,,,,,,
,0.73673469,0.15702479,0.8795918367,0.1166756903,0.9102040816,0.1078858249,,,,,,,,,,,,
,0.73469388,0.15665796,0.8795918367,0.1167072841,0.9102040816,0.1079119284,,,,,,,,,,,,
,0.73469388,0.15672616,0.8795918367,0.1167388949,0.9102040816,0.1079380445,,,,,,,,,,,,
,0.73469388,0.15679443,0.8795918367,0.1167705229,0.9081632653,0.1077221012,,,,,,,,,,,,
,0.73469388,0.15693112,0.8795918367,0.116802168,0.9081632653,0.107748184,,,,,,,,,,,,
,0.73265306,0.15676856,0.8795918367,0.1168338303,0.9081632653,0.1077742795,,,,,,,,,,,,
,0.73265306,0.15683705,0.8795918367,0.1168655098,0.9081632653,0.1078003876,,,,,,,,,,,,
,0.73265306,0.15690559,0.8795918367,0.1168972064,0.9081632653,0.1078265084,,,,,,,,,,,,
,0.73265306,0.1569742,0.8795918367,0.1169289202,0.9081632653,0.1078526418,,,,,,,,,,,,
,0.73265306,0.15704287,0.8795918367,0.1169923996,0.9081632653,0.1078787879,,,,,,,,,,,,
,0.73265306,0.1571116,0.8795918367,0.1170241651,0.9081632653,0.1079049467,,,,,,,,,,,,
,0.73265306,0.15718039,0.8795918367,0.1170559479,0.9081632653,0.1079311181,,,,,,,,,,,,
,0.73061224,0.15681121,0.8795918367,0.1170877479,0.9081632653,0.1079573023,,,,,,,,,,,,
,0.73061224,0.15687993,0.8775510204,0.1168478261,0.9081632653,0.1079834992,,,,,,,,,,,,
,0.73061224,0.15694871,0.8775510204,0.1168795868,0.9081632653,0.1080097087,,,,,,,,,,,,
,0.73061224,0.15708644,0.8775510204,0.1169113649,0.9081632653,0.1080359311,,,,,,,,,,,,
,0.73061224,0.1571554,0.8775510204,0.1169749728,0.9081632653,0.1080621661,,,,,,,,,,,,
,0.73061224,0.15722442,0.8775510204,0.1170068027,0.9081632653,0.1080884139,,,,,,,,,,,,
,0.73061224,0.1572935,0.8775510204,0.11703865,0.9081632653,0.1081146744,,,,,,,,,,,,
,0.73061224,0.15743184,0.8775510204,0.1170705146,0.9081632653,0.1081409478,,,,,,,,,,,,
,0.72857143,0.15706115,0.8775510204,0.1171023965,0.9081632653,0.1081672338,,,,,,,,,,,,
,0.72857143,0.15713028,0.8775510204,0.1171342958,0.9081632653,0.1081935327,,,,,,,,,,,,
,0.72857143,0.15719947,0.8775510204,0.1171662125,0.9081632653,0.1082198444,,,,,,,,,,,,
,0.72857143,0.15726872,0.8775510204,0.1172300981,0.9081632653,0.1082461688,,,,,,,,,,,,
,0.72857143,0.15733803,0.8775510204,0.1172620671,0.9081632653,0.1082725061,,,,,,,,,,,,
,0.72857143,0.15740741,0.8775510204,0.1172940535,0.9081632653,0.1082988562,,,,,,,,,,,,
,0.72857143,0.15747684,0.8775510204,0.1173260573,0.9081632653,0.1083252191,,,,,,,,,,,,
,0.72857143,0.15754634,0.8775510204,0.1173580786,0.9081632653,0.1083515948,,,,,,,,,,,,
,0.72857143,0.15761589,0.8775510204,0.1173901174,0.9081632653,0.1083779834,,,,,,,,,,,,
,0.72857143,0.15768551,0.8775510204,0.1174221737,0.906122449,0.1081607795,,,,,,,,,,,,
,0.72857143,0.15782493,0.8775510204,0.1174542475,0.906122449,0.1081871345,,,,,,,,,,,,
,0.72857143,0.15789474,0.8775510204,0.1174863388,0.906122449,0.1082135023,,,,,,,,,,,,
,0.72857143,0.1579646,0.8775510204,0.1175184477,0.906122449,0.108239883,,,,,,,,,,,,
,0.72857143,0.15803453,0.8775510204,0.1175505741,0.906122449,0.1082662765,,,,,,,,,,,,
,0.72857143,0.15810452,0.8775510204,0.1175827181,0.906122449,0.1082926829,,,,,,,,,,,,
,0.72857143,0.15824468,0.8775510204,0.1176148796,0.906122449,0.1083191022,,,,,,,,,,,,
,0.72857143,0.15831486,0.8775510204,0.1176470588,0.906122449,0.1083455344,,,,,,,,,,,,
,0.72857143,0.15838509,0.8775510204,0.1176792556,0.906122449,0.1083719795,,,,,,,,,,,,
,0.72857143,0.15845539,0.8775510204,0.1177437021,0.906122449,0.1083984375,,,,,,,,,,,,
,0.72857143,0.15852575,0.8775510204,0.1177759518,0.906122449,0.1084249084,,,,,,,,,,,,
,0.72653061,0.15815193,0.8775510204,0.1178082192,0.906122449,0.1084513923,,,,,,,,,,,,
,0.72653061,0.15822222,0.8775510204,0.1178405042,0.906122449,0.1084778891,,,,,,,,,,,,
,0.72653061,0.15829257,0.8755102041,0.1175986842,0.906122449,0.1085043988,,,,,,,,,,,,
,0.72653061,0.15836299,0.8755102041,0.1176309295,0.906122449,0.1085309215,,,,,,,,,,,,
,0.72653061,0.15843347,0.8755102041,0.1176631925,0.906122449,0.1085574572,,,,,,,,,,,,
,0.72653061,0.15850401,0.8755102041,0.1176954733,0.9040816327,0.1083394473,,,,,,,,,,,,
,0.72653061,0.15857461,0.8755102041,0.1177277717,0.9040816327,0.1083659491,,,,,,,,,,,,
,0.72653061,0.15864528,0.8755102041,0.1177600878,0.9040816327,0.1083924639,,,,,,,,,,,,
,0.72653061,0.15871601,0.8755102041,0.1177924217,0.9040816327,0.1084189917,,,,,,,,,,,,
,0.72653061,0.1587868,0.8755102041,0.1178247734,0.9040816327,0.1084455324,,,,,,,,,,,,
,0.72653061,0.15885765,0.8755102041,0.1178571429,0.9040816327,0.1084720862,,,,,,,,,,,,
,0.72653061,0.15892857,0.8755102041,0.1178895301,0.9040816327,0.108498653,,,,,,,,,,,,
,0.72653061,0.15899955,0.8755102041,0.1179219351,0.9040816327,0.1085252327,,,,,,,,,,,,
,0.72653061,0.1590706,0.8755102041,0.117954358,0.9040816327,0.1085518255,,,,,,,,,,,,
,0.72653061,0.15914171,0.8755102041,0.1179867987,0.9040816327,0.1085784314,,,,,,,,,,,,
,0.72653061,0.15921288,0.8755102041,0.1180192572,0.9020408163,0.1083598921,,,,,,,,,,,,
,0.72653061,0.15928412,0.8755102041,0.1180517336,0.9,0.1081412457,,,,,,,,,,,,
,0.72653061,0.15935542,0.8755102041,0.1180842279,0.9,0.1081677704,,,,,,,,,,,,
,0.72653061,0.15942678,0.8734693878,0.1178414097,0.9,0.1081943081,,,,,,,,,,,,
,0.72653061,0.15949821,0.8734693878,0.1178738639,0.9,0.1082208589,,,,,,,,,,,,
,0.72653061,0.1595697,0.8734693878,0.1179063361,0.9,0.1082474227,,,,,,,,,,,,
,0.72653061,0.15964126,0.8734693878,0.1179388261,0.9,0.1082739995,,,,,,,,,,,,
,0.72653061,0.15971288,0.8734693878,0.1179713341,0.9,0.1083005894,,,,,,,,,,,,
,0.72653061,0.15978456,0.8714285714,0.11772815,0.9,0.1083271923,,,,,,,,,,,,
,0.7244898,0.15940727,0.8714285714,0.1177606178,0.9,0.1083538084,,,,,,,,,,,,
,0.7244898,0.15947889,0.8714285714,0.1177931034,0.9,0.1083804375,,,,,,,,,,,,
,0.7244898,0.15955056,0.8714285714,0.1178256071,0.9,0.1084070796,,,,,,,,,,,,
,0.7244898,0.1596223,0.8714285714,0.1178581286,0.9,0.1084337349,,,,,,,,,,,,
,0.7244898,0.15969411,0.8714285714,0.1178906681,0.9,0.1084604033,,,,,,,,,,,,
,0.7244898,0.15976598,0.8714285714,0.1179232256,0.8979591837,0.1082410824,,,,,,,,,,,,
,0.7244898,0.15990991,0.8714285714,0.1179558011,0.8979591837,0.1082677165,,,,,,,,,,,,
,0.7244898,0.15998197,0.8714285714,0.1179883946,0.8979591837,0.1082943638,,,,,,,,,,,,
,0.7244898,0.1600541,0.8714285714,0.1180210061,0.8979591837,0.1083210241,,,,,,,,,,,,
,0.7244898,0.1601263,0.8714285714,0.1180536356,0.8979591837,0.1083476976,,,,,,,,,,,,
,0.7244898,0.16019856,0.8714285714,0.1180862832,0.8979591837,0.1083743842,,,,,,,,,,,,
,0.7244898,0.16027088,0.8693877551,0.1178423237,0.8979591837,0.108401084,,,,,,,,,,,,
,0.7244898,0.16034327,0.8693877551,0.1178749308,0.8979591837,0.1084277969,,,,,,,,,,,,
,0.7244898,0.16041573,0.8693877551,0.117907556,0.8979591837,0.108454523,,,,,,,,,,,,
,0.7244898,0.16048825,0.8673469388,0.1176633444,0.8979591837,0.1084812623,,,,,,,,,,,,
,0.7244898,0.16063348,0.8673469388,0.1176959291,0.8959183673,0.1082614057,,,,,,,,,,,,
,0.7244898,0.1607062,0.8673469388,0.1177285319,0.8959183673,0.1082881105,,,,,,,,,,,,
,0.7244898,0.16085184,0.8673469388,0.1177611527,0.8959183673,0.1083148285,,,,,,,,,,,,
,0.7244898,0.16092475,0.8673469388,0.1177937916,0.8959183673,0.1083415597,,,,,,,,,,,,
,0.7244898,0.16099773,0.8673469388,0.1178264486,0.893877551,0.1081214515,,,,,,,,,,,,
,0.7244898,0.16107078,0.8673469388,0.1178591237,0.893877551,0.1081481481,,,,,,,,,,,,
,0.7244898,0.16114389,0.8673469388,0.1178918169,0.893877551,0.108174858,,,,,,,,,,,,
,0.7244898,0.16121708,0.8673469388,0.1179245283,0.893877551,0.108201581,,,,,,,,,,,,
,0.7244898,0.16129032,0.8673469388,0.1179572578,0.893877551,0.1082283173,,,,,,,,,,,,
,0.7244898,0.16136364,0.8673469388,0.1179900056,0.893877551,0.1082550667,,,,,,,,,,,,
,0.7244898,0.16143702,0.8673469388,0.1180227715,0.8918367347,0.1080346106,,,,,,,,,,,,
,0.7244898,0.16202647,0.8673469388,0.1180555556,0.8918367347,0.1080613254,,,,,,,,,,,,
,0.7244898,0.16210046,0.8673469388,0.1180883579,0.8918367347,0.1080880534,,,,,,,,,,,,
,0.7244898,0.16217451,0.8673469388,0.1181211784,0.8918367347,0.1081147947,,,,,,,,,,,,
,0.7244898,0.16224863,0.8673469388,0.1181868743,0.8918367347,0.1081415491,,,,,,,,,,,,
,0.7244898,0.16232282,0.8673469388,0.1182197497,0.8897959184,0.1079207921,,,,,,,,,,,,
,0.7244898,0.16239707,0.8673469388,0.1182526433,0.8897959184,0.1079475118,,,,,,,,,,,,
,0.7244898,0.16254579,0.8673469388,0.1182855552,0.8897959184,0.1079742447,,,,,,,,,,,,
,0.7244898,0.16262025,0.8673469388,0.1183184855,0.8897959184,0.1080009908,,,,,,,,,,,,
,0.7244898,0.16269478,0.8673469388,0.1183514341,0.8897959184,0.1080277502,,,,,,,,,,,,
,0.7244898,0.16276937,0.8673469388,0.1183844011,0.8897959184,0.1080545229,,,,,,,,,,,,
,0.7244898,0.16284404,0.8673469388,0.1184173865,0.887755102,0.107833416,,,,,,,,,,,,
,0.72244898,0.16245984,0.8673469388,0.1184503902,0.887755102,0.1078601537,,,,,,,,,,,,
,0.72244898,0.16253444,0.8673469388,0.1184834123,0.887755102,0.1078869048,,,,,,,,,,,,
,0.72244898,0.1626091,0.8673469388,0.1185164529,0.8857142857,0.1076655917,,,,,,,,,,,,
,0.72244898,0.16268382,0.8673469388,0.1185495119,0.8857142857,0.1076923077,,,,,,,,,,,,
,0.72244898,0.16275862,0.8673469388,0.1185825893,0.8857142857,0.107719037,,,,,,,,,,,,
,0.72244898,0.16283349,0.8673469388,0.1186156852,0.8857142857,0.1077457795,,,,,,,,,,,,
,0.72244898,0.16290842,0.8673469388,0.1186487996,0.8857142857,0.1077725354,,,,,,,,,,,,
,0.72244898,0.16298343,0.8673469388,0.1186819324,0.8857142857,0.1077993045,,,,,,,,,,,,
,0.72244898,0.1630585,0.8673469388,0.1187150838,0.8857142857,0.107826087,,,,,,,,,,,,
,0.72244898,0.16313364,0.8673469388,0.1187482537,0.8857142857,0.1078528827,,,,,,,,,,,,
,0.72244898,0.16320885,0.8673469388,0.1187814421,0.8857142857,0.1078796918,,,,,,,,,,,,
,0.72244898,0.16335948,0.8673469388,0.1188146491,0.8857142857,0.1079065142,,,,,,,,,,,,
,0.72244898,0.1634349,0.8673469388,0.1188478747,0.8857142857,0.1079333499,,,,,,,,,,,,
,0.72244898,0.16351039,0.8673469388,0.1188811189,0.8857142857,0.107960199,,,,,,,,,,,,
,0.72244898,0.16358595,0.8673469388,0.1189143816,0.8857142857,0.1079870615,,,,,,,,,,,,
,0.72244898,0.16366158,0.8673469388,0.118947663,0.8857142857,0.1080139373,,,,,,,,,,,,
,0.72244898,0.16373728,0.8673469388,0.118980963,0.8857142857,0.1080408265,,,,,,,,,,,,
,0.72244898,0.16381305,0.8673469388,0.1190142817,0.8857142857,0.1080677291,,,,,,,,,,,,
,0.72244898,0.16388889,0.8673469388,0.119047619,0.8857142857,0.1080946451,,,,,,,,,,,,
,0.72244898,0.1639648,0.8673469388,0.1190809751,0.8857142857,0.1081215745,,,,,,,,,,,,
,0.72244898,0.16404078,0.8653061224,0.1188340807,0.8857142857,0.1081485173,,,,,,,,,,,,
,0.72040816,0.1638051,0.8653061224,0.1188673956,0.8857142857,0.1081754736,,,,,,,,,,,,
,0.71836735,0.1634169,0.8653061224,0.1189007291,0.8857142857,0.1082024433,,,,,,,,,,,,
,0.71836735,0.16356877,0.8653061224,0.1189340813,0.8857142857,0.1082294264,,,,,,,,,,,,
,0.71836735,0.16364482,0.8653061224,0.1189674523,0.8857142857,0.108256423,,,,,,,,,,,,
,0.71836735,0.16372093,0.8653061224,0.119000842,0.8857142857,0.1082834331,,,,,,,,,,,,
,0.71836735,0.16379711,0.8653061224,0.1190342504,0.8857142857,0.1083104567,,,,,,,,,,,,
,0.71836735,0.16387337,0.8632653061,0.1187868576,0.8857142857,0.1083374938,,,,,,,,,,,,
,0.71836735,0.1639497,0.8632653061,0.1188202247,0.8857142857,0.1083645443,,,,,,,,,,,,
,0.71836735,0.1640261,0.8632653061,0.1188536106,0.8857142857,0.1083916084,,,,,,,,,,,,
,0.71836735,0.16410256,0.8632653061,0.1188870152,0.8857142857,0.108418686,,,,,,,,,,,,
,0.71836735,0.1641791,0.8612244898,0.1186393028,0.8857142857,0.1084457771,,,,,,,,,,,,
,0.71836735,0.16425572,0.8612244898,0.1186726659,0.8857142857,0.1084728818,,,,,,,,,,,,
,0.71836735,0.1643324,0.8612244898,0.1187060478,0.8857142857,0.1085,,,,,,,,,,,,
,0.71836735,0.16440915,0.8612244898,0.1187394485,0.8857142857,0.1085271318,,,,,,,,,,,,
,0.71836735,0.16448598,0.8612244898,0.118772868,0.8857142857,0.1085542771,,,,,,,,,,,,
,0.71836735,0.16456288,0.8591836735,0.1185247748,0.8857142857,0.1085814361,,,,,,,,,,,,
,0.71836735,0.16463985,0.8591836735,0.1185581526,0.8857142857,0.1086086086,,,,,,,,,,,,
,0.71836735,0.16471689,0.8591836735,0.1185915493,0.8857142857,0.1086357947,,,,,,,,,,,,
,0.71836735,0.16479401,0.8591836735,0.1186249648,0.8857142857,0.1086629945,,,,,,,,,,,,
,0.71632653,0.16440281,0.8591836735,0.1186583991,0.8857142857,0.1086902079,,,,,,,,,,,,
,0.71632653,0.16447985,0.8591836735,0.1186918523,0.8857142857,0.1087174349,,,,,,,,,,,,
,0.71632653,0.16455696,0.8591836735,0.1187253243,0.8857142857,0.1087446755,,,,,,,,,,,,
,0.71632653,0.16463415,0.8591836735,0.1187588152,0.8857142857,0.1087719298,,,,,,,,,,,,
,0.71632653,0.1647114,0.8591836735,0.1187923251,0.8857142857,0.1087991978,,,,,,,,,,,,
,0.71632653,0.16478873,0.8591836735,0.1188258538,0.8857142857,0.1088264794,,,,,,,,,,,,
,0.71632653,0.16486613,0.8591836735,0.1188594015,0.8857142857,0.1088537748,,,,,,,,,,,,
,0.71632653,0.16494361,0.8591836735,0.1188929681,0.8857142857,0.1088810838,,,,,,,,,,,,
,0.71632653,0.16502116,0.8591836735,0.1189265537,0.8857142857,0.1089084065,,,,,,,,,,,,
,0.71632653,0.16509878,0.8591836735,0.1189601582,0.8857142857,0.108935743,,,,,,,,,,,,
,0.71632653,0.16517647,0.8591836735,0.1189937818,0.8857142857,0.1089630931,,,,,,,,,,,,
,0.71632653,0.16525424,0.8591836735,0.1190274244,0.8857142857,0.1089904571,,,,,,,,,,,,
,0.71632653,0.16533208,0.8591836735,0.119061086,0.8857142857,0.1090178347,,,,,,,,,,,,
,0.71632653,0.16540999,0.8591836735,0.1190947666,0.8857142857,0.1090452261,,,,,,,,,,,,
,0.71632653,0.16548798,0.8591836735,0.1191284663,0.8857142857,0.1090726313,,,,,,,,,,,,
,0.71632653,0.16572238,0.8591836735,0.1191621851,0.8857142857,0.1091000503,,,,,,,,,,,,
,0.71632653,0.16587902,0.8591836735,0.119195923,0.8857142857,0.109127483,,,,,,,,,,,,
,0.71632653,0.16595745,0.8591836735,0.11922968,0.8857142857,0.1091549296,,,,,,,,,,,,
,0.71632653,0.16603595,0.8591836735,0.1192634561,0.8857142857,0.1091823899,,,,,,,,,,,,
,0.71632653,0.16611453,0.8591836735,0.1192972513,0.8857142857,0.1092098641,,,,,,,,,,,,
,0.71632653,0.16619318,0.8591836735,0.1193310658,0.8857142857,0.1092373521,,,,,,,,,,,,
,0.71632653,0.16635071,0.8591836735,0.1193648993,0.8857142857,0.109264854,,,,,,,,,,,,
,0.71632653,0.16642959,0.8591836735,0.1193987521,0.8857142857,0.1092923697,,,,,,,,,,,,
,0.71632653,0.16658757,0.8591836735,0.1194326241,0.8857142857,0.1093198992,,,,,,,,,,,,
,0.71632653,0.16666667,0.8591836735,0.1194665153,0.8857142857,0.1093474427,,,,,,,,,,,,
,0.71428571,0.16627078,0.8591836735,0.1195004258,0.8857142857,0.109375,,,,,,,,,,,,
,0.71428571,0.16634981,0.8591836735,0.1195343555,0.8857142857,0.1094025712,,,,,,,,,,,,
,0.71428571,0.16642891,0.8591836735,0.1195683045,0.8836734694,0.1091780131,,,,,,,,,,,,
,0.71428571,0.16650809,0.8591836735,0.1196022727,0.8836734694,0.1092055485,,,,,,,,,,,,
,0.7122449,0.16626965,0.8591836735,0.1196362603,0.8816326531,0.1089808274,,,,,,,,,,,,
,0.7122449,0.1663489,0.8591836735,0.1196702672,0.8816326531,0.109008327,,,,,,,,,,,,
,0.7122449,0.16642823,0.8591836735,0.1197042934,0.8816326531,0.1090358405,,,,,,,,,,,,
,0.71020408,0.16603053,0.8591836735,0.119738339,0.8816326531,0.1090633678,,,,,,,,,,,,
,0.71020408,0.16610979,0.8591836735,0.119772404,0.8816326531,0.1090909091,,,,,,,,,,,,
,0.71020408,0.16618911,0.8591836735,0.1198064883,0.8816326531,0.1091184643,,,,,,,,,,,,
,0.70816327,0.16586998,0.8591836735,0.1198405921,0.8795918367,0.1088933805,,,,,,,,,,,,
,0.70816327,0.16594931,0.8591836735,0.1198747153,0.8795918367,0.1089208997,,,,,,,,,,,,
,0.70816327,0.16602871,0.8591836735,0.1199088579,0.8795918367,0.1089484328,,,,,,,,,,,,
,0.70816327,0.16610819,0.8591836735,0.1199430199,0.8795918367,0.1089759798,,,,,,,,,,,,
,0.70816327,0.16618774,0.8591836735,0.1199772015,0.8795918367,0.1090035407,,,,,,,,,,,,
,0.70816327,0.16626737,0.8591836735,0.1200114025,0.8795918367,0.1090311156,,,,,,,,,,,,
,0.70816327,0.16634708,0.8591836735,0.120045623,0.8795918367,0.1090587045,,,,,,,,,,,,
,0.70816327,0.16642686,0.8591836735,0.1200798631,0.8795918367,0.1090863073,,,,,,,,,,,,
,0.70816327,0.16650672,0.8571428571,0.119828816,0.8775510204,0.1088607595,,,,,,,,,,,,
,0.70816327,0.16658665,0.8571428571,0.1198630137,0.8775510204,0.1088883262,,,,,,,,,,,,
,0.70816327,0.16666667,0.8571428571,0.1198972309,0.8775510204,0.1089159068,,,,,,,,,,,,
,0.70816327,0.16698749,0.8571428571,0.1199314677,0.8775510204,0.1089435014,,,,,,,,,,,,
,0.70816327,0.16706789,0.8571428571,0.1199657241,0.8775510204,0.10897111,,,,,,,,,,,,
,0.70816327,0.16714836,0.8551020408,0.1197142857,0.8775510204,0.1089987326,,,,,,,,,,,,
,0.70816327,0.16722892,0.8551020408,0.1197484996,0.8775510204,0.1090263692,,,,,,,,,,,,
,0.70612245,0.16690786,0.8551020408,0.119782733,0.8775510204,0.1090540198,,,,,,,,,,,,
,0.70612245,0.16698842,0.8551020408,0.119816986,0.8775510204,0.1090816844,,,,,,,,,,,,
,0.70612245,0.16706905,0.8551020408,0.1198512586,0.8775510204,0.1091093631,,,,,,,,,,,,
,0.70612245,0.16714976,0.8551020408,0.1198855508,0.8775510204,0.1091370558,,,,,,,,,,,,
,0.70612245,0.16723055,0.8551020408,0.1199198626,0.8775510204,0.1091647626,,,,,,,,,,,,
,0.70612245,0.16731141,0.8551020408,0.1199541941,0.8755102041,0.1089385475,,,,,,,,,,,,
,0.70612245,0.16739236,0.8551020408,0.1199885452,0.8755102041,0.1089662179,,,,,,,,,,,,
,0.70612245,0.16747338,0.8551020408,0.1200229161,0.8755102041,0.1089939024,,,,,,,,,,,,
,0.70612245,0.16755448,0.8551020408,0.1200573066,0.8755102041,0.109021601,,,,,,,,,,,,
,0.70612245,0.16763566,0.8551020408,0.1200917168,0.8755102041,0.1090493137,,,,,,,,,,,,
,0.70612245,0.16771692,0.8551020408,0.1201261468,0.8755102041,0.1090770404,,,,,,,,,,,,
,0.70612245,0.16779825,0.8551020408,0.1201605965,0.8755102041,0.1091047813,,,,,,,,,,,,
,0.70612245,0.16787967,0.8551020408,0.120195066,0.8755102041,0.1091325363,,,,,,,,,,,,
,0.70612245,0.16796117,0.8551020408,0.1202295552,0.8755102041,0.1091603053,,,,,,,,,,,,
,0.70612245,0.16804274,0.8551020408,0.1202640643,0.8755102041,0.1091880886,,,,,,,,,,,,
,0.70612245,0.16812439,0.8551020408,0.1202985932,0.8755102041,0.1092158859,,,,,,,,,,,,
,0.70612245,0.16820613,0.8530612245,0.1200459506,0.8755102041,0.1092436975,,,,,,,,,,,,
,0.70612245,0.16828794,0.8530612245,0.1200804367,0.8755102041,0.1092715232,,,,,,,,,,,,
,0.70612245,0.16836983,0.8530612245,0.1201149425,0.8755102041,0.1092993631,,,,,,,,,,,,
,0.70612245,0.1684518,0.8530612245,0.1201494682,0.8755102041,0.1093272171,,,,,,,,,,,,
,0.70612245,0.16853385,0.8530612245,0.1201840138,0.8734693878,0.1091001784,,,,,,,,,,,,
,0.70612245,0.16861598,0.8530612245,0.1202185792,0.8734693878,0.1091279959,,,,,,,,,,,,
,0.70612245,0.1686982,0.8530612245,0.1202531646,0.8714285714,0.1089007906,,,,,,,,,,,,
,0.70408163,0.16829268,0.8530612245,0.1202877698,0.8714285714,0.1089285714,,,,,,,,,,,,
,0.70408163,0.16837482,0.8530612245,0.1203223949,0.8714285714,0.1089563664,,,,,,,,,,,,
,0.70408163,0.16853933,0.8530612245,0.12035704,0.8714285714,0.1089841756,,,,,,,,,,,,
,0.70408163,0.1686217,0.8530612245,0.1203917051,0.8714285714,0.109011999,,,,,,,,,,,,
,0.70408163,0.16870416,0.8530612245,0.1204263901,0.8714285714,0.1090398366,,,,,,,,,,,,
,0.70408163,0.16878669,0.8510204082,0.1201729107,0.8714285714,0.1090676884,,,,,,,,,,,,
,0.70408163,0.16886931,0.8510204082,0.1202075526,0.8693877551,0.1088400613,,,,,,,,,,,,
,0.70408163,0.16895201,0.8510204082,0.1202768965,0.8693877551,0.1088678763,,,,,,,,,,,,
,0.70408163,0.16903479,0.8510204082,0.1203115984,0.8693877551,0.1088957055,,,,,,,,,,,,
,0.70408163,0.16920059,0.8510204082,0.1203463203,0.8693877551,0.108923549,,,,,,,,,,,,
,0.70408163,0.16928361,0.8510204082,0.1203810624,0.8693877551,0.1089514066,,,,,,,,,,,,
,0.70408163,0.16936672,0.8510204082,0.1204158244,0.8693877551,0.1089792786,,,,,,,,,,,,
,0.70408163,0.1694499,0.8489795918,0.1201617562,0.8693877551,0.1090071648,,,,,,,,,,,,
,0.7,0.16863324,0.8489795918,0.120196475,0.8693877551,0.1090350653,,,,,,,,,,,,
,0.7,0.16871618,0.8489795918,0.1202659728,0.8693877551,0.10906298,,,,,,,,,,,,
,0.7,0.16879921,0.8489795918,0.1203007519,0.8693877551,0.1090909091,,,,,,,,,,,,
,0.7,0.16888232,0.8489795918,0.1203355511,0.8693877551,0.1091188525,,,,,,,,,,,,
,0.7,0.16896552,0.8489795918,0.1203703704,0.8693877551,0.1091468101,,,,,,,,,,,,
,0.7,0.16904879,0.8489795918,0.1204052098,0.8693877551,0.1091747822,,,,,,,,,,,,
,0.7,0.16913215,0.8489795918,0.1204749493,0.8693877551,0.1092027685,,,,,,,,,,,,
,0.7,0.16921559,0.8489795918,0.1205098494,0.8693877551,0.1092307692,,,,,,,,,,,,
,0.7,0.16929911,0.8489795918,0.1205447696,0.8693877551,0.1092587843,,,,,,,,,,,,
,0.7,0.16938272,0.8489795918,0.1205797101,0.8693877551,0.1092868138,,,,,,,,,,,,
,0.7,0.16955017,0.8489795918,0.1206146709,0.8673469388,0.1090582499,,,,,,,,,,,,
,0.7,0.16963403,0.8489795918,0.1206846533,0.8673469388,0.1090862423,,,,,,,,,,,,
,0.7,0.16971796,0.8489795918,0.120719675,0.8673469388,0.109114249,,,,,,,,,,,,
,0.7,0.16980198,0.8489795918,0.120754717,0.8653061224,0.1088854648,,,,,,,,,,,,
,0.7,0.16988608,0.8489795918,0.1207897793,0.8653061224,0.1089134344,,,,,,,,,,,,
,0.7,0.16997027,0.8489795918,0.120824862,0.8653061224,0.1089414183,,,,,,,,,,,,
,0.7,0.17005454,0.8489795918,0.1208599651,0.8653061224,0.1089694166,,,,,,,,,,,,
,0.69795918,0.16964286,0.8489795918,0.1209302326,0.8653061224,0.1089974293,,,,,,,,,,,,
,0.69795918,0.16972705,0.8489795918,0.1209653969,0.8653061224,0.1090254564,,,,,,,,,,,,
,0.69795918,0.16981132,0.8489795918,0.1210005817,0.8653061224,0.1090534979,,,,,,,,,,,,
,0.69795918,0.16989568,0.8489795918,0.121035787,0.8653061224,0.1090815539,,,,,,,,,,,,
,0.69795918,0.16998012,0.8489795918,0.1211062591,0.8653061224,0.1091096243,,,,,,,,,,,,
,0.69795918,0.17006464,0.8489795918,0.1211415259,0.8653061224,0.1091377091,,,,,,,,,,,,
,0.69795918,0.17014925,0.8489795918,0.1211768133,0.8653061224,0.1091658084,,,,,,,,,,,,
,0.69795918,0.17023395,0.8489795918,0.1212121212,0.8653061224,0.1091939222,,,,,,,,,,,,
,0.69591837,0.16982072,0.8489795918,0.1212474497,0.8653061224,0.1092220505,,,,,,,,,,,,
,0.69591837,0.16990533,0.8489795918,0.1212827988,0.8653061224,0.1092501932,,,,,,,,,,,,
,0.69387755,0.16949153,0.8489795918,0.1213181686,0.8653061224,0.1092783505,,,,,,,,,,,,
,0.69387755,0.16957606,0.8489795918,0.1213535589,0.8653061224,0.1093065223,,,,,,,,,,,,
,0.69387755,0.16966068,0.8489795918,0.1213889699,0.8653061224,0.1093347086,,,,,,,,,,,,
,0.69387755,0.16983017,0.8489795918,0.1214244016,0.8653061224,0.1093629095,,,,,,,,,,,,
,0.69183673,0.16941529,0.8489795918,0.121459854,0.8653061224,0.1093911249,,,,,,,,,,,,
,0.69183673,0.1695,0.8469387755,0.121203271,0.8632653061,0.1091612903,,,,,,,,,,,,
,0.69183673,0.16966967,0.8469387755,0.1212386795,0.8632653061,0.1091894682,,,,,,,,,,,,
,0.69183673,0.16983968,0.8448979592,0.1209818819,0.8632653061,0.1092176607,,,,,,,,,,,,
,0.69183673,0.17001003,0.8448979592,0.1210172464,0.8632653061,0.1092458678,,,,,,,,,,,,
,0.69183673,0.17018072,0.8448979592,0.1210526316,0.8612244898,0.1090157582,,,,,,,,,,,,
,0.69183673,0.17043741,0.8448979592,0.1210880374,0.8612244898,0.1090439276,,,,,,,,,,,,
,0.69183673,0.17052314,0.8448979592,0.121123464,0.8591836735,0.1088136469,,,,,,,,,,,,
,0.69183673,0.17060896,0.8448979592,0.1211589113,0.8591836735,0.1088417787,,,,,,,,,,,,
,0.69183673,0.17069486,0.8448979592,0.1212298682,0.8591836735,0.108869925,,,,,,,,,,,,
,0.69183673,0.17078086,0.8448979592,0.1212653779,0.8591836735,0.1088980859,,,,,,,,,,,,
,0.69183673,0.17086694,0.8448979592,0.1213009083,0.8591836735,0.1089262613,,,,,,,,,,,,
,0.69183673,0.1709531,0.8448979592,0.1213364596,0.8571428571,0.1086956522,,,,,,,,,,,,
,0.69183673,0.17103935,0.8448979592,0.1213720317,0.8571428571,0.1087237898,,,,,,,,,,,,
,0.69183673,0.17112569,0.8448979592,0.1214076246,0.8571428571,0.108751942,,,,,,,,,,,,
,0.69183673,0.17129864,0.8448979592,0.1214432385,0.8571428571,0.1087801088,,,,,,,,,,,,
,0.69183673,0.17138524,0.8448979592,0.1214788732,0.8571428571,0.1088082902,,,,,,,,,,,,
,0.68979592,0.17096611,0.8448979592,0.1215145289,0.8571428571,0.1088364861,,,,,,,,,,,,
,0.68979592,0.17105263,0.8448979592,0.1215502055,0.8571428571,0.1088646967,,,,,,,,,,,,
,0.68979592,0.17113924,0.8448979592,0.1215859031,0.8571428571,0.108892922,,,,,,,,,,,,
,0.68979592,0.17122594,0.8448979592,0.1216573612,0.8571428571,0.1089211618,,,,,,,,,,,,
,0.68979592,0.17131272,0.8448979592,0.1216931217,0.8571428571,0.1089494163,,,,,,,,,,,,
,0.68979592,0.17139959,0.8448979592,0.1217289033,0.8571428571,0.1089776855,,,,,,,,,,,,
,0.68979592,0.17148656,0.8448979592,0.1217647059,0.8571428571,0.1090059694,,,,,,,,,,,,
,0.68979592,0.1715736,0.8448979592,0.1218005296,0.8571428571,0.1090342679,,,,,,,,,,,,
,0.68979592,0.17166074,0.8448979592,0.1218363743,0.8571428571,0.1090625811,,,,,,,,,,,,
,0.6877551,0.17123984,0.8448979592,0.1218722402,0.8571428571,0.1090909091,,,,,,,,,,,,
,0.6877551,0.17132689,0.8448979592,0.1219081272,0.8571428571,0.1091192518,,,,,,,,,,,,
,0.6877551,0.17141404,0.8448979592,0.1219440353,0.8571428571,0.1091476091,,,,,,,,,,,,
,0.68571429,0.17099237,0.8448979592,0.1219799646,0.8571428571,0.1091759813,,,,,,,,,,,,
,0.68571429,0.17107943,0.8448979592,0.1220159151,0.8571428571,0.1092043682,,,,,,,,,,,,
,0.68571429,0.17116658,0.8448979592,0.1220518868,0.8571428571,0.1092327698,,,,,,,,,,,,
,0.68571429,0.17125382,0.8448979592,0.1220878797,0.8571428571,0.1092611863,,,,,,,,,,,,
,0.68571429,0.17134115,0.8448979592,0.1221238938,0.8571428571,0.1092896175,,,,,,,,,,,,
,0.68571429,0.17142857,0.8448979592,0.1221599292,0.8571428571,0.1093180635,,,,,,,,,,,,
,0.68571429,0.17151608,0.8448979592,0.1221959858,0.8571428571,0.1093465243,,,,,,,,,,,,
,0.68571429,0.17160368,0.8448979592,0.1222320638,0.8571428571,0.109375,,,,,,,,,,,,
,0.68571429,0.17177914,0.8448979592,0.122268163,0.8571428571,0.1094034905,,,,,,,,,,,,
,0.68571429,0.17186701,0.8448979592,0.1223404255,0.8571428571,0.1094319958,,,,,,,,,,,,
,0.68571429,0.17195496,0.8448979592,0.1223765888,0.8571428571,0.109460516,,,,,,,,,,,,
,0.68571429,0.17204301,0.8448979592,0.1224127735,0.8571428571,0.1094890511,,,,,,,,,,,,
,0.68571429,0.17213115,0.8448979592,0.1224489796,0.8571428571,0.109517601,,,,,,,,,,,,
,0.68571429,0.17221937,0.8448979592,0.1224852071,0.8571428571,0.1095461659,,,,,,,,,,,,
,0.68571429,0.17230769,0.8448979592,0.1225214561,0.8571428571,0.1095747456,,,,,,,,,,,,
,0.68571429,0.1723961,0.8448979592,0.1225577265,0.8571428571,0.1096033403,,,,,,,,,,,,
,0.68571429,0.1724846,0.8448979592,0.1225940184,0.8571428571,0.1096319499,,,,,,,,,,,,
,0.68367347,0.17205958,0.8448979592,0.1226303318,0.8571428571,0.1096605744,,,,,,,,,,,,
,0.68367347,0.172148,0.8448979592,0.1226666667,0.8571428571,0.1096892139,,,,,,,,,,,,
,0.68367347,0.17250257,0.8448979592,0.1227030231,0.8571428571,0.1097178683,,,,,,,,,,,,
,0.68163265,0.17207625,0.8448979592,0.1227394011,0.8571428571,0.1097465378,,,,,,,,,,,,
,0.68163265,0.17216495,0.8448979592,0.1227758007,0.8571428571,0.1097752222,,,,,,,,,,,,
,0.68163265,0.17225374,0.8448979592,0.1228122219,0.8571428571,0.1098039216,,,,,,,,,,,,
,0.68163265,0.17234262,0.8448979592,0.1228486647,0.8571428571,0.109832636,,,,,,,,,,,,
,0.68163265,0.1724316,0.8448979592,0.1228851291,0.8571428571,0.1098613654,,,,,,,,,,,,
,0.68163265,0.17252066,0.8448979592,0.1229216152,0.8571428571,0.1098901099,,,,,,,,,,,,
,0.68163265,0.17260982,0.8448979592,0.122958123,0.8571428571,0.1099188694,,,,,,,,,,,,
,0.68163265,0.17269907,0.8448979592,0.1229946524,0.8571428571,0.109947644,,,,,,,,,,,,
,0.68163265,0.17278841,0.8448979592,0.1230312036,0.8571428571,0.1099764336,,,,,,,,,,,,
,0.68163265,0.17287785,0.8448979592,0.1230677765,0.8571428571,0.1100052383,,,,,,,,,,,,
,0.68163265,0.17296737,0.8448979592,0.1231043711,0.8571428571,0.1100340582,,,,,,,,,,,,
,0.68163265,0.17305699,0.8448979592,0.1231409875,0.8571428571,0.1100628931,,,,,,,,,,,,
,0.68163265,0.17314671,0.8448979592,0.1232142857,0.8571428571,0.1100917431,,,,,,,,,,,,
,0.68163265,0.17323651,0.8428571429,0.1229532599,0.8571428571,0.1101206083,,,,,,,,,,,,
,0.67959184,0.17280747,0.8428571429,0.1229898749,0.8571428571,0.1101494886,,,,,,,,,,,,
,0.67959184,0.1728972,0.8428571429,0.1230265118,0.8571428571,0.1101783841,,,,,,,,,,,,
,0.67959184,0.17298701,0.8428571429,0.1230631704,0.8571428571,0.1102072947,,,,,,,,,,,,
,0.67755102,0.17255717,0.8428571429,0.123099851,0.8571428571,0.1102362205,,,,,,,,,,,,
,0.67755102,0.17264691,0.8428571429,0.1231365534,0.8571428571,0.1102651615,,,,,,,,,,,,
,0.67755102,0.17273673,0.8428571429,0.1231732777,0.8571428571,0.1102941176,,,,,,,,,,,,
,0.67755102,0.17282665,0.8428571429,0.1232100239,0.8571428571,0.110323089,,,,,,,,,,,,
,0.67755102,0.17291667,0.8408163265,0.1229483736,0.8571428571,0.1103520757,,,,,,,,,,,,
,0.6755102,0.17248567,0.8408163265,0.1229850746,0.8571428571,0.1103810775,,,,,,,,,,,,
,0.6755102,0.1725756,0.8408163265,0.1230217976,0.8571428571,0.1104100946,,,,,,,,,,,,
,0.6755102,0.17284595,0.8408163265,0.1230585424,0.8571428571,0.110439127,,,,,,,,,,,,
,0.6755102,0.17293626,0.8408163265,0.1230953092,0.8571428571,0.1104681746,,,,,,,,,,,,
,0.6755102,0.17302666,0.8408163265,0.123132098,0.8571428571,0.1104972376,,,,,,,,,,,,
,0.6755102,0.17311715,0.8408163265,0.1231689088,0.8571428571,0.1105263158,,,,,,,,,,,,
,0.6755102,0.17320774,0.8387755102,0.1229066986,0.8571428571,0.1105554093,,,,,,,,,,,,
,0.6755102,0.17329843,0.8387755102,0.122943464,0.8571428571,0.1105845182,,,,,,,,,,,,
,0.6755102,0.17338921,0.8387755102,0.1229802513,0.8571428571,0.1106136423,,,,,,,,,,,,
,0.6755102,0.17348008,0.8387755102,0.1230170608,0.8571428571,0.1106427819,,,,,,,,,,,,
,0.6755102,0.17357105,0.8387755102,0.1230538922,0.8571428571,0.1106719368,,,,,,,,,,,,
,0.6755102,0.17366212,0.8387755102,0.1230907457,0.8571428571,0.110701107,,,,,,,,,,,,
,0.6755102,0.17375328,0.8387755102,0.123164519,0.8551020408,0.1104666491,,,,,,,,,,,,
,0.6755102,0.17384454,0.8387755102,0.1232014388,0.8551020408,0.1104957806,,,,,,,,,,,,
,0.6755102,0.17402734,0.8387755102,0.1232383808,0.8551020408,0.1105249275,,,,,,,,,,,,
,0.6755102,0.17421053,0.8387755102,0.1232753449,0.8551020408,0.1105540897,,,,,,,,,,,,
,0.6755102,0.17430226,0.8387755102,0.1233493397,0.8551020408,0.1105832674,,,,,,,,,,,,
,0.6755102,0.1743941,0.8387755102,0.1233863705,0.8551020408,0.1106124604,,,,,,,,,,,,
,0.6755102,0.17448603,0.8387755102,0.1234234234,0.8551020408,0.1106416689,,,,,,,,,,,,
,0.6755102,0.17457806,0.8387755102,0.123534716,0.8551020408,0.1106708928,,,,,,,,,,,,
,0.6755102,0.17467018,0.8367346939,0.1232711966,0.8551020408,0.1107001321,,,,,,,,,,,,
,0.6755102,0.17476241,0.8367346939,0.1233082707,0.8551020408,0.1107293869,,,,,,,,,,,,
,0.6755102,0.17494715,0.8367346939,0.123345367,0.8551020408,0.1107586572,,,,,,,,,,,,
,0.6755102,0.17503966,0.8367346939,0.1233824857,0.8551020408,0.1107879429,,,,,,,,,,,,
,0.6755102,0.17513228,0.8367346939,0.1234567901,0.8551020408,0.1108172441,,,,,,,,,,,,
,0.6755102,0.17522499,0.8367346939,0.1234939759,0.8551020408,0.1108465608,,,,,,,,,,,,
,0.6755102,0.1753178,0.8367346939,0.1235684147,0.8551020408,0.1108758931,,,,,,,,,,,,
,0.6755102,0.1754107,0.8346938776,0.1233041905,0.8551020408,0.1109052409,,,,,,,,,,,,
,0.6755102,0.17559682,0.8346938776,0.1233413752,0.8551020408,0.1109346042,,,,,,,,,,,,
,0.6755102,0.17569002,0.8346938776,0.1233785822,0.8551020408,0.1109639831,,,,,,,,,,,,
,0.6755102,0.17578332,0.8346938776,0.1234158117,0.8551020408,0.1109933775,,,,,,,,,,,,
,0.6755102,0.17587673,0.8346938776,0.1234530637,0.8551020408,0.1110227875,,,,,,,,,,,,
,0.6755102,0.17597023,0.8346938776,0.1234903382,0.8551020408,0.1110522131,,,,,,,,,,,,
,0.6755102,0.17606383,0.8346938776,0.1235276352,0.8530612245,0.1108165429,,,,,,,,,,,,
,0.6755102,0.17615753,0.8346938776,0.1235649547,0.8530612245,0.1108459295,,,,,,,,,,,,
,0.6755102,0.17625133,0.8346938776,0.1236022968,0.8530612245,0.1108753316,,,,,,,,,,,,
,0.6755102,0.17634523,0.8346938776,0.1236396614,0.8530612245,0.1109047493,,,,,,,,,,,,
,0.6755102,0.17643923,0.8346938776,0.1236770487,0.8530612245,0.1109341826,,,,,,,,,,,,
,0.6755102,0.17653333,0.8346938776,0.1237144586,0.8530612245,0.1109636315,,,,,,,,,,,,
,0.6755102,0.17662753,0.8346938776,0.1237518911,0.8530612245,0.1109930961,,,,,,,,,,,,
,0.6755102,0.17672184,0.8326530612,0.1234866828,0.8530612245,0.1110225764,,,,,,,,,,,,
,0.6755102,0.17691074,0.8326530612,0.123524069,0.8530612245,0.1110520723,,,,,,,,,,,,
,0.6755102,0.17700535,0.8326530612,0.1235614779,0.8530612245,0.1110815838,,,,,,,,,,,,
,0.6755102,0.17710005,0.8326530612,0.1235989094,0.8530612245,0.1111111111,,,,,,,,,,,,
,0.6755102,0.17719486,0.8326530612,0.1236363636,0.8530612245,0.1111406541,,,,,,,,,,,,
,0.6755102,0.17728977,0.8326530612,0.1236738406,0.8530612245,0.1111702128,,,,,,,,,,,,
,0.67346939,0.17684887,0.8326530612,0.1237113402,0.8530612245,0.1111997872,,,,,,,,,,,,
,0.67346939,0.1769437,0.8306122449,0.1234455566,0.8530612245,0.1112293773,,,,,,,,,,,,
,0.67346939,0.17713366,0.8306122449,0.1234830097,0.8530612245,0.1112589832,,,,,,,,,,,,
,0.67346939,0.17722879,0.8306122449,0.1235204856,0.8530612245,0.1112886049,,,,,,,,,,,,
,0.67346939,0.17732402,0.8306122449,0.1235579842,0.8530612245,0.1113182423,,,,,,,,,,,,
,0.67346939,0.17741935,0.8306122449,0.1235955056,0.8530612245,0.1113478956,,,,,,,,,,,,
,0.67346939,0.17751479,0.8306122449,0.1236330498,0.8530612245,0.1113775646,,,,,,,,,,,,
,0.67346939,0.17761033,0.8306122449,0.1236706168,0.8530612245,0.1114072495,,,,,,,,,,,,
,0.67346939,0.17770598,0.8306122449,0.1237082067,0.8530612245,0.1114369501,,,,,,,,,,,,
,0.67346939,0.17789757,0.8306122449,0.1237458194,0.8530612245,0.1114666667,,,,,,,,,,,,
,0.67346939,0.17799353,0.8306122449,0.123783455,0.8530612245,0.111496399,,,,,,,,,,,,
,0.67346939,0.17808958,0.8306122449,0.1238211135,0.8530612245,0.1115261473,,,,,,,,,,,,
,0.67346939,0.17818575,0.8306122449,0.1238587949,0.8530612245,0.1115559114,,,,,,,,,,,,
,0.67346939,0.17828201,0.8306122449,0.1238964992,0.8530612245,0.1115856914,,,,,,,,,,,,
,0.67346939,0.17837838,0.8306122449,0.1239342266,0.8530612245,0.1116154873,,,,,,,,,,,,
,0.67346939,0.17847485,0.8306122449,0.1239719769,0.8530612245,0.1116452991,,,,,,,,,,,,
,0.67346939,0.17857143,0.8306122449,0.1240097502,0.8530612245,0.1116751269,,,,,,,,,,,,
,0.67346939,0.17866811,0.8306122449,0.1240475465,0.8530612245,0.1117049706,,,,,,,,,,,,
,0.67346939,0.1787649,0.8306122449,0.1240853659,0.8530612245,0.1117348303,,,,,,,,,,,,
,0.67346939,0.17895879,0.8306122449,0.1241232083,0.8530612245,0.1117647059,,,,,,,,,,,,
,0.67142857,0.17851329,0.8306122449,0.1241610738,0.8530612245,0.1117945975,,,,,,,,,,,,
,0.67142857,0.17861021,0.8306122449,0.1241989625,0.8530612245,0.1118245051,,,,,,,,,,,,
,0.67142857,0.17880435,0.8306122449,0.1242368742,0.8530612245,0.1118544287,,,,,,,,,,,,
,0.67142857,0.17890158,0.8306122449,0.1243507485,0.8530612245,0.1118843683,,,,,,,,,,,,
,0.67142857,0.17899891,0.8306122449,0.1243887531,0.8530612245,0.111914324,,,,,,,,,,,,
,0.67142857,0.17909635,0.8285714286,0.1241210639,0.8530612245,0.1119442957,,,,,,,,,,,,
,0.67142857,0.1791939,0.8285714286,0.1241590214,0.8530612245,0.1119742834,,,,,,,,,,,,
,0.67142857,0.17929155,0.8285714286,0.1241970021,0.8530612245,0.1120042872,,,,,,,,,,,,
,0.67142857,0.17938931,0.8285714286,0.1242350061,0.8530612245,0.1120343072,,,,,,,,,,,,
,0.67142857,0.17958515,0.8285714286,0.1242730334,0.8530612245,0.1120643432,,,,,,,,,,,,
,0.66938776,0.17913708,0.8285714286,0.1243110839,0.8530612245,0.1120943953,,,,,,,,,,,,
,0.66734694,0.17868852,0.8285714286,0.1243491577,0.8530612245,0.1121244635,,,,,,,,,,,,
,0.66734694,0.17878622,0.8285714286,0.1243872549,0.8530612245,0.1121545479,,,,,,,,,,,,
,0.66734694,0.17888403,0.8285714286,0.1244253754,0.8530612245,0.1121846484,,,,,,,,,,,,
,0.66734694,0.17898194,0.8285714286,0.1244635193,0.8530612245,0.1122147651,,,,,,,,,,,,
,0.66734694,0.17907996,0.8285714286,0.1245398773,0.8530612245,0.112244898,,,,,,,,,,,,
,0.66530612,0.17872807,0.8285714286,0.1245780914,0.8530612245,0.112275047,,,,,,,,,,,,
,0.66530612,0.17882611,0.8285714286,0.124616329,0.8530612245,0.1123052123,,,,,,,,,,,,
,0.66530612,0.17892426,0.8285714286,0.1246545901,0.8530612245,0.1123353937,,,,,,,,,,,,
,0.66530612,0.17902252,0.8285714286,0.1246928747,0.8530612245,0.1123655914,,,,,,,,,,,,
,0.66530612,0.17912088,0.8285714286,0.1247311828,0.8530612245,0.1123958053,,,,,,,,,,,,
,0.66530612,0.17921935,0.8285714286,0.1247695144,0.8530612245,0.1124260355,,,,,,,,,,,,
,0.66530612,0.17931793,0.8285714286,0.1248462485,0.8530612245,0.1124562819,,,,,,,,,,,,
,0.66530612,0.17941662,0.8285714286,0.1248846509,0.8530612245,0.1124865447,,,,,,,,,,,,
,0.66326531,0.17896476,0.8285714286,0.1249230769,0.8530612245,0.1125168237,,,,,,,,,,,,
,0.66122449,0.1785124,0.8285714286,0.1249615266,0.8530612245,0.112547119,,,,,,,,,,,,
,0.65918367,0.17815775,0.8285714286,0.125,0.8530612245,0.1125774306,,,,,,,,,,,,
,0.65918367,0.17825607,0.8285714286,0.1250384971,0.8530612245,0.1126077586,,,,,,,,,,,,
,0.65714286,0.17780232,0.8285714286,0.1250770179,0.8530612245,0.1126381029,,,,,,,,,,,,
,0.65714286,0.17790055,0.8285714286,0.1251155624,0.8530612245,0.1126684636,,,,,,,,,,,,
,0.65714286,0.17799889,0.8285714286,0.1251541307,0.8510204082,0.1124292262,,,,,,,,,,,,
,0.65714286,0.17809735,0.8285714286,0.1251927228,0.8510204082,0.1124595469,,,,,,,,,,,,
,0.65714286,0.1781959,0.8285714286,0.1252699784,0.8510204082,0.112489884,,,,,,,,,,,,
,0.65714286,0.17829457,0.8285714286,0.125308642,0.8510204082,0.1125202375,,,,,,,,,,,,
,0.65714286,0.17839335,0.8285714286,0.1253473294,0.8510204082,0.1125506073,,,,,,,,,,,,
,0.65714286,0.17849224,0.8285714286,0.1253860408,0.8510204082,0.1125809935,,,,,,,,,,,,
,0.65714286,0.17859124,0.8285714286,0.125424776,0.8510204082,0.1126113962,,,,,,,,,,,,
,0.65714286,0.17869034,0.8285714286,0.1254635352,0.8510204082,0.1126418152,,,,,,,,,,,,
,0.65714286,0.17888889,0.8265306122,0.1251931994,0.8489795918,0.1124020535,,,,,,,,,,,,
,0.65714286,0.17898833,0.8265306122,0.1252319109,0.8489795918,0.1124324324,,,,,,,,,,,,
,0.65714286,0.17908788,0.8265306122,0.1252706465,0.8489795918,0.1124628278,,,,,,,,,,,,
,0.65510204,0.17863105,0.8265306122,0.1253094059,0.8489795918,0.1124932396,,,,,,,,,,,,
,0.65510204,0.17873051,0.8265306122,0.1253481894,0.8489795918,0.1125236678,,,,,,,,,,,,
,0.65510204,0.17883008,0.8265306122,0.1253869969,0.8489795918,0.1125541126,,,,,,,,,,,,
,0.65510204,0.17892977,0.8265306122,0.1254258284,0.8489795918,0.1125845737,,,,,,,,,,,,
,0.65510204,0.17902956,0.8265306122,0.125464684,0.8489795918,0.1126150514,,,,,,,,,,,,
,0.65510204,0.17912946,0.8265306122,0.1255035637,0.8489795918,0.1126455456,,,,,,,,,,,,
,0.65510204,0.17922948,0.8265306122,0.1255424675,0.8489795918,0.1126760563,,,,,,,,,,,,
,0.65510204,0.17932961,0.8244897959,0.1252713178,0.8489795918,0.1127065836,,,,,,,,,,,,
,0.65510204,0.17942985,0.8244897959,0.1253101737,0.8489795918,0.1127371274,,,,,,,,,,,,
,0.65510204,0.1795302,0.8244897959,0.1253490537,0.8489795918,0.1127676877,,,,,,,,,,,,
,0.65510204,0.17963067,0.8244897959,0.1253879578,0.8489795918,0.1127982646,,,,,,,,,,,,
,0.65510204,0.17973124,0.8244897959,0.1254658385,0.8489795918,0.1128288582,,,,,,,,,,,,
,0.65510204,0.17983193,0.8244897959,0.1255048152,0.8489795918,0.1128594683,,,,,,,,,,,,
,0.65510204,0.18003365,0.8244897959,0.125543816,0.8489795918,0.112890095,,,,,,,,,,,,
,0.65306122,0.17957351,0.8244897959,0.1255828412,0.8489795918,0.1129207383,,,,,,,,,,,,
,0.65306122,0.17987634,0.8244897959,0.1256609642,0.8489795918,0.1129513983,,,,,,,,,,,,
,0.65102041,0.17941507,0.8244897959,0.1257000622,0.8489795918,0.112982075,,,,,,,,,,,,
,0.64897959,0.17895329,0.8244897959,0.1257391846,0.8489795918,0.1130127683,,,,,,,,,,,,
,0.64897959,0.17905405,0.8244897959,0.1257783313,0.8489795918,0.1130434783,,,,,,,,,,,,
,0.64897959,0.17915493,0.8244897959,0.1258175023,0.8489795918,0.1130742049,,,,,,,,,,,,
,0.64897959,0.17925592,0.8244897959,0.1258566978,0.8469387755,0.1128330614,,,,,,,,,,,,
,0.64897959,0.17935702,0.8244897959,0.1258959177,0.8469387755,0.1128637476,,,,,,,,,,,,
,0.64897959,0.17945824,0.8244897959,0.1259351621,0.8469387755,0.1128944505,,,,,,,,,,,,
,0.64897959,0.17955957,0.8244897959,0.1259744309,0.8469387755,0.1129251701,,,,,,,,,,,,
,0.64897959,0.17966102,0.8244897959,0.1260137243,0.8469387755,0.1129559064,,,,,,,,,,,,
,0.64897959,0.17976258,0.8244897959,0.1260530421,0.8469387755,0.1129866594,,,,,,,,,,,,
,0.64897959,0.18006795,0.8244897959,0.1260923845,0.8469387755,0.1130174292,,,,,,,,,,,,
,0.64897959,0.18016997,0.8244897959,0.1261317515,0.8469387755,0.1130482157,,,,,,,,,,,,
,0.64897959,0.18027211,0.8244897959,0.126171143,0.8469387755,0.1130790191,,,,,,,,,,,,
,0.64693878,0.17980715,0.8224489796,0.1259375,0.8469387755,0.1131098392,,,,,,,,,,,,
,0.64693878,0.17990919,0.8224489796,0.1259768678,0.8469387755,0.1131406761,,,,,,,,,,,,
,0.64693878,0.18001136,0.8224489796,0.1260162602,0.8469387755,0.1131715299,,,,,,,,,,,,
,0.64693878,0.18011364,0.8224489796,0.1260556772,0.8469387755,0.1132024004,,,,,,,,,,,,
,0.64693878,0.18021603,0.8224489796,0.1260951189,0.8469387755,0.1132332879,,,,,,,,,,,,
,0.64693878,0.18031854,0.8224489796,0.1261345853,0.8469387755,0.1132641921,,,,,,,,,,,,
,0.64693878,0.18042117,0.8224489796,0.1261740764,0.8469387755,0.1132951133,,,,,,,,,,,,
,0.64693878,0.18052392,0.8224489796,0.1262135922,0.8469387755,0.1133260513,,,,,,,,,,,,
,0.64693878,0.18062678,0.8224489796,0.1262926982,0.8469387755,0.1133570063,,,,,,,,,,,,
,0.64693878,0.18072976,0.8224489796,0.1263322884,0.8469387755,0.1133879781,,,,,,,,,,,,
,0.64693878,0.18083286,0.8224489796,0.1263719034,0.8469387755,0.1134189669,,,,,,,,,,,,
,0.64489796,0.1803653,0.8224489796,0.1264115433,0.8469387755,0.1134499727,,,,,,,,,,,,
,0.64489796,0.1804683,0.8224489796,0.126451208,0.8469387755,0.1134809954,,,,,,,,,,,,
,0.64489796,0.18057143,0.8224489796,0.1264908977,0.8469387755,0.113512035,,,,,,,,,,,,
,0.64285714,0.18010292,0.8224489796,0.1265306122,0.8469387755,0.1135430917,,,,,,,,,,,,
,0.64285714,0.18020595,0.8224489796,0.1265703518,0.8448979592,0.1133004926,,,,,,,,,,,,
,0.64285714,0.1803091,0.8224489796,0.1266101162,0.8448979592,0.1133315083,,,,,,,,,,,,
,0.64285714,0.18051576,0.8224489796,0.1266499057,0.8448979592,0.1133625411,,,,,,,,,,,,
,0.64081633,0.18004587,0.8224489796,0.1266897202,0.8448979592,0.1133935908,,,,,,,,,,,,
,0.64081633,0.18014917,0.8224489796,0.1267295597,0.8448979592,0.1134246575,,,,,,,,,,,,
,0.64081633,0.18025258,0.8224489796,0.1267694243,0.8448979592,0.1134557413,,,,,,,,,,,,
,0.64081633,0.18035612,0.8224489796,0.126809314,0.8448979592,0.1134868421,,,,,,,,,,,,
,0.64081633,0.18045977,0.8224489796,0.1268492288,0.8448979592,0.11351796,,,,,,,,,,,,
,0.64081633,0.18056354,0.8224489796,0.1268891688,0.8448979592,0.1135490949,,,,,,,,,,,,
,0.64081633,0.18066743,0.8224489796,0.1269291339,0.8448979592,0.1135802469,,,,,,,,,,,,
,0.64081633,0.18077145,0.8204081633,0.1266540643,0.8448979592,0.113611416,,,,,,,,,,,,
,0.64081633,0.18097983,0.8204081633,0.1266939805,0.8448979592,0.1136426023,,,,,,,,,,,,
,0.64081633,0.1810842,0.8204081633,0.1267339218,0.8448979592,0.1136738056,,,,,,,,,,,,
,0.64081633,0.18118869,0.8204081633,0.1268138801,0.8428571429,0.1134303763,,,,,,,,,,,,
,0.64081633,0.1812933,0.8204081633,0.1268538971,0.8428571429,0.1134615385,,,,,,,,,,,,
,0.64081633,0.18139804,0.8204081633,0.1268939394,0.8428571429,0.1134927178,,,,,,,,,,,,
,0.64081633,0.18150289,0.8204081633,0.1269340069,0.8428571429,0.1135239142,,,,,,,,,,,,
,0.64081633,0.18171296,0.8204081633,0.1269740998,0.8428571429,0.1135551279,,,,,,,,,,,,
,0.64081633,0.18181818,0.8204081633,0.127014218,0.8408163265,0.1133113311,,,,,,,,,,,,
,0.64081633,0.18192352,0.8204081633,0.1270543616,0.8408163265,0.1133425034,,,,,,,,,,,,
,0.64081633,0.18202899,0.8204081633,0.1270945305,0.8408163265,0.1133736929,,,,,,,,,,,,
,0.64081633,0.18213457,0.8204081633,0.1271347249,0.8408163265,0.1134048995,,,,,,,,,,,,
,0.64081633,0.18224028,0.8204081633,0.1271749446,0.8408163265,0.1134361233,,,,,,,,,,,,
,0.64081633,0.18234611,0.8204081633,0.1272151899,0.8408163265,0.1134673644,,,,,,,,,,,,
,0.64081633,0.18245206,0.8204081633,0.1272554606,0.8408163265,0.1134986226,,,,,,,,,,,,
,0.64081633,0.18287711,0.8204081633,0.1272957568,0.8387755102,0.11325434,,,,,,,,,,,,
,0.64081633,0.18309038,0.8204081633,0.1273360786,0.8387755102,0.1132855568,,,,,,,,,,,,
,0.64081633,0.1831972,0.8204081633,0.1273764259,0.8387755102,0.1133167907,,,,,,,,,,,,
,0.64081633,0.18330414,0.8204081633,0.1274167987,0.8387755102,0.1133480419,,,,,,,,,,,,
,0.64081633,0.18341121,0.8204081633,0.1274571972,0.8387755102,0.1133793103,,,,,,,,,,,,
,0.63877551,0.18293396,0.8204081633,0.1274976213,0.8387755102,0.113410596,,,,,,,,,,,,
,0.63877551,0.18304094,0.8204081633,0.1275380711,0.8387755102,0.113441899,,,,,,,,,,,,
,0.63877551,0.18314804,0.8204081633,0.1275785465,0.8387755102,0.1134732192,,,,,,,,,,,,
,0.63877551,0.18325527,0.8204081633,0.1276190476,0.8387755102,0.1135045568,,,,,,,,,,,,
,0.63877551,0.18336262,0.8204081633,0.1276595745,0.8387755102,0.1135359116,,,,,,,,,,,,
,0.63877551,0.18347011,0.8204081633,0.1277001271,0.8387755102,0.1135672838,,,,,,,,,,,,
,0.63673469,0.1829912,0.8204081633,0.1277407054,0.8387755102,0.1135986733,,,,,,,,,,,,
,0.63673469,0.18309859,0.8204081633,0.1277813096,0.8367346939,0.113353608,,,,,,,,,,,,
,0.63673469,0.18320611,0.8204081633,0.1278219396,0.8367346939,0.1133849558,,,,,,,,,,,,
,0.63673469,0.18331375,0.8204081633,0.1278625954,0.8367346939,0.1134163209,,,,,,,,,,,,
,0.63673469,0.18342152,0.8204081633,0.1279032771,0.8367346939,0.1134477034,,,,,,,,,,,,
,0.63673469,0.18352941,0.8204081633,0.1279847182,0.8367346939,0.1134791032,,,,,,,,,,,,
,0.63673469,0.18374558,0.8204081633,0.1280254777,0.8367346939,0.1135105205,,,,,,,,,,,,
,0.63673469,0.18385386,0.8204081633,0.1280662631,0.8367346939,0.1135419551,,,,,,,,,,,,
,0.63673469,0.18396226,0.8204081633,0.1281070746,0.8367346939,0.1135734072,,,,,,,,,,,,
,0.63673469,0.1840708,0.8204081633,0.128147912,0.8367346939,0.1136048767,,,,,,,,,,,,
,0.63673469,0.18417946,0.8204081633,0.1281887755,0.8346938776,0.1133592018,,,,,,,,,,,,
,0.63673469,0.18428825,0.8204081633,0.1282296651,0.8346938776,0.1133906293,,,,,,,,,,,,
,0.63673469,0.18439716,0.8204081633,0.1282705807,0.8346938776,0.1134220743,,,,,,,,,,,,
,0.63673469,0.18450621,0.8204081633,0.1283115225,0.8346938776,0.1134535368,,,,,,,,,,,,
,0.63673469,0.18461538,0.8204081633,0.1283524904,0.8346938776,0.1134850166,,,,,,,,,,,,
,0.63673469,0.18472469,0.8183673469,0.1280740977,0.8346938776,0.113516514,,,,,,,,,,,,
,0.63673469,0.18483412,0.8183673469,0.128115016,0.8346938776,0.1135480289,,,,,,,,,,,,
,0.63673469,0.18494369,0.8163265306,0.1278772379,0.8346938776,0.1135795612,,,,,,,,,,,,
,0.63673469,0.18505338,0.8163265306,0.1279181324,0.8346938776,0.1136111111,,,,,,,,,,,,
,0.63673469,0.1851632,0.8163265306,0.1279590531,0.8346938776,0.1136426785,,,,,,,,,,,,
,0.63673469,0.18527316,0.8163265306,0.128,0.8346938776,0.1136742635,,,,,,,,,,,,
,0.63673469,0.18538324,0.8163265306,0.1280409731,0.8346938776,0.113705866,,,,,,,,,,,,
,0.63673469,0.18549346,0.8163265306,0.1280819725,0.8346938776,0.1137374861,,,,,,,,,,,,
,0.63673469,0.18560381,0.8163265306,0.1281229981,0.8346938776,0.1137691238,,,,,,,,,,,,
,0.63673469,0.18571429,0.8163265306,0.12816405,0.8346938776,0.1138007791,,,,,,,,,,,,
,0.63469388,0.1852293,0.8163265306,0.1282051282,0.8346938776,0.113832452,,,,,,,,,,,,
,0.63469388,0.18533969,0.8163265306,0.1282462328,0.8346938776,0.1138641425,,,,,,,,,,,,
,0.63469388,0.18556086,0.8163265306,0.128328521,0.8346938776,0.1138958507,,,,,,,,,,,,
,0.63469388,0.18567164,0.8163265306,0.1283697047,0.8346938776,0.1139275766,,,,,,,,,,,,
,0.63469388,0.18578256,0.8163265306,0.1284109149,0.8346938776,0.1139593201,,,,,,,,,,,,
,0.63469388,0.1858936,0.8163265306,0.1284521516,0.8346938776,0.1139910814,,,,,,,,,,,,
,0.63469388,0.18600478,0.8142857143,0.1281721812,0.8346938776,0.1140228603,,,,,,,,,,,,
,0.63469388,0.1861161,0.8142857143,0.1282133676,0.8346938776,0.114054657,,,,,,,,,,,,
,0.63469388,0.18622754,0.8142857143,0.1282545805,0.8326530612,0.1138075314,,,,,,,,,,,,
,0.63469388,0.18633913,0.8142857143,0.1282958199,0.8326530612,0.1138392857,,,,,,,,,,,,
,0.63469388,0.18645084,0.8142857143,0.1283370859,0.8326530612,0.1138710578,,,,,,,,,,,,
,0.63469388,0.18656269,0.8142857143,0.1283783784,0.8326530612,0.1139028476,,,,,,,,,,,,
,0.63469388,0.18667467,0.8142857143,0.1284196975,0.8326530612,0.1139346551,,,,,,,,,,,,
,0.63469388,0.18678679,0.8142857143,0.1284610431,0.8326530612,0.1139664804,,,,,,,,,,,,
,0.63469388,0.18689904,0.8142857143,0.1285024155,0.8326530612,0.1139983236,,,,,,,,,,,,
,0.63469388,0.18701143,0.8142857143,0.1285438144,0.8326530612,0.1140301845,,,,,,,,,,,,
,0.63469388,0.1872366,0.8142857143,0.1285852401,0.8326530612,0.1140620632,,,,,,,,,,,,
,0.63469388,0.1873494,0.8142857143,0.1286266925,0.8326530612,0.1140939597,,,,,,,,,,,,
,0.63265306,0.18685955,0.8142857143,0.1286681716,0.8326530612,0.1141258741,,,,,,,,,,,,
,0.63265306,0.18697226,0.8142857143,0.1287096774,0.8326530612,0.1141578064,,,,,,,,,,,,
,0.63265306,0.18708509,0.8142857143,0.1287512101,0.8326530612,0.1141897565,,,,,,,,,,,,
,0.63061224,0.1865942,0.8142857143,0.1288343558,0.8326530612,0.1142217245,,,,,,,,,,,,
,0.63061224,0.18670695,0.8142857143,0.128875969,0.8326530612,0.1142537104,,,,,,,,,,,,
,0.63061224,0.18681983,0.8142857143,0.128917609,0.8326530612,0.1142857143,,,,,,,,,,,,
,0.63061224,0.18693285,0.8142857143,0.128959276,0.8326530612,0.1143177361,,,,,,,,,,,,
,0.63061224,0.187046,0.8142857143,0.1290009699,0.8326530612,0.1143497758,,,,,,,,,,,,
,0.63061224,0.1871593,0.8142857143,0.1290426908,0.8326530612,0.1143818335,,,,,,,,,,,,
,0.63061224,0.18727273,0.8142857143,0.1290844387,0.8326530612,0.1144139091,,,,,,,,,,,,
,0.63061224,0.18738629,0.8142857143,0.1291262136,0.8326530612,0.1144460028,,,,,,,,,,,,
,0.63061224,0.1875,0.812244898,0.1288442862,0.8326530612,0.1144781145,,,,,,,,,,,,
,0.63061224,0.18761384,0.812244898,0.1288860104,0.8326530612,0.1145102442,,,,,,,,,,,,
,0.63061224,0.18784195,0.812244898,0.1289695399,0.8326530612,0.1145423919,,,,,,,,,,,,
,0.62857143,0.18757613,0.812244898,0.1290113452,0.8326530612,0.1145745577,,,,,,,,,,,,
,0.62857143,0.18769043,0.812244898,0.1290531777,0.8326530612,0.1146067416,,,,,,,,,,,,
,0.62857143,0.18780488,0.812244898,0.1290950373,0.8326530612,0.1146389435,,,,,,,,,,,,
,0.62857143,0.18791946,0.812244898,0.1291369241,0.8326530612,0.1146711636,,,,,,,,,,,,
,0.62857143,0.18803419,0.812244898,0.129178838,0.8326530612,0.1147034017,,,,,,,,,,,,
,0.62653061,0.18753818,0.812244898,0.1292207792,0.8326530612,0.114735658,,,,,,,,,,,,
,0.62653061,0.18765281,0.812244898,0.1293047433,0.8326530612,0.1147679325,,,,,,,,,,,,
,0.62653061,0.18776758,0.8102040816,0.1290217745,0.8326530612,0.1148002251,,,,,,,,,,,,
,0.62653061,0.1878825,0.8102040816,0.1290637191,0.8326530612,0.1148325359,,,,,,,,,,,,
,0.62653061,0.18799755,0.8102040816,0.1291056911,0.8326530612,0.1148648649,,,,,,,,,,,,
,0.6244898,0.1875,0.8102040816,0.1291476903,0.8326530612,0.1148972121,,,,,,,,,,,,
,0.6244898,0.18761496,0.8102040816,0.1292317708,0.8326530612,0.1149295775,,,,,,,,,,,,
,0.6244898,0.18773006,0.8102040816,0.1292738522,0.8326530612,0.1149619611,,,,,,,,,,,,
,0.6244898,0.1878453,0.8102040816,0.1293159609,0.8326530612,0.114994363,,,,,,,,,,,,
,0.6244898,0.18796069,0.8102040816,0.1293580971,0.8326530612,0.1150267832,,,,,,,,,,,,
,0.6244898,0.18807621,0.8081632653,0.1290743155,0.8326530612,0.1150592217,,,,,,,,,,,,
,0.6244898,0.18819188,0.8081632653,0.1291164004,0.8326530612,0.1150916784,,,,,,,,,,,,
,0.6244898,0.18830769,0.8081632653,0.1291585127,0.8326530612,0.1151241535,,,,,,,,,,,,
,0.6244898,0.18842365,0.8081632653,0.1292006525,0.8326530612,0.1151566469,,,,,,,,,,,,
,0.6244898,0.18853974,0.8081632653,0.1292428198,0.8326530612,0.1151891587,,,,,,,,,,,,
,0.6244898,0.18865598,0.8081632653,0.1292850147,0.8326530612,0.1152216888,,,,,,,,,,,,
,0.6244898,0.18877236,0.8081632653,0.1293272371,0.8326530612,0.1152542373,,,,,,,,,,,,
,0.6244898,0.18888889,0.8081632653,0.1293694871,0.8326530612,0.1152868042,,,,,,,,,,,,
,0.6244898,0.18900556,0.8081632653,0.1294117647,0.8326530612,0.1153193895,,,,,,,,,,,,
,0.6244898,0.18912237,0.806122449,0.1291271657,0.8326530612,0.1153519932,,,,,,,,,,,,
,0.6244898,0.18935644,0.806122449,0.1291693918,0.8326530612,0.1153846154,,,,,,,,,,,,
,0.6244898,0.18947368,0.806122449,0.1292116454,0.8326530612,0.115417256,,,,,,,,,,,,
,0.6244898,0.18959108,0.806122449,0.1292539267,0.8326530612,0.1154499151,,,,,,,,,,,,
,0.6244898,0.18970862,0.806122449,0.1292962357,0.8326530612,0.1154825927,,,,,,,,,,,,
,0.6244898,0.1898263,0.8040816327,0.1290111329,0.8306122449,0.1152321631,,,,,,,,,,,,
,0.6244898,0.18994413,0.8040816327,0.1290533901,0.8306122449,0.1152647975,,,,,,,,,,,,
,0.6244898,0.19006211,0.8040816327,0.129095675,0.8306122449,0.1152974504,,,,,,,,,,,,
,0.6244898,0.19018024,0.8040816327,0.1291379875,0.8306122449,0.1153301218,,,,,,,,,,,,
,0.6244898,0.19029851,0.8040816327,0.1291803279,0.8306122449,0.1153628118,,,,,,,,,,,,
,0.62244898,0.18979465,0.8040816327,0.129222696,0.8306122449,0.1153955203,,,,,,,,,,,,
,0.62244898,0.18991283,0.8040816327,0.1292650919,0.8306122449,0.1154282473,,,,,,,,,,,,
,0.62244898,0.19003115,0.8040816327,0.1293075156,0.8306122449,0.1154609929,,,,,,,,,,,,
,0.62244898,0.19014963,0.8040816327,0.1293499672,0.8306122449,0.1154937571,,,,,,,,,,,,
,0.62244898,0.19026825,0.8040816327,0.1293924466,0.8306122449,0.1155265399,,,,,,,,,,,,
,0.62244898,0.19038702,0.8040816327,0.129434954,0.8306122449,0.1155593413,,,,,,,,,,,,
,0.62244898,0.19050593,0.8040816327,0.1294774893,0.8306122449,0.1155921613,,,,,,,,,,,,
,0.62244898,0.190625,0.8040816327,0.1295200526,0.8306122449,0.115625,,,,,,,,,,,,
,0.62244898,0.19074422,0.8040816327,0.1295626439,0.8306122449,0.1156578573,,,,,,,,,,,,
,0.62244898,0.19086358,0.8020408163,0.1292763158,0.8285714286,0.115406481,,,,,,,,,,,,
,0.62244898,0.19098309,0.8020408163,0.1293188549,0.8285714286,0.1154392949,,,,,,,,,,,,
,0.62244898,0.19110276,0.8020408163,0.129361422,0.8285714286,0.1154721274,,,,,,,,,,,,
,0.62244898,0.19122257,0.8020408163,0.1294040171,0.8285714286,0.1155049787,,,,,,,,,,,,
,0.62244898,0.19134253,0.8020408163,0.1294466403,0.8285714286,0.1155378486,,,,,,,,,,,,
,0.62244898,0.19158291,0.8020408163,0.1294892916,0.8285714286,0.1155707373,,,,,,,,,,,,
,0.62244898,0.19170333,0.8020408163,0.129531971,0.8285714286,0.1156036446,,,,,,,,,,,,
,0.62244898,0.1918239,0.8020408163,0.1295746785,0.8285714286,0.1156365708,,,,,,,,,,,,
,0.62244898,0.19194462,0.8020408163,0.1296601782,0.8285714286,0.1156695157,,,,,,,,,,,,
,0.62244898,0.19206549,0.8020408163,0.1297457907,0.8285714286,0.1157024793,,,,,,,,,,,,
,0.62244898,0.19242902,0.8020408163,0.1297886394,0.8285714286,0.1157354618,,,,,,,,,,,,
,0.62244898,0.19255051,0.8020408163,0.1298315164,0.8285714286,0.1157684631,,,,,,,,,,,,
,0.62244898,0.19267214,0.8020408163,0.1299173554,0.8285714286,0.1158014832,,,,,,,,,,,,
,0.62040816,0.19216182,0.8020408163,0.1299603175,0.8285714286,0.1158345221,,,,,,,,,,,,
,0.62040816,0.19228336,0.8020408163,0.130003308,0.8285714286,0.1158675799,,,,,,,,,,,,
,0.62040816,0.19240506,0.8020408163,0.1300463269,0.8285714286,0.1159006566,,,,,,,,,,,,
,0.62040816,0.19252692,0.8020408163,0.1300893744,0.8285714286,0.1159337521,,,,,,,,,,,,
,0.62040816,0.19264892,0.8020408163,0.1301755548,0.8285714286,0.1159668666,,,,,,,,,,,,
,0.62040816,0.19277108,0.8020408163,0.1302186879,0.8285714286,0.116,,,,,,,,,,,,
,0.62040816,0.1928934,0.8020408163,0.1302618495,0.8285714286,0.1160331523,,,,,,,,,,,,
,0.62040816,0.19301587,0.8020408163,0.1303050398,0.8285714286,0.1160663236,,,,,,,,,,,,
,0.62040816,0.1931385,0.8020408163,0.1303482587,0.8285714286,0.1160995139,,,,,,,,,,,,
,0.61836735,0.19262556,0.8020408163,0.1303915063,0.8265306122,0.1158466819,,,,,,,,,,,,
,0.61836735,0.19274809,0.8020408163,0.1304347826,0.8265306122,0.1158798283,,,,,,,,,,,,
,0.61836735,0.19287078,0.8020408163,0.1304780876,0.8265306122,0.1159129937,,,,,,,,,,,,
,0.61836735,0.19299363,0.8020408163,0.1305214215,0.8265306122,0.1159461781,,,,,,,,,,,,
,0.61632653,0.19247929,0.8,0.1302325581,0.8265306122,0.1159793814,,,,,,,,,,,,
,0.61632653,0.19260204,0.8,0.1302758391,0.8265306122,0.1160126038,,,,,,,,,,,,
,0.61632653,0.19272495,0.8,0.1303191489,0.8265306122,0.1160458453,,,,,,,,,,,,
,0.61632653,0.19284802,0.8,0.1303624875,0.8265306122,0.1160791058,,,,,,,,,,,,
,0.61632653,0.19297125,0.8,0.130405855,0.8244897959,0.1158256881,,,,,,,,,,,,
,0.61428571,0.19257837,0.8,0.1304492512,0.8244897959,0.1158589045,,,,,,,,,,,,
,0.61428571,0.19270166,0.8,0.1304926764,0.8244897959,0.11589214,,,,,,,,,,,,
,0.61428571,0.19282511,0.8,0.1305361305,0.8244897959,0.1159253945,,,,,,,,,,,,
,0.61428571,0.19294872,0.8,0.1305796136,0.8244897959,0.1159586682,,,,,,,,,,,,
,0.61428571,0.19307248,0.8,0.1306231256,0.8244897959,0.115991961,,,,,,,,,,,,
,0.61428571,0.19319641,0.8,0.1306666667,0.8244897959,0.1160252728,,,,,,,,,,,,
,0.61428571,0.19344473,0.8,0.1307102367,0.8244897959,0.1160586038,,,,,,,,,,,,
,0.61428571,0.19356913,0.8,0.1307974641,0.8224489796,0.1158045977,,,,,,,,,,,,
,0.61428571,0.19369369,0.8,0.130884808,0.8224489796,0.1158378844,,,,,,,,,,,,
,0.61428571,0.19381842,0.8,0.1309285237,0.8204081633,0.1155836688,,,,,,,,,,,,
,0.61428571,0.1939433,0.8,0.1309722686,0.8204081633,0.1156169111,,,,,,,,,,,,
,0.61428571,0.19406834,0.8,0.1310160428,0.8204081633,0.1156501726,,,,,,,,,,,,
,0.61428571,0.19419355,0.8,0.1310598462,0.8204081633,0.1156834532,,,,,,,,,,,,
,0.61428571,0.19431892,0.8,0.1311036789,0.8183673469,0.1154289004,,,,,,,,,,,,
,0.61428571,0.19444444,0.8,0.131147541,0.8183673469,0.1154621365,,,,,,,,,,,,
,0.61428571,0.19457014,0.8,0.1312353532,0.8183673469,0.1154953917,,,,,,,,,,,,
,0.61428571,0.19469599,0.8,0.1312793034,0.8183673469,0.1155286661,,,,,,,,,,,,
,0.61428571,0.19494819,0.8,0.1313232831,0.8183673469,0.1155619597,,,,,,,,,,,,
,0.6122449,0.19442644,0.8,0.1313672922,0.8183673469,0.1155952724,,,,,,,,,,,,
,0.6122449,0.19455253,0.8,0.1314113309,0.8183673469,0.1156286044,,,,,,,,,,,,
,0.61020408,0.19402985,0.7979591837,0.1311200537,0.8183673469,0.1156619556,,,,,,,,,,,,
,0.60816327,0.19350649,0.7979591837,0.1311640389,0.8183673469,0.115695326,,,,,,,,,,,,
,0.60816327,0.19363223,0.7979591837,0.1312080537,0.8183673469,0.1157287157,,,,,,,,,,,,
,0.60816327,0.19375813,0.7979591837,0.131252098,0.8183673469,0.1157621247,,,,,,,,,,,,
,0.60816327,0.19401042,0.7979591837,0.1312961719,0.8183673469,0.115795553,,,,,,,,,,,,
,0.60816327,0.19413681,0.7979591837,0.1313402754,0.8163265306,0.1155401502,,,,,,,,,,,,
,0.60816327,0.19426336,0.7979591837,0.1313844086,0.8142857143,0.1152845998,,,,,,,,,,,,
,0.60612245,0.19373777,0.7979591837,0.1314285714,0.8142857143,0.1153179191,,,,,,,,,,,,
,0.60612245,0.19386423,0.7979591837,0.1315169862,0.8142857143,0.1153512576,,,,,,,,,,,,
,0.60612245,0.19399086,0.7979591837,0.1315612382,0.8142857143,0.1153846154,,,,,,,,,,,,
,0.60612245,0.19411765,0.7979591837,0.1316498316,0.8142857143,0.1154179925,,,,,,,,,,,,
,0.60612245,0.1942446,0.7979591837,0.1316941731,0.8142857143,0.1154513889,,,,,,,,,,,,
,0.60612245,0.19437173,0.7979591837,0.1317385445,0.8142857143,0.1154848046,,,,,,,,,,,,
,0.60612245,0.19449902,0.7979591837,0.1317829457,0.8142857143,0.1155182397,,,,,,,,,,,,
,0.60612245,0.19462647,0.7979591837,0.1318273769,0.8142857143,0.1155516942,,,,,,,,,,,,
,0.60612245,0.1947541,0.7979591837,0.1318718381,0.8142857143,0.115585168,,,,,,,,,,,,
,0.60612245,0.19488189,0.7979591837,0.1319163293,0.8142857143,0.1156186613,,,,,,,,,,,,
,0.60612245,0.19500985,0.7979591837,0.1320054018,0.8142857143,0.1156521739,,,,,,,,,,,,
,0.60612245,0.19513798,0.7979591837,0.1320499831,0.812244898,0.1153957669,,,,,,,,,,,,
,0.60408163,0.19460881,0.7979591837,0.1320945946,0.812244898,0.1154292343,,,,,,,,,,,,
,0.60408163,0.19473684,0.7979591837,0.1321392362,0.812244898,0.1154627212,,,,,,,,,,,,
,0.60408163,0.19486504,0.7979591837,0.132183908,0.812244898,0.1154962275,,,,,,,,,,,,
,0.60408163,0.19499341,0.7979591837,0.1322286101,0.812244898,0.1155297533,,,,,,,,,,,,
,0.60408163,0.19512195,0.7979591837,0.1322733424,0.812244898,0.1155632985,,,,,,,,,,,,
,0.60408163,0.19525066,0.7979591837,0.1323628978,0.812244898,0.1155968632,,,,,,,,,,,,
,0.60408163,0.19537954,0.7979591837,0.132407721,0.8102040816,0.1153399187,,,,,,,,,,,,
,0.60408163,0.19550859,0.7979591837,0.1324525745,0.8102040816,0.115373438,,,,,,,,,,,,
,0.60408163,0.19563781,0.7979591837,0.1324974585,0.8081632653,0.1151162791,,,,,,,,,,,,
,0.60408163,0.1957672,0.7979591837,0.1325423729,0.806122449,0.1148589706,,,,,,,,,,,,
,0.60204082,0.19523494,0.7979591837,0.1325873177,0.806122449,0.1148923793,,,,,,,,,,,,
,0.60204082,0.19536424,0.7959183673,0.1322930801,0.806122449,0.1149258074,,,,,,,,,,,,
,0.60204082,0.1954937,0.7959183673,0.1323379708,0.806122449,0.1149592549,,,,,,,,,,,,
,0.60204082,0.19575315,0.793877551,0.1320434487,0.806122449,0.114992722,,,,,,,,,,,,
,0.60204082,0.19588313,0.793877551,0.1320882852,0.806122449,0.1150262085,,,,,,,,,,,,
,0.60204082,0.19601329,0.793877551,0.1321331522,0.806122449,0.1150597145,,,,,,,,,,,,
,0.60204082,0.19614362,0.793877551,0.1321780496,0.806122449,0.1150932401,,,,,,,,,,,,
,0.60204082,0.19627412,0.793877551,0.1322229776,0.806122449,0.1151267852,,,,,,,,,,,,
,0.60204082,0.19640479,0.793877551,0.1322679361,0.806122449,0.1151603499,,,,,,,,,,,,
,0.60204082,0.19653564,0.793877551,0.1323129252,0.806122449,0.1151939341,,,,,,,,,,,,
,0.60204082,0.19666667,0.793877551,0.1323579449,0.806122449,0.1152275379,,,,,,,,,,,,
,0.60204082,0.19679787,0.793877551,0.1324029952,0.806122449,0.1152611614,,,,,,,,,,,,
,0.6,0.19652406,0.7918367347,0.1321075928,0.806122449,0.1152948044,,,,,,,,,,,,
,0.6,0.19665552,0.7918367347,0.1321525886,0.806122449,0.1153284672,,,,,,,,,,,,
,0.6,0.19678715,0.7918367347,0.132197615,0.806122449,0.1153621495,,,,,,,,,,,,
,0.6,0.19691896,0.7918367347,0.13228776,0.806122449,0.1153958516,,,,,,,,,,,,
,0.6,0.19705094,0.7918367347,0.1323328786,0.806122449,0.1154295733,,,,,,,,,,,,
,0.59795918,0.19651241,0.7918367347,0.132378028,0.806122449,0.1154633148,,,,,,,,,,,,
,0.59795918,0.1966443,0.7918367347,0.1324232082,0.806122449,0.115497076,,,,,,,,,,,,
,0.59795918,0.19677636,0.7918367347,0.1324684193,0.806122449,0.115530857,,,,,,,,,,,,
,0.59795918,0.1969086,0.7918367347,0.1325136612,0.806122449,0.1155646577,,,,,,,,,,,,
,0.59795918,0.19704102,0.7918367347,0.1326042379,0.806122449,0.1155984782,,,,,,,,,,,,
,0.59591837,0.196633,0.7918367347,0.1326949384,0.806122449,0.1156323185,,,,,,,,,,,,
,0.59591837,0.1967655,0.7918367347,0.1327403353,0.806122449,0.1156661786,,,,,,,,,,,,
,0.59387755,0.19635628,0.7918367347,0.1327857632,0.806122449,0.1157000586,,,,,,,,,,,,
,0.59387755,0.19648886,0.7918367347,0.1328312222,0.806122449,0.1157339584,,,,,,,,,,,,
,0.59387755,0.19662162,0.7918367347,0.1328767123,0.806122449,0.1157678781,,,,,,,,,,,,
,0.59183673,0.19607843,0.7918367347,0.1329222336,0.806122449,0.1158018176,,,,,,,,,,,,
,0.59183673,0.1962111,0.7918367347,0.1329677862,0.806122449,0.1158357771,,,,,,,,,,,,
,0.59183673,0.19647696,0.7918367347,0.1330133699,0.806122449,0.1158697565,,,,,,,,,,,,
,0.58979592,0.1959322,0.7918367347,0.1330589849,0.806122449,0.1159037559,,,,,,,,,,,,
,0.5877551,0.19551935,0.7918367347,0.1331046312,0.806122449,0.1159377752,,,,,,,,,,,,
,0.5877551,0.19565217,0.7918367347,0.1331503089,0.806122449,0.1159718144,,,,,,,,,,,,
,0.5877551,0.19578518,0.7918367347,0.1331960179,0.806122449,0.1160058737,,,,,,,,,,,,
,0.5877551,0.19591837,0.7918367347,0.1332417582,0.806122449,0.116039953,,,,,,,,,,,,
,0.5877551,0.19605174,0.7918367347,0.1332875301,0.806122449,0.1160740523,,,,,,,,,,,,
,0.58571429,0.19550409,0.7918367347,0.1333333333,0.806122449,0.1161081717,,,,,,,,,,,,
,0.58571429,0.19563736,0.7918367347,0.1333791681,0.806122449,0.1161423111,,,,,,,,,,,,
,0.58571429,0.1957708,0.7918367347,0.1334250344,0.806122449,0.1161764706,,,,,,,,,,,,
,0.58571429,0.19590444,0.7918367347,0.1334709322,0.806122449,0.1162106502,,,,,,,,,,,,
,0.58571429,0.19603825,0.7918367347,0.1335168617,0.8040816327,0.1159505592,,,,,,,,,,,,
,0.58571429,0.19617225,0.7918367347,0.1335628227,0.8040816327,0.1159846924,,,,,,,,,,,,
,0.58571429,0.19630643,0.7918367347,0.1336088154,0.8040816327,0.1160188457,,,,,,,,,,,,
,0.58571429,0.19644079,0.7918367347,0.1336548398,0.8020408163,0.1157584683,,,,,,,,,,,,
,0.58571429,0.19657534,0.7897959184,0.133356306,0.8020408163,0.1157925751,,,,,,,,,,,,
,0.58367347,0.19602467,0.7897959184,0.1334022751,0.8020408163,0.115826702,,,,,,,,,,,,
,0.58367347,0.19629375,0.7897959184,0.1334482759,0.8020408163,0.1158608491,,,,,,,,,,,,
,0.58367347,0.19642857,0.7897959184,0.1334943084,0.8020408163,0.1158950162,,,,,,,,,,,,
,0.58367347,0.19656357,0.787755102,0.1331953071,0.8020408163,0.1159292035,,,,,,,,,,,,
,0.58367347,0.19669876,0.787755102,0.1332412841,0.8020408163,0.115963411,,,,,,,,,,,,
,0.58367347,0.19683414,0.787755102,0.1332872928,0.8020408163,0.1159976387,,,,,,,,,,,,
,0.58367347,0.1969697,0.787755102,0.1333333333,0.8020408163,0.1160318866,,,,,,,,,,,,
,0.58367347,0.19710544,0.787755102,0.1333794057,0.8020408163,0.1160661548,,,,,,,,,,,,
,0.58367347,0.19724138,0.787755102,0.1334255099,0.8020408163,0.1161004431,,,,,,,,,,,,
,0.58367347,0.1973775,0.787755102,0.1334716459,0.8020408163,0.1161347518,,,,,,,,,,,,
,0.58367347,0.19751381,0.787755102,0.1335640138,0.8020408163,0.1161690807,,,,,,,,,,,,
,0.58367347,0.19765031,0.787755102,0.1336102458,0.8,0.1159077469,,,,,,,,,,,,
,0.58367347,0.197787,0.787755102,0.1336565097,0.8,0.115942029,,,,,,,,,,,,
,0.58367347,0.19792388,0.787755102,0.1337028057,0.8,0.1159763314,,,,,,,,,,,,
,0.58367347,0.19806094,0.787755102,0.1337491337,0.8,0.116010654,,,,,,,,,,,,
,0.58367347,0.1981982,0.787755102,0.1337954939,0.8,0.116044997,,,,,,,,,,,,
,0.58367347,0.19833564,0.787755102,0.1338418863,0.8,0.1160793604,,,,,,,,,,,,
,0.58367347,0.19847328,0.787755102,0.1338883108,0.8,0.1161137441,,,,,,,,,,,,
,0.58367347,0.19861111,0.787755102,0.1339347675,0.8,0.1161481481,,,,,,,,,,,,
,0.58367347,0.19874913,0.787755102,0.1339812565,0.8,0.1161825726,,,,,,,,,,,,
,0.58367347,0.19888734,0.787755102,0.1340277778,0.8,0.1162170175,,,,,,,,,,,,
,0.58367347,0.19902575,0.787755102,0.1340743314,0.8,0.1162514828,,,,,,,,,,,,
,0.58367347,0.19916435,0.787755102,0.1341209173,0.8,0.1162859686,,,,,,,,,,,,
,0.58367347,0.19930314,0.787755102,0.1342141864,0.8,0.1163204748,,,,,,,,,,,,
,0.58163265,0.19874477,0.787755102,0.1342608696,0.8,0.1163550015,,,,,,,,,,,,
,0.58163265,0.19902235,0.787755102,0.1343075852,0.8,0.1163895487,,,,,,,,,,,,
,0.58163265,0.19916143,0.787755102,0.1343543334,0.8,0.1164241164,,,,,,,,,,,,
,0.57959184,0.1986014,0.787755102,0.1344011142,0.8,0.1164587047,,,,,,,,,,,,
,0.57959184,0.19874038,0.7857142857,0.1340996169,0.8,0.1164933135,,,,,,,,,,,,
,0.57959184,0.19887955,0.7836734694,0.1337979094,0.8,0.1165279429,,,,,,,,,,,,
,0.57959184,0.19901892,0.7836734694,0.1338445451,0.8,0.1165625929,,,,,,,,,,,,
,0.57959184,0.19915849,0.7836734694,0.1338912134,0.8,0.1165972635,,,,,,,,,,,,
,0.57959184,0.19929825,0.7836734694,0.1339379142,0.8,0.1166319548,,,,,,,,,,,,
,0.57755102,0.19873596,0.7836734694,0.1339846476,0.8,0.1166666667,,,,,,,,,,,,
,0.57755102,0.19887561,0.7836734694,0.1340314136,0.8,0.1167013992,,,,,,,,,,,,
,0.57755102,0.19901547,0.7836734694,0.1340782123,0.8,0.1167361525,,,,,,,,,,,,
,0.5755102,0.19845179,0.7836734694,0.1341250437,0.8,0.1167709264,,,,,,,,,,,,
,0.57346939,0.19788732,0.7836734694,0.1341719078,0.8,0.1168057211,,,,,,,,,,,,
,0.57346939,0.19802678,0.7816326531,0.1338692765,0.8,0.1168405365,,,,,,,,,,,,
,0.57346939,0.19816643,0.7816326531,0.1339160839,0.8,0.1168753727,,,,,,,,,,,,
,0.57346939,0.19830628,0.7816326531,0.1340097971,0.8,0.1169102296,,,,,,,,,,,,
,0.57346939,0.19844633,0.7816326531,0.1340567028,0.8,0.1169451074,,,,,,,,,,,,
,0.57346939,0.19858657,0.7816326531,0.134150613,0.8,0.116980006,,,,,,,,,,,,
,0.57346939,0.19872702,0.7816326531,0.1341976174,0.8,0.1170149254,,,,,,,,,,,,
,0.57346939,0.19886766,0.7816326531,0.1342446547,0.8,0.1170498656,,,,,,,,,,,,
,0.57346939,0.1990085,0.7816326531,0.1342917251,0.8,0.1170848268,,,,,,,,,,,,
,0.57346939,0.19914954,0.7816326531,0.1343859649,0.8,0.1171198088,,,,,,,,,,,,
,0.57346939,0.19929078,0.7816326531,0.1344331344,0.8,0.1171548117,,,,,,,,,,,,
,0.57346939,0.19943222,0.7816326531,0.1344803371,0.8,0.1171898356,,,,,,,,,,,,
,0.57346939,0.19957386,0.7816326531,0.1345275729,0.8,0.1172248804,,,,,,,,,,,,
,0.57346939,0.19971571,0.7816326531,0.1345748419,0.8,0.1172599462,,,,,,,,,,,,
,0.57346939,0.19985775,0.7816326531,0.1346221441,0.8,0.1172950329,,,,,,,,,,,,
,0.57142857,0.19928826,0.7816326531,0.1346694796,0.7979591837,0.1170308291,,,,,,,,,,,,
,0.57142857,0.1994302,0.7816326531,0.1347168484,0.7979591837,0.1170658683,,,,,,,,,,,,
,0.57142857,0.19957234,0.7816326531,0.1347642505,0.7979591837,0.1171009284,,,,,,,,,,,,
,0.57142857,0.19971469,0.7795918367,0.1345070423,0.7979591837,0.1171360096,,,,,,,,,,,,
,0.56938776,0.19914347,0.7795918367,0.1345544206,0.7979591837,0.1171711118,,,,,,,,,,,,
,0.56938776,0.19928571,0.7795918367,0.1346018323,0.7979591837,0.117206235,,,,,,,,,,,,
,0.56938776,0.19942816,0.7795918367,0.1346492774,0.7979591837,0.1172413793,,,,,,,,,,,,
,0.56734694,0.19885551,0.7795918367,0.134696756,0.7979591837,0.1172765447,,,,,,,,,,,,
,0.56530612,0.19828203,0.7795918367,0.1347442681,0.7979591837,0.1173117312,,,,,,,,,,,,
,0.56530612,0.19842407,0.7795918367,0.1347918137,0.7979591837,0.1173469388,,,,,,,,,,,,
,0.56530612,0.19856631,0.7795918367,0.1348393929,0.7979591837,0.1173821675,,,,,,,,,,,,
,0.56530612,0.19870875,0.7795918367,0.1348870056,0.7979591837,0.1174174174,,,,,,,,,,,,
,0.56530612,0.1988514,0.7775510204,0.13458142,0.7959183673,0.117152298,,,,,,,,,,,,
,0.56530612,0.19899425,0.7775510204,0.1346289753,0.7959183673,0.1171875,,,,,,,,,,,,
,0.56530612,0.19913731,0.7755102041,0.1343230824,0.7959183673,0.1172227232,,,,,,,,,,,,
,0.56530612,0.19928058,0.7755102041,0.1343705799,0.7959183673,0.1172579675,,,,,,,,,,,,
,0.56530612,0.19942405,0.7755102041,0.1344181111,0.7959183673,0.1172932331,,,,,,,,,,,,
,0.56530612,0.19956772,0.7755102041,0.1344656759,0.7959183673,0.1173285199,,,,,,,,,,,,
,0.56326531,0.19956616,0.7755102041,0.1345132743,0.7959183673,0.1173638279,,,,,,,,,,,,
,0.56326531,0.19971056,0.7755102041,0.1345609065,0.7959183673,0.1173991571,,,,,,,,,,,,
,0.56326531,0.19985518,0.7755102041,0.1346562721,0.7959183673,0.1174345077,,,,,,,,,,,,
,0.56122449,0.19927536,0.7755102041,0.1347040057,0.7959183673,0.1174698795,,,,,,,,,,,,
,0.56122449,0.19941987,0.7755102041,0.134751773,0.7959183673,0.1175052727,,,,,,,,,,,,
,0.56122449,0.19956459,0.7755102041,0.1347995743,0.7959183673,0.1175406872,,,,,,,,,,,,
,0.56122449,0.19970951,0.7755102041,0.1348474095,0.7959183673,0.117576123,,,,,,,,,,,,
,0.56122449,0.2,0.7755102041,0.1348952787,0.7959183673,0.1176115802,,,,,,,,,,,,
,0.56122449,0.20014556,0.7755102041,0.1349431818,0.7959183673,0.1176470588,,,,,,,,,,,,
,0.56122449,0.20029133,0.7755102041,0.134991119,0.7959183673,0.1176825588,,,,,,,,,,,,
,0.56122449,0.20043732,0.7755102041,0.1350390903,0.7959183673,0.1177180803,,,,,,,,,,,,
,0.56122449,0.20058352,0.7755102041,0.1350870956,0.7959183673,0.1177536232,,,,,,,,,,,,
,0.55918367,0.20014609,0.7734693878,0.1347795164,0.7959183673,0.1177891876,,,,,,,,,,,,
,0.55918367,0.2002924,0.7734693878,0.1348274635,0.7959183673,0.1178247734,,,,,,,,,,,,
,0.55918367,0.20058565,0.7734693878,0.1348754448,0.7959183673,0.1178603808,,,,,,,,,,,,
,0.55918367,0.2007326,0.7734693878,0.1349234603,0.7959183673,0.1178960097,,,,,,,,,,,,
,0.55918367,0.20102715,0.7734693878,0.13497151,0.7959183673,0.1179316601,,,,,,,,,,,,
,0.55918367,0.20117474,0.7734693878,0.1350195939,0.7959183673,0.1179673321,,,,,,,,,,,,
,0.55918367,0.20132256,0.7714285714,0.1347113329,0.7959183673,0.1180030257,,,,,,,,,,,,
,0.55918367,0.20147059,0.7714285714,0.1347593583,0.7959183673,0.1180387409,,,,,,,,,,,,
,0.55918367,0.20161884,0.7693877551,0.1344507846,0.793877551,0.1177717227,,,,,,,,,,,,
,0.55714286,0.20103093,0.7693877551,0.1344987513,0.793877551,0.1178073895,,,,,,,,,,,,
,0.55714286,0.20117907,0.7693877551,0.1345467523,0.793877551,0.1178430779,,,,,,,,,,,,
,0.55714286,0.20132743,0.7693877551,0.1345947876,0.793877551,0.1178787879,,,,,,,,,,,,
,0.55714286,0.20147601,0.7693877551,0.1346428571,0.793877551,0.1179145196,,,,,,,,,,,,
,0.55714286,0.20162482,0.7693877551,0.1346909611,0.793877551,0.1179502729,,,,,,,,,,,,
,0.55714286,0.20207254,0.7693877551,0.1347390994,0.793877551,0.1179860479,,,,,,,,,,,,
,0.55714286,0.20222222,0.7693877551,0.1348354793,0.793877551,0.1180218447,,,,,,,,,,,,
,0.55714286,0.20237213,0.7693877551,0.1348837209,0.793877551,0.1180576631,,,,,,,,,,,,
,0.55714286,0.20252226,0.7693877551,0.1349319971,0.793877551,0.1180935033,,,,,,,,,,,,
,0.55714286,0.20267261,0.7693877551,0.1349803079,0.793877551,0.1181293653,,,,,,,,,,,,
,0.55714286,0.20282318,0.7693877551,0.1350286533,0.793877551,0.1181652491,,,,,,,,,,,,
,0.55714286,0.20297398,0.7693877551,0.1350770333,0.793877551,0.1182011547,,,,,,,,,,,,
,0.55714286,0.203125,0.7693877551,0.1351738975,0.793877551,0.1182370821,,,,,,,,,,,,
,0.55714286,0.20327625,0.7693877551,0.1352223816,0.793877551,0.1182730313,,,,,,,,,,,,
,0.55510204,0.20268256,0.7673469388,0.1349120919,0.793877551,0.1183090024,,,,,,,,,,,,
,0.55306122,0.20208799,0.7673469388,0.1349605169,0.793877551,0.1183449954,,,,,,,,,,,,
,0.55306122,0.20223881,0.7673469388,0.1350089767,0.793877551,0.1183810103,,,,,,,,,,,,
,0.55306122,0.20254111,0.7673469388,0.1351060007,0.793877551,0.1184170472,,,,,,,,,,,,
,0.55306122,0.2026926,0.7673469388,0.1351545651,0.793877551,0.118453106,,,,,,,,,,,,
,0.55102041,0.20209581,0.7673469388,0.1352031643,0.793877551,0.1184891867,,,,,,,,,,,,
,0.55102041,0.2023988,0.7673469388,0.1352517986,0.793877551,0.1185252895,,,,,,,,,,,,
,0.54897959,0.20195195,0.7673469388,0.1353004678,0.793877551,0.1185614142,,,,,,,,,,,,
,0.54897959,0.20210368,0.7673469388,0.1353491721,0.793877551,0.118597561,,,,,,,,,,,,
,0.54897959,0.20225564,0.7673469388,0.1353979114,0.793877551,0.1186337298,,,,,,,,,,,,
,0.54897959,0.20240783,0.7673469388,0.1354466859,0.793877551,0.1186699207,,,,,,,,,,,,
,0.54897959,0.20271289,0.7653061224,0.1351351351,0.793877551,0.1187061337,,,,,,,,,,,,
,0.54897959,0.20286576,0.7653061224,0.13518385,0.793877551,0.1187423687,,,,,,,,,,,,
,0.54897959,0.20301887,0.7653061224,0.1352326001,0.793877551,0.118778626,,,,,,,,,,,,
,0.54897959,0.20317221,0.7653061224,0.1352813853,0.793877551,0.1188149053,,,,,,,,,,,,
,0.54897959,0.20332577,0.7653061224,0.1353302057,0.793877551,0.1188512068,,,,,,,,,,,,
,0.54897959,0.20347958,0.7653061224,0.1353790614,0.793877551,0.1188875306,,,,,,,,,,,,
,0.54897959,0.20363361,0.7653061224,0.1354279523,0.793877551,0.1189238765,,,,,,,,,,,,
,0.54693878,0.2030303,0.7653061224,0.1354768786,0.793877551,0.1189602446,,,,,,,,,,,,
,0.54693878,0.20318423,0.7653061224,0.1355258403,0.793877551,0.1189966351,,,,,,,,,,,,
,0.54693878,0.20333839,0.7653061224,0.1355748373,0.793877551,0.1190330477,,,,,,,,,,,,
,0.54489796,0.20273349,0.7653061224,0.1356729378,0.793877551,0.1190694827,,,,,,,,,,,,
,0.54489796,0.20288754,0.7653061224,0.1357220413,0.793877551,0.11910594,,,,,,,,,,,,
,0.54285714,0.20228137,0.7653061224,0.1357711803,0.793877551,0.1191424196,,,,,,,,,,,,
,0.54285714,0.20243531,0.7653061224,0.1358203549,0.793877551,0.1191789216,,,,,,,,,,,,
,0.54285714,0.20258949,0.7653061224,0.1358695652,0.7918367347,0.1189089795,,,,,,,,,,,,
,0.54285714,0.2027439,0.7653061224,0.1359188112,0.7918367347,0.1189454323,,,,,,,,,,,,
,0.54285714,0.20289855,0.7653061224,0.1359680928,0.7918367347,0.1189819074,,,,,,,,,,,,
,0.54285714,0.20305344,0.7653061224,0.1360174102,0.7918367347,0.1190184049,,,,,,,,,,,,
,0.54285714,0.20320856,0.7653061224,0.1360667634,0.7918367347,0.1190549248,,,,,,,,,,,,
,0.54285714,0.20336391,0.7653061224,0.1361161525,0.7918367347,0.1190914672,,,,,,,,,,,,
,0.54285714,0.20351951,0.7653061224,0.1361655773,0.7918367347,0.1191280319,,,,,,,,,,,,
,0.54285714,0.20367534,0.7653061224,0.1362150381,0.7918367347,0.1191646192,,,,,,,,,,,,
,0.54285714,0.20383142,0.7653061224,0.1362645349,0.7918367347,0.1192012289,,,,,,,,,,,,
,0.54081633,0.20322086,0.7653061224,0.1363140676,0.7918367347,0.1192378611,,,,,,,,,,,,
,0.54081633,0.20337682,0.7632653061,0.136,0.7897959184,0.1189671073,,,,,,,,,,,,
,0.53877551,0.20292083,0.7632653061,0.1360494725,0.7897959184,0.11900369,,,,,,,,,,,,
,0.53877551,0.20307692,0.7632653061,0.1360989811,0.7897959184,0.1190402953,,,,,,,,,,,,
,0.53877551,0.20323326,0.7632653061,0.1361485257,0.787755102,0.1187692308,,,,,,,,,,,,
,0.53877551,0.20338983,0.7632653061,0.1361981063,0.787755102,0.1188057864,,,,,,,,,,,,
,0.53877551,0.20354665,0.7632653061,0.1362477231,0.787755102,0.1188423645,,,,,,,,,,,,
,0.53877551,0.2037037,0.7612244898,0.1359329446,0.787755102,0.1188789652,,,,,,,,,,,,
,0.53877551,0.203861,0.7612244898,0.1360320934,0.787755102,0.1189155884,,,,,,,,,,,,
,0.53877551,0.20401855,0.7612244898,0.136081722,0.787755102,0.1189522342,,,,,,,,,,,,
,0.53673469,0.20340294,0.7612244898,0.1361313869,0.787755102,0.1189889026,,,,,,,,,,,,
,0.53673469,0.20356037,0.7612244898,0.136181088,0.787755102,0.1190255936,,,,,,,,,,,,
,0.53673469,0.20371805,0.7612244898,0.1362308254,0.787755102,0.1190623072,,,,,,,,,,,,
,0.53673469,0.20387597,0.7612244898,0.1362805992,0.787755102,0.1190990435,,,,,,,,,,,,
,0.53673469,0.20403413,0.7612244898,0.1363304094,0.787755102,0.1191358025,,,,,,,,,,,,
,0.53469388,0.20341615,0.7612244898,0.1363802559,0.787755102,0.1191725841,,,,,,,,,,,,
,0.53265306,0.2027972,0.7612244898,0.1364800585,0.787755102,0.1192093885,,,,,,,,,,,,
,0.53265306,0.2029549,0.7612244898,0.1365300146,0.787755102,0.1192462156,,,,,,,,,,,,
,0.53265306,0.20311284,0.7612244898,0.1365800073,0.787755102,0.1192830655,,,,,,,,,,,,
,0.53265306,0.20327103,0.7612244898,0.1366300366,0.787755102,0.1193199382,,,,,,,,,,,,
,0.53265306,0.20342946,0.7612244898,0.1367302053,0.787755102,0.1193568336,,,,,,,,,,,,
,0.53265306,0.20358814,0.7612244898,0.1367803447,0.787755102,0.1193937519,,,,,,,,,,,,
,0.53265306,0.20374707,0.7612244898,0.1368305209,0.787755102,0.1194306931,,,,,,,,,,,,
,0.53265306,0.20390625,0.7612244898,0.1368807339,0.787755102,0.1194676571,,,,,,,,,,,,
,0.53061224,0.20328382,0.7612244898,0.1369309838,0.787755102,0.119504644,,,,,,,,,,,,
,0.52857143,0.20281911,0.7612244898,0.1369812707,0.787755102,0.1195416538,,,,,,,,,,,,
,0.52857143,0.20297806,0.7612244898,0.1370315944,0.787755102,0.1195786865,,,,,,,,,,,,
,0.52857143,0.20313725,0.7612244898,0.1370819552,0.787755102,0.1196157422,,,,,,,,,,,,
,0.52857143,0.2032967,0.7612244898,0.1371323529,0.787755102,0.1196528208,,,,,,,,,,,,
,0.52653061,0.20267086,0.7612244898,0.1371827878,0.787755102,0.1196899225,,,,,,,,,,,,
,0.52653061,0.20283019,0.7612244898,0.1372332597,0.787755102,0.1197270471,,,,,,,,,,,,
,0.52653061,0.20314961,0.7591836735,0.1369157159,0.787755102,0.1197641948,,,,,,,,,,,,
,0.52653061,0.20330969,0.7591836735,0.1370165746,0.787755102,0.1198013656,,,,,,,,,,,,
,0.52653061,0.20347003,0.7591836735,0.1370670597,0.787755102,0.1198385595,,,,,,,,,,,,
,0.5244898,0.20284136,0.7591836735,0.137117582,0.787755102,0.1198757764,,,,,,,,,,,,
,0.5244898,0.20300158,0.7591836735,0.1371681416,0.787755102,0.1199130165,,,,,,,,,,,,
,0.5244898,0.20316206,0.7591836735,0.1372187385,0.787755102,0.1199502797,,,,,,,,,,,,
,0.5244898,0.20332278,0.7591836735,0.1372693727,0.787755102,0.1199875661,,,,,,,,,,,,
,0.5244898,0.20348377,0.7591836735,0.1373200443,0.787755102,0.1200248756,,,,,,,,,,,,
,0.5244898,0.20364501,0.7591836735,0.1373707533,0.787755102,0.1200622084,,,,,,,,,,,,
,0.5244898,0.2038065,0.7591836735,0.1374214998,0.787755102,0.1200995644,,,,,,,,,,,,
,0.5244898,0.20396825,0.7571428571,0.1371027347,0.787755102,0.1201369437,,,,,,,,,,,,
,0.5244898,0.20413026,0.7571428571,0.1371534196,0.787755102,0.1201743462,,,,,,,,,,,,
,0.5244898,0.20429253,0.7571428571,0.137204142,0.787755102,0.120211772,,,,,,,,,,,,
,0.5244898,0.20445505,0.7571428571,0.137254902,0.787755102,0.1202492212,,,,,,,,,,,,
,0.5244898,0.20461783,0.7551020408,0.1369863014,0.787755102,0.1202866937,,,,,,,,,,,,
,0.5244898,0.20478088,0.7551020408,0.137037037,0.787755102,0.1203241895,,,,,,,,,,,,
,0.52244898,0.20414673,0.7551020408,0.1370878103,0.787755102,0.1203617088,,,,,,,,,,,,
,0.52244898,0.20430966,0.7530612245,0.1367679763,0.787755102,0.1203992514,,,,,,,,,,,,
,0.52244898,0.20447284,0.7530612245,0.1368186874,0.787755102,0.1204368175,,,,,,,,,,,,
,0.52040816,0.20383693,0.7530612245,0.1368694362,0.787755102,0.120474407,,,,,,,,,,,,
,0.51836735,0.2032,0.7530612245,0.1369202226,0.787755102,0.12051202,,,,,,,,,,,,
,0.51632653,0.20256205,0.7530612245,0.1369710468,0.787755102,0.1205496565,,,,,,,,,,,,
,0.51632653,0.20272436,0.7530612245,0.1370219087,0.787755102,0.1205873165,,,,,,,,,,,,
,0.51428571,0.202085,0.7510204082,0.1367013373,0.787755102,0.120625,,,,,,,,,,,,
,0.51428571,0.20224719,0.7510204082,0.1367521368,0.787755102,0.1206627071,,,,,,,,,,,,
,0.51428571,0.20240964,0.7510204082,0.136802974,0.787755102,0.1207004378,,,,,,,,,,,,
,0.51428571,0.20257235,0.7510204082,0.136853849,0.787755102,0.1207381921,,,,,,,,,,,,
,0.51428571,0.20273532,0.7510204082,0.1369047619,0.787755102,0.12077597,,,,,,,,,,,,
,0.51428571,0.20289855,0.7510204082,0.1369557127,0.787755102,0.1208137715,,,,,,,,,,,,
,0.5122449,0.20225624,0.7510204082,0.1370067014,0.7857142857,0.1205385097,,,,,,,,,,,,
,0.51020408,0.2016129,0.7510204082,0.1370577281,0.7857142857,0.1205762606,,,,,,,,,,,,
,0.51020408,0.20177563,0.7510204082,0.1371087928,0.7857142857,0.1206140351,,,,,,,,,,,,
,0.51020408,0.20193861,0.7510204082,0.1372110365,0.7857142857,0.1206518333,,,,,,,,,,,,
,0.51020408,0.20210186,0.7510204082,0.1372622156,0.7857142857,0.1206896552,,,,,,,,,,,,
,0.51020408,0.20226537,0.7510204082,0.1373134328,0.7857142857,0.1207275008,,,,,,,,,,,,
,0.50816327,0.20161943,0.7510204082,0.1373646883,0.7857142857,0.1207653701,,,,,,,,,,,,
,0.50612245,0.20097245,0.7510204082,0.1374159821,0.7857142857,0.1208032633,,,,,,,,,,,,
,0.50408163,0.20048701,0.7510204082,0.1374673142,0.7857142857,0.1208411802,,,,,,,,,,,,
,0.50408163,0.20064988,0.7510204082,0.1375186846,0.7857142857,0.1208791209,,,,,,,,,,,,
,0.50408163,0.20081301,0.7489795918,0.1372475692,0.7857142857,0.1209170854,,,,,,,,,,,,
,0.50408163,0.2009764,0.7489795918,0.1372989151,0.7857142857,0.1209550738,,,,,,,,,,,,
,0.50408163,0.20114007,0.7469387755,0.1370273306,0.7836734694,0.1206788184,,,,,,,,,,,,
,0.50408163,0.20130399,0.7469387755,0.1370786517,0.7836734694,0.1207167557,,,,,,,,,,,,
,0.50204082,0.20065253,0.7469387755,0.1371300112,0.7836734694,0.120754717,,,,,,,,,,,,
,0.50204082,0.20081633,0.7469387755,0.1371814093,0.7836734694,0.1207927021,,,,,,,,,,,,
,0.50204082,0.20098039,0.7469387755,0.1372328459,0.7836734694,0.1208307111,,,,,,,,,,,,
,0.50204082,0.20114473,0.7469387755,0.1372843211,0.7836734694,0.1208687441,,,,,,,,,,,,
,0.50204082,0.20130933,0.7469387755,0.1373358349,0.7836734694,0.120906801,,,,,,,,,,,,
,0.50204082,0.2014742,0.7469387755,0.1373873874,0.7836734694,0.1209448819,,,,,,,,,,,,
,0.50204082,0.20163934,0.7469387755,0.1374389786,0.7836734694,0.1209829868,,,,,,,,,,,,
,0.50204082,0.20180476,0.7469387755,0.1374906086,0.7836734694,0.1210211157,,,,,,,,,,,,
,0.5,0.20114943,0.7469387755,0.1375422773,0.7836734694,0.1210592686,,,,,,,,,,,,
,0.5,0.20131471,0.7469387755,0.137593985,0.7836734694,0.1210974456,,,,,,,,,,,,
,0.5,0.20148026,0.7469387755,0.1376457315,0.7836734694,0.1211356467,,,,,,,,,,,,
,0.5,0.20164609,0.7469387755,0.1376975169,0.7836734694,0.1211738719,,,,,,,,,,,,
,0.5,0.20197857,0.7469387755,0.1377493414,0.7836734694,0.1212121212,,,,,,,,,,,,
,0.5,0.20214521,0.7469387755,0.1378012048,0.7836734694,0.1212503947,,,,,,,,,,,,
,0.5,0.20231214,0.7469387755,0.1378531073,0.7836734694,0.1212886924,,,,,,,,,,,,
,0.5,0.20247934,0.7469387755,0.137905049,0.7836734694,0.1213270142,,,,,,,,,,,,
,0.5,0.20264682,0.7469387755,0.138061109,0.7836734694,0.1213653603,,,,,,,,,,,,
,0.5,0.20281457,0.7469387755,0.1381132075,0.7836734694,0.1214037306,,,,,,,,,,,,
,0.49795918,0.2021541,0.7469387755,0.1381653454,0.7816326531,0.1211258697,,,,,,,,,,,,
,0.49795918,0.20232172,0.7469387755,0.1382175227,0.7816326531,0.1211641885,,,,,,,,,,,,
,0.49795918,0.20248963,0.7469387755,0.1382697393,0.7816326531,0.1212025316,,,,,,,,,,,,
,0.49795918,0.20265781,0.7469387755,0.1383742911,0.7816326531,0.121240899,,,,,,,,,,,,
,0.49795918,0.20282627,0.7448979592,0.1381006432,0.7816326531,0.1212792907,,,,,,,,,,,,
,0.49795918,0.20299501,0.7448979592,0.1381529145,0.7816326531,0.1213177067,,,,,,,,,,,,
,0.49795918,0.20316403,0.7448979592,0.1382052253,0.7816326531,0.121356147,,,,,,,,,,,,
,0.49795918,0.20350292,0.7448979592,0.1382575758,0.7816326531,0.1213946117,,,,,,,,,,,,
,0.49795918,0.20367279,0.7448979592,0.1383099659,0.7816326531,0.1214331008,,,,,,,,,,,,
,0.49591837,0.20300752,0.7448979592,0.1383623958,0.7816326531,0.1214716143,,,,,,,,,,,,
,0.49387755,0.20268007,0.7428571429,0.1380356466,0.7816326531,0.1215101523,,,,,,,,,,,,
,0.49387755,0.20284996,0.7428571429,0.1380880121,0.7816326531,0.1215487147,,,,,,,,,,,,
,0.49387755,0.20302013,0.7428571429,0.1381404175,0.7816326531,0.1215873016,,,,,,,,,,,,
,0.49387755,0.20387532,0.7428571429,0.1381928626,0.7816326531,0.121625913,,,,,,,,,,,,
,0.49183673,0.20320405,0.7428571429,0.1382453475,0.7816326531,0.1216645489,,,,,,,,,,,,
,0.49183673,0.20337553,0.7428571429,0.1382978723,0.7816326531,0.1217032094,,,,,,,,,,,,
,0.48979592,0.2027027,0.7428571429,0.1383504371,0.7816326531,0.1217418945,,,,,,,,,,,,
,0.48979592,0.20287405,0.7428571429,0.1384030418,0.7816326531,0.1217806041,,,,,,,,,,,,
,0.4877551,0.20219966,0.7428571429,0.1384556866,0.7816326531,0.1218193384,,,,,,,,,,,,
,0.4877551,0.20237087,0.7408163265,0.1381278539,0.7816326531,0.1218580974,,,,,,,,,,,,
,0.4877551,0.20254237,0.7408163265,0.138180434,0.7816326531,0.121896881,,,,,,,,,,,,
,0.4877551,0.20271416,0.7408163265,0.1382330541,0.7816326531,0.1219356893,,,,,,,,,,,,
,0.4877551,0.20288625,0.7408163265,0.1382857143,0.7816326531,0.1219745223,,,,,,,,,,,,
,0.4877551,0.20305862,0.7408163265,0.1383384146,0.7816326531,0.1220133801,,,,,,,,,,,,
,0.4877551,0.20323129,0.7408163265,0.1383911552,0.7816326531,0.1220522626,,,,,,,,,,,,
,0.4877551,0.20340426,0.7408163265,0.1384439359,0.7816326531,0.1220911699,,,,,,,,,,,,
,0.48571429,0.20272572,0.7408163265,0.138496757,0.7816326531,0.122130102,,,,,,,,,,,,
,0.48571429,0.20289855,0.7408163265,0.1385496183,0.7816326531,0.122169059,,,,,,,,,,,,
,0.48571429,0.20324509,0.7408163265,0.13860252,0.7816326531,0.1222080408,,,,,,,,,,,,
,0.48571429,0.2034188,0.7408163265,0.1386554622,0.7816326531,0.1222470476,,,,,,,,,,,,
,0.48571429,0.20359281,0.7408163265,0.1387084448,0.7816326531,0.1222860792,,,,,,,,,,,,
,0.48571429,0.20376712,0.7408163265,0.1387614679,0.7816326531,0.1223251357,,,,,,,,,,,,
,0.48367347,0.20308483,0.7408163265,0.1388145315,0.7795918367,0.1220447284,,,,,,,,,,,,
,0.48367347,0.20325901,0.7408163265,0.1388676358,0.7795918367,0.1220837328,,,,,,,,,,,,
,0.48367347,0.20343348,0.7408163265,0.1389207807,0.7795918367,0.1221227621,,,,,,,,,,,,
,0.48367347,0.20360825,0.7408163265,0.1389739663,0.7795918367,0.1221618164,,,,,,,,,,,,
,0.48367347,0.20378332,0.7408163265,0.1390271926,0.7795918367,0.1222008957,,,,,,,,,,,,
,0.48367347,0.20395869,0.7408163265,0.1390804598,0.7795918367,0.12224,,,,,,,,,,,,
,0.48367347,0.20413437,0.7408163265,0.1391337677,0.7795918367,0.1222791293,,,,,,,,,,,,
,0.48367347,0.20431034,0.7408163265,0.1391871166,0.7795918367,0.1223182837,,,,,,,,,,,,
,0.48367347,0.20448663,0.7408163265,0.1392405063,0.7795918367,0.1223574632,,,,,,,,,,,,
,0.48367347,0.20466321,0.7408163265,0.1392939371,0.7775510204,0.1220762576,,,,,,,,,,,,
,0.48367347,0.2048401,0.7387755102,0.1389635317,0.7775510204,0.1221153846,,,,,,,,,,,,
,0.48367347,0.2050173,0.7387755102,0.1390168971,0.7775510204,0.1221545367,,,,,,,,,,,,
,0.48367347,0.20519481,0.7387755102,0.1390703035,0.7775510204,0.1221937139,,,,,,,,,,,,
,0.48367347,0.20537262,0.7387755102,0.139123751,0.7775510204,0.1222329163,,,,,,,,,,,,
,0.48163265,0.20468343,0.7387755102,0.1391772395,0.7755102041,0.1219512195,,,,,,,,,,,,
,0.47959184,0.20399306,0.7387755102,0.1392307692,0.7755102041,0.1219903692,,,,,,,,,,,,
,0.47959184,0.20417029,0.7387755102,0.1392843401,0.7755102041,0.122029544,,,,,,,,,,,,
,0.47959184,0.20434783,0.7387755102,0.1393379523,0.7755102041,0.122068744,,,,,,,,,,,,
,0.47959184,0.20452567,0.7387755102,0.1393916057,0.7755102041,0.1221079692,,,,,,,,,,,,
,0.47959184,0.20470383,0.7387755102,0.1394453005,0.7755102041,0.1221472195,,,,,,,,,,,,
,0.47959184,0.2048823,0.7387755102,0.1394990366,0.7755102041,0.1221864952,,,,,,,,,,,,
,0.47959184,0.20506108,0.7387755102,0.1395528142,0.7755102041,0.1222257961,,,,,,,,,,,,
,0.47959184,0.20524017,0.7387755102,0.1396066332,0.7755102041,0.1222651223,,,,,,,,,,,,
,0.47959184,0.2055993,0.7387755102,0.1396604938,0.7755102041,0.1223044738,,,,,,,,,,,,
,0.47959184,0.20577933,0.7387755102,0.139714396,0.7755102041,0.1223438506,,,,,,,,,,,,
,0.47959184,0.20595968,0.7387755102,0.1397683398,0.7755102041,0.1223832528,,,,,,,,,,,,
,0.47959184,0.20614035,0.7387755102,0.1398223252,0.7734693878,0.1221005155,,,,,,,,,,,,
,0.47959184,0.20632133,0.7387755102,0.1398763524,0.7734693878,0.1221398646,,,,,,,,,,,,
,0.47959184,0.20650264,0.7387755102,0.1399304213,0.7734693878,0.1221792392,,,,,,,,,,,,
,0.47959184,0.20668426,0.7367346939,0.1395978345,0.7734693878,0.1222186391,,,,,,,,,,,,
,0.47959184,0.2068662,0.7367346939,0.1396518375,0.7734693878,0.1222580645,,,,,,,,,,,,
,0.47959184,0.20704846,0.7367346939,0.1397058824,0.7734693878,0.1222975153,,,,,,,,,,,,
,0.47959184,0.20723104,0.7367346939,0.139759969,0.7734693878,0.1223369916,,,,,,,,,,,,
,0.4755102,0.20583039,0.7367346939,0.1398140976,0.7734693878,0.1223764934,,,,,,,,,,,,
,0.4755102,0.20601238,0.7367346939,0.1398682681,0.7734693878,0.1224160207,,,,,,,,,,,,
,0.4755102,0.20619469,0.7367346939,0.1399224806,0.7734693878,0.1224555735,,,,,,,,,,,,
,0.4755102,0.20656028,0.7367346939,0.1399767352,0.7734693878,0.1224951519,,,,,,,,,,,,
,0.4755102,0.20674357,0.7367346939,0.1400310318,0.7734693878,0.1225347559,,,,,,,,,,,,
,0.4755102,0.20692718,0.7367346939,0.1400853706,0.7734693878,0.1225743855,,,,,,,,,,,,
,0.4755102,0.20711111,0.7367346939,0.1401397516,0.7734693878,0.1226140408,,,,,,,,,,,,
,0.4755102,0.20729537,0.7367346939,0.1401941748,0.7734693878,0.1226537217,,,,,,,,,,,,
,0.47346939,0.20658949,0.7367346939,0.1403031481,0.7734693878,0.1226934283,,,,,,,,,,,,
,0.47346939,0.20677362,0.7367346939,0.1403576983,0.7734693878,0.1227331606,,,,,,,,,,,,
,0.47346939,0.20695807,0.7367346939,0.1404122909,0.7734693878,0.1227729187,,,,,,,,,,,,
,0.47346939,0.20732797,0.7367346939,0.1404669261,0.7734693878,0.1228127025,,,,,,,,,,,,
,0.47142857,0.20661896,0.7367346939,0.1405216037,0.7734693878,0.1228525122,,,,,,,,,,,,
,0.47142857,0.20680394,0.7367346939,0.140576324,0.7734693878,0.1228923476,,,,,,,,,,,,
,0.47142857,0.20698925,0.7367346939,0.1406858924,0.7734693878,0.1229322089,,,,,,,,,,,,
,0.47142857,0.20736086,0.7367346939,0.1407407407,0.7734693878,0.122972096,,,,,,,,,,,,
,0.47142857,0.20754717,0.7367346939,0.1407956318,0.7734693878,0.1230120091,,,,,,,,,,,,
,0.47142857,0.20773381,0.7367346939,0.1408505657,0.7734693878,0.1230519481,,,,,,,,,,,,
,0.46734694,0.20630631,0.7367346939,0.1409055425,0.7734693878,0.123091913,,,,,,,,,,,,
,0.46530612,0.20559062,0.7367346939,0.1409605623,0.7734693878,0.1231319038,,,,,,,,,,,,
,0.46326531,0.20487365,0.7367346939,0.141015625,0.7734693878,0.1231719207,,,,,,,,,,,,
,0.46326531,0.20505872,0.7367346939,0.1410707308,0.7734693878,0.1232119636,,,,,,,,,,,,
,0.46326531,0.20542986,0.7367346939,0.1411258796,0.7714285714,0.1229268293,,,,,,,,,,,,
,0.46326531,0.20561594,0.7367346939,0.1411810716,0.7693877551,0.1226415094,,,,,,,,,,,,
,0.46326531,0.20580236,0.7367346939,0.1412363067,0.7693877551,0.1226814188,,,,,,,,,,,,
,0.46122449,0.20508167,0.7367346939,0.1412915851,0.7693877551,0.1227213542,,,,,,,,,,,,
,0.46122449,0.20526794,0.7346938776,0.1409553641,0.7693877551,0.1227613155,,,,,,,,,,,,
,0.46122449,0.20545455,0.7326530612,0.1406188797,0.7693877551,0.1228013029,,,,,,,,,,,,
,0.46122449,0.20564149,0.7326530612,0.1406739812,0.7693877551,0.1228413164,,,,,,,,,,,,
,0.46122449,0.20582878,0.7326530612,0.1407291258,0.7693877551,0.1228813559,,,,,,,,,,,,
,0.45918367,0.20510483,0.7326530612,0.1408395449,0.7693877551,0.1229214216,,,,,,,,,,,,
,0.45918367,0.20529197,0.7326530612,0.1408948195,0.7693877551,0.1229615134,,,,,,,,,,,,
,0.45918367,0.20547945,0.7326530612,0.1409501374,0.7693877551,0.1230016313,,,,,,,,,,,,
,0.45918367,0.20566728,0.7326530612,0.1410054988,0.7693877551,0.1230417755,,,,,,,,,,,,
,0.45918367,0.20585544,0.7326530612,0.1410609037,0.7693877551,0.1230819458,,,,,,,,,,,,
,0.45714286,0.20512821,0.7326530612,0.1411163522,0.7673469388,0.1227955585,,,,,,,,,,,,
,0.45714286,0.20531622,0.7326530612,0.1411718443,0.7673469388,0.1228356746,,,,,,,,,,,,
,0.45714286,0.20550459,0.7326530612,0.14122738,0.7653061224,0.1225490196,,,,,,,,,,,,
,0.45714286,0.2056933,0.7326530612,0.1412829595,0.7653061224,0.1225890814,,,,,,,,,,,,
,0.45714286,0.20588235,0.7326530612,0.1413385827,0.7653061224,0.1226291694,,,,,,,,,,,,
,0.45714286,0.20607176,0.7326530612,0.1413942497,0.7653061224,0.1226692836,,,,,,,,,,,,
,0.45510204,0.20552995,0.7326530612,0.1414499606,0.7653061224,0.1227094241,,,,,,,,,,,,
,0.45510204,0.20571956,0.7326530612,0.1415057154,0.7653061224,0.1227495908,,,,,,,,,,,,
,0.45510204,0.20590951,0.7326530612,0.1415615142,0.7653061224,0.1227897839,,,,,,,,,,,,
,0.45510204,0.20609982,0.7326530612,0.141617357,0.7653061224,0.1228300033,,,,,,,,,,,,
,0.45510204,0.20629047,0.7326530612,0.1416732439,0.7653061224,0.122870249,,,,,,,,,,,,
,0.45510204,0.20648148,0.7326530612,0.1417291749,0.7653061224,0.1229105211,,,,,,,,,,,,
,0.45510204,0.20667285,0.7326530612,0.1417851501,0.7653061224,0.1229508197,,,,,,,,,,,,
,0.45510204,0.20686456,0.7326530612,0.1418411695,0.7653061224,0.1229911446,,,,,,,,,,,,
,0.45510204,0.20705664,0.7326530612,0.1418972332,0.7653061224,0.1230314961,,,,,,,,,,,,
,0.45510204,0.20724907,0.7306122449,0.141557928,0.7653061224,0.123071874,,,,,,,,,,,,
,0.45510204,0.20744186,0.7306122449,0.1416139241,0.7653061224,0.1231122784,,,,,,,,,,,,
,0.45510204,0.20763501,0.7306122449,0.1416699644,0.7653061224,0.1231527094,,,,,,,,,,,,
,0.45306122,0.20689655,0.7285714286,0.1413301663,0.7653061224,0.1231931669,,,,,,,,,,,,
,0.45102041,0.20615672,0.7285714286,0.1413861386,0.7653061224,0.123233651,,,,,,,,,,,,
,0.45102041,0.20634921,0.7285714286,0.1414421553,0.7653061224,0.1232741617,,,,,,,,,,,,
,0.44897959,0.20560748,0.7285714286,0.1414982164,0.7653061224,0.1233146991,,,,,,,,,,,,
,0.44897959,0.20579981,0.7285714286,0.141554322,0.7653061224,0.1233552632,,,,,,,,,,,,
,0.44897959,0.20618557,0.7285714286,0.141610472,0.7653061224,0.1233958539,,,,,,,,,,,,
,0.44897959,0.20637899,0.7285714286,0.1416666667,0.7653061224,0.1234364714,,,,,,,,,,,,
,0.44897959,0.20657277,0.7285714286,0.1417229059,0.7653061224,0.1234771156,,,,,,,,,,,,
,0.44897959,0.20676692,0.7285714286,0.1417791898,0.7653061224,0.1235177866,,,,,,,,,,,,
,0.44897959,0.20696143,0.7285714286,0.1418355185,0.7653061224,0.1235584843,,,,,,,,,,,,
,0.44897959,0.20715631,0.7285714286,0.1418918919,0.7653061224,0.123599209,,,,,,,,,,,,
,0.44897959,0.20735156,0.7285714286,0.1419483101,0.7653061224,0.1236399604,,,,,,,,,,,,
,0.44693878,0.20660377,0.7285714286,0.1420047733,0.7653061224,0.1236807388,,,,,,,,,,,,
,0.44693878,0.20679887,0.7285714286,0.1420612813,0.7653061224,0.123721544,,,,,,,,,,,,
,0.44693878,0.20699433,0.7285714286,0.1421178344,0.7653061224,0.1237623762,,,,,,,,,,,,
,0.44693878,0.20719016,0.7285714286,0.1421744325,0.7632653061,0.1234730934,,,,,,,,,,,,
,0.44693878,0.20738636,0.7285714286,0.1422310757,0.7632653061,0.1235138705,,,,,,,,,,,,
,0.44693878,0.20758294,0.7285714286,0.142287764,0.7632653061,0.1235546746,,,,,,,,,,,,
,0.44693878,0.20877026,0.7265306122,0.1419457735,0.7632653061,0.1235955056,,,,,,,,,,,,
,0.44693878,0.20916905,0.7265306122,0.1420023933,0.7612244898,0.1233057851,,,,,,,,,,,,
,0.44693878,0.20936902,0.7244897959,0.141660016,0.7591836735,0.123015873,,,,,,,,,,,,
,0.44693878,0.20956938,0.7244897959,0.1417165669,0.7591836735,0.1230565663,,,,,,,,,,,,
,0.44693878,0.20977011,0.7244897959,0.1417731629,0.7591836735,0.1230972866,,,,,,,,,,,,
,0.44693878,0.20997124,0.7244897959,0.1418298042,0.7591836735,0.1231380338,,,,,,,,,,,,
,0.44693878,0.21017274,0.7244897959,0.1418864908,0.7591836735,0.1231788079,,,,,,,,,,,,
,0.44693878,0.21037464,0.7244897959,0.1419432227,0.7591836735,0.1232196091,,,,,,,,,,,,
,0.44489796,0.20961538,0.7244897959,0.142,0.7591836735,0.1232604374,,,,,,,,,,,,
,0.44489796,0.20981713,0.7244897959,0.1420568227,0.7591836735,0.1233012927,,,,,,,,,,,,
,0.44489796,0.21001927,0.7244897959,0.142113691,0.7591836735,0.1233421751,,,,,,,,,,,,
,0.44285714,0.20925747,0.7244897959,0.1421706047,0.7591836735,0.1233830846,,,,,,,,,,,,
,0.44285714,0.20945946,0.7244897959,0.1422275641,0.7571428571,0.1230922362,,,,,,,,,,,,
,0.44285714,0.20966184,0.7244897959,0.1422845691,0.7571428571,0.1231330899,,,,,,,,,,,,
,0.44285714,0.2098646,0.7244897959,0.1423416199,0.7571428571,0.1231739708,,,,,,,,,,,,
,0.44285714,0.21006776,0.7244897959,0.1423987164,0.7571428571,0.1232148788,,,,,,,,,,,,
,0.44285714,0.21027132,0.7244897959,0.1424558587,0.7571428571,0.123255814,,,,,,,,,,,,
,0.44285714,0.21047527,0.7244897959,0.142513047,0.7551020408,0.12296444,,,,,,,,,,,,
,0.44285714,0.21067961,0.7244897959,0.1425702811,0.7551020408,0.1230053191,,,,,,,,,,,,
,0.44285714,0.21088435,0.7244897959,0.1426275613,0.7551020408,0.1230462255,,,,,,,,,,,,
,0.44285714,0.21108949,0.7244897959,0.1426848875,0.7551020408,0.123087159,,,,,,,,,,,,
,0.44285714,0.21129503,0.7244897959,0.1427422598,0.7551020408,0.1231281198,,,,,,,,,,,,
,0.44285714,0.21150097,0.7244897959,0.1427996782,0.7551020408,0.1231691079,,,,,,,,,,,,
,0.44081633,0.21073171,0.7244897959,0.1428571429,0.7551020408,0.1232101232,,,,,,,,,,,,
,0.44081633,0.2109375,0.7244897959,0.1429146538,0.7551020408,0.1232511659,,,,,,,,,,,,
,0.44081633,0.2111437,0.7244897959,0.142972211,0.7551020408,0.1232922359,,,,,,,,,,,,
,0.44081633,0.21135029,0.7244897959,0.1430298147,0.7551020408,0.1233333333,,,,,,,,,,,,
,0.44081633,0.2115573,0.7244897959,0.1430874647,0.7551020408,0.1233744582,,,,,,,,,,,,
,0.44081633,0.21176471,0.7244897959,0.1431451613,0.7551020408,0.1234156104,,,,,,,,,,,,
,0.44081633,0.21197252,0.7244897959,0.1432029044,0.7551020408,0.1234567901,,,,,,,,,,,,
,0.44081633,0.21238938,0.7244897959,0.1432606941,0.7551020408,0.1234979973,,,,,,,,,,,,
,0.44081633,0.21259843,0.7244897959,0.1433185305,0.7551020408,0.1235392321,,,,,,,,,,,,
,0.44081633,0.21280788,0.7244897959,0.1433764136,0.7551020408,0.1235804943,,,,,,,,,,,,
,0.44081633,0.21301775,0.7224489796,0.143030303,0.7551020408,0.1236217842,,,,,,,,,,,,
,0.44081633,0.21322804,0.7224489796,0.1430881164,0.7551020408,0.1236631016,,,,,,,,,,,,
,0.44081633,0.21343874,0.7224489796,0.1431459765,0.7530612245,0.1233701103,,,,,,,,,,,,
,0.44081633,0.21364985,0.7204081633,0.1427993528,0.7530612245,0.1234113712,,,,,,,,,,,,
,0.44081633,0.21386139,0.7204081633,0.1428571429,0.7530612245,0.1234526598,,,,,,,,,,,,
,0.44081633,0.21407334,0.7204081633,0.1429149798,0.7530612245,0.1234939759,,,,,,,,,,,,
,0.43877551,0.21350546,0.7204081633,0.1429728635,0.7530612245,0.1235353197,,,,,,,,,,,,
,0.43877551,0.21371769,0.7204081633,0.1430307942,0.7530612245,0.1235766912,,,,,,,,,,,,
,0.43877551,0.21393035,0.7204081633,0.1430887718,0.7530612245,0.1236180905,,,,,,,,,,,,
,0.43877551,0.21414343,0.7204081633,0.1431467964,0.7530612245,0.1236595174,,,,,,,,,,,,
,0.43877551,0.21435693,0.7204081633,0.1432048682,0.7530612245,0.1237009722,,,,,,,,,,,,
,0.43877551,0.21457086,0.7204081633,0.143262987,0.7530612245,0.1237424547,,,,,,,,,,,,
,0.43877551,0.21478521,0.7204081633,0.1433211531,0.7530612245,0.1237839651,,,,,,,,,,,,
,0.43877551,0.215,0.7204081633,0.1433793664,0.7530612245,0.1238255034,,,,,,,,,,,,
,0.43877551,0.21521522,0.7183673469,0.1430312881,0.7530612245,0.1238670695,,,,,,,,,,,,
,0.43877551,0.21543086,0.7183673469,0.1430894309,0.7510204082,0.1235728677,,,,,,,,,,,,
,0.43877551,0.21564694,0.7183673469,0.143147621,0.7510204082,0.1236143769,,,,,,,,,,,,
,0.43673469,0.21485944,0.7183673469,0.1432058584,0.7510204082,0.123655914,,,,,,,,,,,,
,0.43673469,0.21507538,0.7183673469,0.1432641433,0.7510204082,0.123697479,,,,,,,,,,,,
,0.43673469,0.21529175,0.7183673469,0.1433224756,0.7510204082,0.123739072,,,,,,,,,,,,
,0.43673469,0.21550856,0.7163265306,0.1429735234,0.7489795918,0.1234443323,,,,,,,,,,,,
,0.43673469,0.21572581,0.7163265306,0.1430317848,0.7489795918,0.1234858681,,,,,,,,,,,,
,0.43673469,0.21594349,0.7163265306,0.1430900938,0.7489795918,0.1235274318,,,,,,,,,,,,
,0.43673469,0.21616162,0.7163265306,0.1431484502,0.7489795918,0.1235690236,,,,,,,,,,,,
,0.43673469,0.21638018,0.7163265306,0.1432068543,0.7489795918,0.1236106433,,,,,,,,,,,,
,0.43673469,0.21659919,0.7163265306,0.1432653061,0.7489795918,0.1236522911,,,,,,,,,,,,
,0.43469388,0.21580547,0.7142857143,0.1429154757,0.7489795918,0.123693967,,,,,,,,,,,,
,0.43469388,0.21602434,0.7142857143,0.1429738562,0.7489795918,0.1237356709,,,,,,,,,,,,
,0.43469388,0.21624365,0.7142857143,0.1430322844,0.7489795918,0.123777403,,,,,,,,,,,,
,0.43469388,0.21646341,0.7142857143,0.1430907604,0.7489795918,0.1238191633,,,,,,,,,,,,
,0.43469388,0.21668362,0.712244898,0.1427402863,0.7489795918,0.1238609517,,,,,,,,,,,,
,0.43469388,0.21690428,0.712244898,0.1428571429,0.7489795918,0.1239027684,,,,,,,,,,,,
,0.43469388,0.21712538,0.712244898,0.1429156429,0.7469387755,0.1236068896,,,,,,,,,,,,
,0.43469388,0.21734694,0.712244898,0.1429741909,0.7469387755,0.1236486486,,,,,,,,,,,,
,0.43469388,0.21756895,0.712244898,0.1430327869,0.7469387755,0.123690436,,,,,,,,,,,,
,0.43469388,0.21779141,0.7102040816,0.1426814268,0.7469387755,0.1237322515,,,,,,,,,,,,
,0.43469388,0.21801433,0.7102040816,0.1427399508,0.7448979592,0.1234359148,,,,,,,,,,,,
,0.43469388,0.2182377,0.7102040816,0.1427985228,0.7448979592,0.1234776725,,,,,,,,,,,,
,0.43469388,0.21846154,0.7102040816,0.1428571429,0.7448979592,0.1235194585,,,,,,,,,,,,
,0.43469388,0.21868583,0.7102040816,0.1429158111,0.7448979592,0.1235612729,,,,,,,,,,,,
,0.43469388,0.21891059,0.7102040816,0.1429745275,0.7448979592,0.1236031155,,,,,,,,,,,,
,0.43469388,0.2191358,0.7102040816,0.1430921053,0.7448979592,0.1236449864,,,,,,,,,,,,
,0.43469388,0.21936148,0.7102040816,0.1431509667,0.7448979592,0.1236868858,,,,,,,,,,,,
,0.43469388,0.21958763,0.7102040816,0.1432098765,0.7448979592,0.1237288136,,,,,,,,,,,,
,0.43469388,0.21981424,0.7102040816,0.1432688349,0.7448979592,0.1237707698,,,,,,,,,,,,
,0.43469388,0.22004132,0.7102040816,0.1433278418,0.7448979592,0.1238127544,,,,,,,,,,,,
,0.43469388,0.22026887,0.7102040816,0.1433868974,0.7448979592,0.1238547676,,,,,,,,,,,,
,0.43265306,0.2194617,0.7102040816,0.1434460016,0.7448979592,0.1238968092,,,,,,,,,,,,
,0.43265306,0.21968912,0.7102040816,0.1435051546,0.7448979592,0.1239388795,,,,,,,,,,,,
,0.43265306,0.21991701,0.7102040816,0.1435643564,0.7448979592,0.1239809783,,,,,,,,,,,,
,0.43265306,0.22014538,0.7102040816,0.1436236071,0.7448979592,0.1240231057,,,,,,,,,,,,
,0.43265306,0.22037422,0.7102040816,0.1436829067,0.7448979592,0.1240652617,,,,,,,,,,,,
,0.43061224,0.21979167,0.7102040816,0.1437422553,0.7448979592,0.1241074464,,,,,,,,,,,,
,0.43061224,0.22002086,0.7102040816,0.1438016529,0.7428571429,0.1238095238,,,,,,,,,,,,
,0.43061224,0.22025052,0.7102040816,0.1438610996,0.7428571429,0.1238516502,,,,,,,,,,,,
,0.43061224,0.22048067,0.7081632653,0.1435070306,0.7428571429,0.1238938053,,,,,,,,,,,,
,0.43061224,0.2207113,0.7081632653,0.1435664046,0.7428571429,0.1239359891,,,,,,,,,,,,
,0.43061224,0.22094241,0.7081632653,0.1436258278,0.7428571429,0.1239782016,,,,,,,,,,,,
,0.43061224,0.221174,0.7081632653,0.1436853002,0.7428571429,0.1240204429,,,,,,,,,,,,
,0.43061224,0.22140609,0.706122449,0.1433305717,0.7428571429,0.124062713,,,,,,,,,,,,
,0.43061224,0.22210526,0.706122449,0.143389971,0.7428571429,0.1241050119,,,,,,,,,,,,
,0.43061224,0.2223393,0.706122449,0.1434494196,0.7428571429,0.1241473397,,,,,,,,,,,,
,0.43061224,0.22257384,0.706122449,0.1435089175,0.7428571429,0.1241896963,,,,,,,,,,,,
,0.43061224,0.22280887,0.706122449,0.1435684647,0.7428571429,0.1242320819,,,,,,,,,,,,
,0.42857143,0.22198732,0.706122449,0.1436280614,0.7428571429,0.1242744964,,,,,,,,,,,,
,0.42857143,0.22222222,0.706122449,0.1436877076,0.7428571429,0.1243169399,,,,,,,,,,,,
,0.42857143,0.22245763,0.706122449,0.1437474034,0.7428571429,0.1243594124,,,,,,,,,,,,
,0.42857143,0.22269353,0.706122449,0.1438071488,0.7428571429,0.1244019139,,,,,,,,,,,,
,0.42857143,0.22292994,0.706122449,0.1438669439,0.7428571429,0.1244444444,,,,,,,,,,,,
,0.42653061,0.22210414,0.706122449,0.1439267887,0.7408163265,0.1241450068,,,,,,,,,,,,
,0.42653061,0.22234043,0.706122449,0.1439866833,0.7408163265,0.1241874786,,,,,,,,,,,,
,0.42653061,0.22257721,0.706122449,0.1440466278,0.7408163265,0.1242299795,,,,,,,,,,,,
,0.4244898,0.2217484,0.7040816327,0.1436901291,0.7408163265,0.1242725094,,,,,,,,,,,,
,0.4244898,0.22198506,0.7040816327,0.14375,0.7408163265,0.1243150685,,,,,,,,,,,,
,0.42244898,0.22115385,0.7040816327,0.1438099208,0.7408163265,0.1243576567,,,,,,,,,,,,
,0.42040816,0.22032086,0.7040816327,0.1438698916,0.7387755102,0.1240575737,,,,,,,,,,,,
,0.41836735,0.21995708,0.7040816327,0.1439299124,0.7387755102,0.1241001028,,,,,,,,,,,,
,0.41632653,0.21911923,0.7040816327,0.1439899833,0.7387755102,0.1241426612,,,,,,,,,,,,
,0.41632653,0.21935484,0.7040816327,0.1440501044,0.7387755102,0.1241852487,,,,,,,,,,,,
,0.41632653,0.21982759,0.7040816327,0.1441102757,0.7387755102,0.1242278655,,,,,,,,,,,,
,0.41632653,0.22006472,0.7040816327,0.1441704973,0.7387755102,0.1242705115,,,,,,,,,,,,
,0.41632653,0.22030238,0.7040816327,0.1442307692,0.7387755102,0.1243131868,,,,,,,,,,,,
,0.41632653,0.22054054,0.7020408163,0.1438728565,0.7387755102,0.1243558914,,,,,,,,,,,,
,0.41632653,0.22077922,0.7020408163,0.1439330544,0.7387755102,0.1243986254,,,,,,,,,,,,
,0.41632653,0.22101842,0.7020408163,0.1439933026,0.7387755102,0.1244413888,,,,,,,,,,,,
,0.41632653,0.22125813,0.7020408163,0.1440536013,0.7387755102,0.1244841816,,,,,,,,,,,,
,0.41632653,0.22173913,0.7020408163,0.1441139506,0.7387755102,0.1245270038,,,,,,,,,,,,
,0.41632653,0.22198041,0.7020408163,0.1441743504,0.7387755102,0.1245698555,,,,,,,,,,,,
,0.41632653,0.22222222,0.7020408163,0.1442348008,0.7387755102,0.1246127367,,,,,,,,,,,,
,0.41632653,0.22246456,0.7020408163,0.144295302,0.7387755102,0.1246556474,,,,,,,,,,,,
,0.41632653,0.22270742,0.7020408163,0.144355854,0.7387755102,0.1246985877,,,,,,,,,,,,
,0.41632653,0.22295082,0.7020408163,0.1444164568,0.7367346939,0.1243969676,,,,,,,,,,,,
,0.41632653,0.22319475,0.7020408163,0.1444771105,0.7367346939,0.1244398483,,,,,,,,,,,,
,0.41632653,0.22343921,0.7,0.1441176471,0.7367346939,0.1244827586,,,,,,,,,,,,
,0.41632653,0.22368421,0.7,0.1441782261,0.7367346939,0.1245256985,,,,,,,,,,,,
,0.41632653,0.22392975,0.7,0.1442388562,0.7367346939,0.124568668,,,,,,,,,,,,
,0.41632653,0.22417582,0.7,0.1443602694,0.7367346939,0.1246116672,,,,,,,,,,,,
,0.41632653,0.22442244,0.7,0.1444210526,0.7367346939,0.1246546961,,,,,,,,,,,,
,0.41428571,0.22381477,0.7,0.1444818871,0.7367346939,0.1246977547,,,,,,,,,,,,
,0.41428571,0.22406181,0.7,0.1445427729,0.7367346939,0.1247408431,,,,,,,,,,,,
,0.4122449,0.22320442,0.7,0.1446037099,0.7367346939,0.1247839613,,,,,,,,,,,,
,0.4122449,0.22345133,0.7,0.1446646984,0.7367346939,0.1248271093,,,,,,,,,,,,
,0.41020408,0.22259136,0.7,0.1447257384,0.7367346939,0.1248702871,,,,,,,,,,,,
,0.40816327,0.22172949,0.6979591837,0.1443647108,0.7367346939,0.1249134948,,,,,,,,,,,,
,0.40612245,0.2208657,0.6959183673,0.1440033784,0.7367346939,0.1249567324,,,,,,,,,,,,
,0.40612245,0.22111111,0.6959183673,0.1440642163,0.7367346939,0.125,,,,,,,,,,,,
,0.40612245,0.22135706,0.6959183673,0.1441251057,0.7367346939,0.1250432975,,,,,,,,,,,,
,0.40612245,0.22160356,0.693877551,0.1437632135,0.7367346939,0.1250866251,,,,,,,,,,,,
,0.40612245,0.22185061,0.693877551,0.1438240271,0.7346938776,0.1247833622,,,,,,,,,,,,
,0.40408163,0.22098214,0.693877551,0.1438848921,0.7346938776,0.1248266297,,,,,,,,,,,,
,0.40204082,0.22011173,0.693877551,0.1439458086,0.7346938776,0.1248699272,,,,,,,,,,,,
,0.4,0.21923937,0.693877551,0.1440067768,0.7346938776,0.1249132547,,,,,,,,,,,,
,0.4,0.21948488,0.693877551,0.1440677966,0.7346938776,0.1249566123,,,,,,,,,,,,
,0.4,0.21973094,0.693877551,0.1441288682,0.7346938776,0.125,,,,,,,,,,,,
,0.4,0.21997755,0.693877551,0.1441899915,0.7326530612,0.124696075,,,,,,,,,,,,
,0.4,0.22022472,0.693877551,0.1442511667,0.7306122449,0.1243919388,,,,,,,,,,,,
,0.4,0.22047244,0.693877551,0.1443123939,0.7306122449,0.1244351755,,,,,,,,,,,,
,0.4,0.22072072,0.693877551,0.144373673,0.7306122449,0.1244784423,,,,,,,,,,,,
,0.39795918,0.22009029,0.693877551,0.1444350042,0.7306122449,0.1245217391,,,,,,,,,,,,
,0.39591837,0.21920904,0.693877551,0.1444963876,0.7306122449,0.1245650661,,,,,,,,,,,,
,0.39591837,0.21945701,0.693877551,0.1445578231,0.7285714286,0.124260355,,,,,,,,,,,,
,0.39591837,0.21970555,0.693877551,0.1446193109,0.7285714286,0.1243036212,,,,,,,,,,,,
,0.39591837,0.21995465,0.693877551,0.1446808511,0.7285714286,0.1243469175,,,,,,,,,,,,
,0.39591837,0.22020431,0.693877551,0.1447424436,0.7285714286,0.1243902439,,,,,,,,,,,,
,0.39591837,0.22045455,0.693877551,0.1448040886,0.7265306122,0.1240850471,,,,,,,,,,,,
,0.39591837,0.22070535,0.693877551,0.1448657861,0.7244897959,0.1237796374,,,,,,,,,,,,
,0.39387755,0.21981777,0.693877551,0.1449275362,0.7244897959,0.1238228113,,,,,,,,,,,,
,0.39387755,0.22107675,0.6918367347,0.1445628998,0.7244897959,0.1238660154,,,,,,,,,,,,
,0.39387755,0.22133028,0.6918367347,0.1446245734,0.7244897959,0.1239092496,,,,,,,,,,,,
,0.39387755,0.22158439,0.6897959184,0.1442594964,0.7244897959,0.123952514,,,,,,,,,,,,
,0.39183673,0.22068966,0.6897959184,0.1443210931,0.7244897959,0.1239958086,,,,,,,,,,,,
,0.38979592,0.21979287,0.6897959184,0.1443827424,0.7244897959,0.1240391335,,,,,,,,,,,,
,0.38979592,0.22004608,0.6897959184,0.1444444444,0.7244897959,0.1240824886,,,,,,,,,,,,
,0.38979592,0.22029988,0.6897959184,0.1445061992,0.7244897959,0.1241258741,,,,,,,,,,,,
,0.38979592,0.22055427,0.6897959184,0.1445680068,0.7244897959,0.12416929,,,,,,,,,,,,
,0.38979592,0.22080925,0.6897959184,0.1446298674,0.7244897959,0.1242127362,,,,,,,,,,,,
,0.38979592,0.22106481,0.6897959184,0.1446917808,0.7224489796,0.1239061953,,,,,,,,,,,,
,0.38979592,0.22132097,0.6897959184,0.1447537473,0.7224489796,0.1239495798,,,,,,,,,,,,
,0.3877551,0.22041763,0.6897959184,0.1448157669,0.7224489796,0.1239929947,,,,,,,,,,,,
,0.38571429,0.2195122,0.6897959184,0.1448778397,0.7224489796,0.1240364401,,,,,,,,,,,,
,0.38571429,0.21976744,0.6897959184,0.1449399657,0.7224489796,0.1240799159,,,,,,,,,,,,
,0.38367347,0.21885914,0.6897959184,0.145002145,0.7224489796,0.1241234222,,,,,,,,,,,,
,0.38367347,0.21911422,0.6897959184,0.1450643777,0.7224489796,0.124166959,,,,,,,,,,,,
,0.38367347,0.21936989,0.6897959184,0.1451266638,0.7224489796,0.1242105263,,,,,,,,,,,,
,0.38163265,0.21845794,0.6897959184,0.1451890034,0.7224489796,0.1242541243,,,,,,,,,,,,
,0.38163265,0.21871345,0.6897959184,0.1452513966,0.7224489796,0.1242977528,,,,,,,,,,,,
,0.38163265,0.21896956,0.6897959184,0.1453138435,0.7224489796,0.124341412,,,,,,,,,,,,
,0.38163265,0.21948357,0.6897959184,0.1453763441,0.7224489796,0.1243851019,,,,,,,,,,,,
,0.38163265,0.21974148,0.6897959184,0.1454388985,0.7224489796,0.1244288225,,,,,,,,,,,,
,0.38163265,0.22,0.6897959184,0.1455015067,0.7224489796,0.1244725738,,,,,,,,,,,,
,0.38163265,0.22025913,0.6897959184,0.1455641688,0.7224489796,0.124516356,,,,,,,,,,,,
,0.38163265,0.22051887,0.6897959184,0.145626885,0.7224489796,0.1245601689,,,,,,,,,,,,
,0.38163265,0.22077922,0.6897959184,0.1456896552,0.7224489796,0.1246040127,,,,,,,,,,,,
,0.38163265,0.22104019,0.6897959184,0.1457524795,0.7224489796,0.1246478873,,,,,,,,,,,,
,0.38163265,0.22156398,0.6897959184,0.1458153581,0.7224489796,0.1246917929,,,,,,,,,,,,
,0.38163265,0.22182681,0.6897959184,0.1458782909,0.7224489796,0.1247357294,,,,,,,,,,,,
,0.38163265,0.22209026,0.6897959184,0.1459412781,0.7224489796,0.1247796969,,,,,,,,,,,,
,0.38163265,0.22261905,0.6897959184,0.1460043197,0.7224489796,0.1248236953,,,,,,,,,,,,
,0.38163265,0.22288439,0.6897959184,0.1460674157,0.7224489796,0.1248677249,,,,,,,,,,,,
,0.38163265,0.22315036,0.6897959184,0.1461305664,0.7204081633,0.1245589273,,,,,,,,,,,,
,0.38163265,0.22341697,0.6897959184,0.1461937716,0.7204081633,0.1246028945,,,,,,,,,,,,
,0.38163265,0.2239521,0.687755102,0.1458243185,0.7204081633,0.1246468927,,,,,,,,,,,,
,0.38163265,0.22422062,0.687755102,0.1458874459,0.7204081633,0.1246909219,,,,,,,,,,,,
,0.38163265,0.2244898,0.687755102,0.145950628,0.7204081633,0.1247349823,,,,,,,,,,,,
,0.38163265,0.22475962,0.687755102,0.1460138648,0.7204081633,0.1247790739,,,,,,,,,,,,
,0.37959184,0.22382671,0.6857142857,0.1456436931,0.7204081633,0.1248231966,,,,,,,,,,,,
,0.37959184,0.22409639,0.6857142857,0.1457068517,0.7204081633,0.1248673505,,,,,,,,,,,,
,0.37959184,0.22436671,0.6857142857,0.1457700651,0.7204081633,0.1249115357,,,,,,,,,,,,
,0.37959184,0.22463768,0.6857142857,0.1458333333,0.7204081633,0.1249557522,,,,,,,,,,,,
,0.37959184,0.22490931,0.6857142857,0.1458966565,0.7204081633,0.125,,,,,,,,,,,,
,0.37755102,0.22397094,0.6857142857,0.1459600348,0.7204081633,0.1250442791,,,,,,,,,,,,
,0.37755102,0.22424242,0.6857142857,0.1460234681,0.7204081633,0.1250885897,,,,,,,,,,,,
,0.37755102,0.22451456,0.6857142857,0.1460869565,0.7204081633,0.1251329316,,,,,,,,,,,,
,0.37755102,0.22478736,0.6857142857,0.1461505002,0.7204081633,0.125177305,,,,,,,,,,,,
,0.37755102,0.22506083,0.6857142857,0.1462140992,0.7204081633,0.1252217098,,,,,,,,,,,,
,0.37755102,0.22533496,0.6857142857,0.1462777536,0.7183673469,0.1249112846,,,,,,,,,,,,
,0.37755102,0.22560976,0.6857142857,0.1463414634,0.7183673469,0.1249556266,,,,,,,,,,,,
,0.37755102,0.22588523,0.6857142857,0.1464052288,0.7183673469,0.125,,,,,,,,,,,,
,0.37755102,0.22616137,0.6857142857,0.1464690497,0.7183673469,0.125044405,,,,,,,,,,,,
,0.37755102,0.22671569,0.6857142857,0.1465329263,0.7183673469,0.1250888415,,,,,,,,,,,,
,0.37755102,0.22699387,0.6857142857,0.1465968586,0.7183673469,0.1251333096,,,,,,,,,,,,
,0.37755102,0.22727273,0.6857142857,0.1466608468,0.7183673469,0.1251778094,,,,,,,,,,,,
,0.37755102,0.22755228,0.6857142857,0.1467248908,0.7183673469,0.1252223408,,,,,,,,,,,,
,0.37755102,0.22811344,0.6857142857,0.1467889908,0.7183673469,0.1252669039,,,,,,,,,,,,
,0.3755102,0.22716049,0.6857142857,0.1468531469,0.7183673469,0.1253114988,,,,,,,,,,,,
,0.3755102,0.22744129,0.6857142857,0.146917359,0.7183673469,0.1253561254,,,,,,,,,,,,
,0.3755102,0.22772277,0.6857142857,0.1469816273,0.7183673469,0.1254007838,,,,,,,,,,,,
,0.3755102,0.22800496,0.6857142857,0.1470459519,0.7183673469,0.125445474,,,,,,,,,,,,
,0.3755102,0.22828784,0.6857142857,0.1471103327,0.7183673469,0.1254901961,,,,,,,,,,,,
,0.3755102,0.22857143,0.6857142857,0.14717477,0.7183673469,0.1255349501,,,,,,,,,,,,
,0.3755102,0.22885572,0.6857142857,0.1472392638,0.7183673469,0.125579736,,,,,,,,,,,,
,0.3755102,0.22914072,0.6836734694,0.1468654099,0.7183673469,0.1256245539,,,,,,,,,,,,
,0.3755102,0.22942643,0.6836734694,0.1469298246,0.7183673469,0.1256694038,,,,,,,,,,,,
,0.3755102,0.23,0.6836734694,0.1469942957,0.7183673469,0.1257142857,,,,,,,,,,,,
,0.3755102,0.23028786,0.6836734694,0.1470588235,0.7183673469,0.1257591997,,,,,,,,,,,,
,0.3755102,0.23057644,0.6836734694,0.147123408,0.7183673469,0.1258041458,,,,,,,,,,,,
,0.3755102,0.23115578,0.6836734694,0.1471880492,0.7183673469,0.1258491241,,,,,,,,,,,,
,0.37346939,0.23018868,0.6836734694,0.1472527473,0.7183673469,0.1258941345,,,,,,,,,,,,
,0.37142857,0.22921914,0.6836734694,0.1473175022,0.7183673469,0.1259391771,,,,,,,,,,,,
,0.37142857,0.2295082,0.6836734694,0.1473823141,0.7183673469,0.125984252,,,,,,,,,,,,
,0.37142857,0.22979798,0.6816326531,0.1470070423,0.7183673469,0.1260293591,,,,,,,,,,,,
,0.37142857,0.2300885,0.6795918367,0.1466960352,0.7183673469,0.1260744986,,,,,,,,,,,,
,0.37142857,0.23037975,0.6775510204,0.1464490516,0.7183673469,0.1261196704,,,,,,,,,,,,
,0.36938776,0.23057325,0.6775510204,0.1465136805,0.7183673469,0.1261648746,,,,,,,,,,,,
,0.36734694,0.22959184,0.6775510204,0.1465783664,0.7183673469,0.1262101112,,,,,,,,,,,,
,0.36530612,0.22860792,0.6775510204,0.1466431095,0.7183673469,0.1262553802,,,,,,,,,,,,
,0.36530612,0.22890026,0.6775510204,0.1467079099,0.7183673469,0.1263006817,,,,,,,,,,,,
,0.36530612,0.22919334,0.6775510204,0.1467727675,0.7183673469,0.1263460158,,,,,,,,,,,,
,0.36530612,0.22948718,0.6775510204,0.1468376824,0.7183673469,0.1263913824,,,,,,,,,,,,
,0.36530612,0.22978177,0.6775510204,0.1469026549,0.7183673469,0.1264367816,,,,,,,,,,,,
,0.36530612,0.23037323,0.6775510204,0.1469676848,0.7183673469,0.1264822134,,,,,,,,,,,,
,0.36530612,0.2306701,0.6775510204,0.1470327724,0.7183673469,0.1265276779,,,,,,,,,,,,
,0.36530612,0.23096774,0.6755102041,0.1467198582,0.7183673469,0.1265731751,,,,,,,,,,,,
,0.36530612,0.23126615,0.6755102041,0.1467849224,0.7183673469,0.126618705,,,,,,,,,,,,
,0.36530612,0.23156533,0.6755102041,0.1468500444,0.7183673469,0.1266642677,,,,,,,,,,,,
,0.36326531,0.23056995,0.6755102041,0.1469152241,0.7183673469,0.1267098632,,,,,,,,,,,,
,0.36326531,0.230869,0.6755102041,0.1469804618,0.7163265306,0.1263953907,,,,,,,,,,,,
,0.36122449,0.22987013,0.6755102041,0.1470457574,0.7163265306,0.1264409222,,,,,,,,,,,,
,0.35918367,0.22886866,0.6755102041,0.1471111111,0.7163265306,0.1264864865,,,,,,,,,,,,
,0.35918367,0.22916667,0.6755102041,0.1471765229,0.7163265306,0.1265320836,,,,,,,,,,,,
,0.35918367,0.22946545,0.6755102041,0.1472419929,0.7163265306,0.1265777137,,,,,,,,,,,,
,0.35918367,0.22976501,0.6755102041,0.1473731077,0.7163265306,0.1266233766,,,,,,,,,,,,
,0.35918367,0.23006536,0.6755102041,0.1474387528,0.7163265306,0.1266690725,,,,,,,,,,,,
,0.35714286,0.22905759,0.6755102041,0.1475044563,0.7163265306,0.1267148014,,,,,,,,,,,,
,0.35714286,0.2293578,0.6755102041,0.1475702185,0.7163265306,0.1267605634,,,,,,,,,,,,
,0.35510204,0.22834646,0.6755102041,0.1476360393,0.7163265306,0.1268063584,,,,,,,,,,,,
,0.35306122,0.22733246,0.6755102041,0.1477019188,0.7142857143,0.1264907842,,,,,,,,,,,,
,0.35306122,0.22763158,0.6755102041,0.1477678571,0.7142857143,0.1265365148,,,,,,,,,,,,
,0.35306122,0.22793149,0.6755102041,0.1478338544,0.7142857143,0.1265822785,,,,,,,,,,,,
,0.35306122,0.22823219,0.6734693878,0.1474530831,0.7142857143,0.1266280753,,,,,,,,,,,,
,0.35306122,0.22853369,0.6734693878,0.1475189987,0.7142857143,0.1266739052,,,,,,,,,,,,
,0.35306122,0.22883598,0.6734693878,0.1475849732,0.7142857143,0.1267197683,,,,,,,,,,,,
,0.35306122,0.22913907,0.6734693878,0.1476510067,0.7142857143,0.1267656646,,,,,,,,,,,,
,0.35102041,0.22811671,0.6734693878,0.1477170994,0.7142857143,0.1268115942,,,,,,,,,,,,
,0.35102041,0.22841965,0.6734693878,0.1477832512,0.7142857143,0.1268575571,,,,,,,,,,,,
,0.35102041,0.2287234,0.6734693878,0.1478494624,0.7142857143,0.1269035533,,,,,,,,,,,,
,0.35102041,0.22902796,0.6714285714,0.1474675034,0.7142857143,0.1269495829,,,,,,,,,,,,
,0.35102041,0.22933333,0.6714285714,0.1475336323,0.7142857143,0.1269956459,,,,,,,,,,,,
,0.35102041,0.22963952,0.6714285714,0.1475998205,0.712244898,0.1266787659,,,,,,,,,,,,
,0.35102041,0.22994652,0.6714285714,0.1476660682,0.712244898,0.126724764,,,,,,,,,,,,
,0.35102041,0.23025435,0.6714285714,0.1477323754,0.712244898,0.1267707955,,,,,,,,,,,,
,0.34897959,0.22922252,0.6714285714,0.1477987421,0.712244898,0.1268168605,,,,,,,,,,,,
,0.34897959,0.2295302,0.6714285714,0.1478651685,0.712244898,0.1268629589,,,,,,,,,,,,
,0.34897959,0.22983871,0.6714285714,0.1479316547,0.7102040816,0.1265454545,,,,,,,,,,,,
,0.34897959,0.23014805,0.6714285714,0.1479982006,0.7102040816,0.1265914878,,,,,,,,,,,,
,0.34693878,0.22911051,0.6714285714,0.1480648065,0.7102040816,0.1266375546,,,,,,,,,,,,
,0.34693878,0.2294197,0.6714285714,0.1481314723,0.7102040816,0.1266836549,,,,,,,,,,,,
,0.34693878,0.22972973,0.6714285714,0.1481981982,0.7102040816,0.1267297888,,,,,,,,,,,,
,0.34693878,0.2300406,0.6714285714,0.1482649842,0.7102040816,0.1267759563,,,,,,,,,,,,
,0.34693878,0.2303523,0.6714285714,0.1483318305,0.7102040816,0.1268221574,,,,,,,,,,,,
,0.34693878,0.23066486,0.6714285714,0.148398737,0.7102040816,0.1268683923,,,,,,,,,,,,
,0.34693878,0.23097826,0.6693877551,0.1480144404,0.7081632653,0.1265499635,,,,,,,,,,,,
,0.34693878,0.23129252,0.6693877551,0.1481481481,0.7081632653,0.1265961328,,,,,,,,,,,,
,0.34693878,0.23160763,0.6693877551,0.1482150926,0.706122449,0.1262773723,,,,,,,,,,,,
,0.34489796,0.23055935,0.6693877551,0.1482820976,0.706122449,0.1263234757,,,,,,,,,,,,
,0.34285714,0.2295082,0.6693877551,0.1483491633,0.706122449,0.1263696129,,,,,,,,,,,,
,0.34285714,0.22982216,0.6693877551,0.1484162896,0.706122449,0.1264157837,,,,,,,,,,,,
,0.34285714,0.23013699,0.6693877551,0.1484834767,0.706122449,0.1264619883,,,,,,,,,,,,
,0.34285714,0.23076923,0.6693877551,0.1485507246,0.706122449,0.1265082267,,,,,,,,,,,,
,0.34285714,0.23108666,0.6693877551,0.1486180335,0.706122449,0.1265544989,,,,,,,,,,,,
,0.34285714,0.23140496,0.6693877551,0.1486854034,0.706122449,0.126600805,,,,,,,,,,,,
,0.34285714,0.23172414,0.6693877551,0.1487528345,0.706122449,0.1266471449,,,,,,,,,,,,
,0.34285714,0.2320442,0.6693877551,0.1488203267,0.706122449,0.1266935189,,,,,,,,,,,,
,0.34285714,0.23236515,0.6693877551,0.1488878802,0.7040816327,0.1263736264,,,,,,,,,,,,
,0.34285714,0.23268698,0.6693877551,0.148955495,0.7040816327,0.126419934,,,,,,,,,,,,
,0.34285714,0.23300971,0.6693877551,0.1490231713,0.7040816327,0.1264662757,,,,,,,,,,,,
,0.34285714,0.23333333,0.6693877551,0.1490909091,0.7020408163,0.1261459479,,,,,,,,,,,,
,0.34285714,0.23365786,0.6693877551,0.1491587085,0.7020408163,0.126192223,,,,,,,,,,,,
,0.34285714,0.23398329,0.6693877551,0.1492265696,0.7020408163,0.1262385321,,,,,,,,,,,,
,0.34285714,0.23430962,0.6693877551,0.1492944925,0.7020408163,0.1262848752,,,,,,,,,,,,
,0.34285714,0.23463687,0.6693877551,0.1493624772,0.7,0.1259640103,,,,,,,,,,,,
,0.34285714,0.23496503,0.6693877551,0.1494305239,0.7,0.1260102866,,,,,,,,,,,,
,0.34081633,0.23389356,0.6693877551,0.1494986326,0.6979591837,0.1256890849,,,,,,,,,,,,
,0.34081633,0.2342216,0.6693877551,0.1495668035,0.6959183673,0.1253676471,,,,,,,,,,,,
,0.33877551,0.23314607,0.6693877551,0.1496350365,0.6959183673,0.1254137551,,,,,,,,,,,,
,0.33877551,0.23347398,0.6673469388,0.1492469192,0.6959183673,0.125459897,,,,,,,,,,,,
,0.33877551,0.23380282,0.6673469388,0.1493150685,0.6959183673,0.1255060729,,,,,,,,,,,,
,0.33877551,0.23413258,0.6673469388,0.14938328,0.6959183673,0.1255522828,,,,,,,,,,,,
,0.33877551,0.23446328,0.6673469388,0.1494515539,0.6959183673,0.1255985267,,,,,,,,,,,,
,0.33877551,0.23479491,0.6673469388,0.1495198903,0.693877551,0.1252763449,,,,,,,,,,,,
,0.33877551,0.23512748,0.6673469388,0.1495882891,0.693877551,0.1253225212,,,,,,,,,,,,
,0.33877551,0.23546099,0.6673469388,0.1496567506,0.693877551,0.1253687316,,,,,,,,,,,,
,0.33877551,0.23579545,0.6673469388,0.1497252747,0.693877551,0.125414976,,,,,,,,,,,,
,0.33673469,0.23470839,0.6673469388,0.1497938617,0.693877551,0.1254612546,,,,,,,,,,,,
,0.33673469,0.23504274,0.6673469388,0.1498625115,0.693877551,0.1255075674,,,,,,,,,,,,
,0.33673469,0.23537803,0.6673469388,0.1499312242,0.693877551,0.1255539143,,,,,,,,,,,,
,0.33673469,0.23571429,0.6673469388,0.15,0.693877551,0.1256002955,,,,,,,,,,,,
,0.33469388,0.23462089,0.6673469388,0.1500688389,0.6918367347,0.1252771619,,,,,,,,,,,,
,0.33469388,0.23495702,0.6673469388,0.150137741,0.6918367347,0.125323475,,,,,,,,,,,,
,0.33469388,0.23529412,0.6653061224,0.1497473588,0.6918367347,0.1253698225,,,,,,,,,,,,
,0.33469388,0.23563218,0.6632653061,0.1493566176,0.6918367347,0.1254162042,,,,,,,,,,,,
,0.33469388,0.23597122,0.6632653061,0.1494252874,0.6918367347,0.1254626203,,,,,,,,,,,,
,0.33265306,0.23487032,0.6632653061,0.1494940202,0.6918367347,0.1255090707,,,,,,,,,,,,
,0.33265306,0.23554913,0.6632653061,0.1495628164,0.6918367347,0.1255555556,,,,,,,,,,,,
,0.33265306,0.23589001,0.6632653061,0.1496316759,0.6918367347,0.1256020748,,,,,,,,,,,,
,0.33265306,0.23623188,0.6632653061,0.1497005988,0.6918367347,0.1256486286,,,,,,,,,,,,
,0.33265306,0.23657475,0.6632653061,0.1497695853,0.6897959184,0.1253244346,,,,,,,,,,,,
,0.33061224,0.23546512,0.6632653061,0.1498386353,0.6897959184,0.1253709199,,,,,,,,,,,,
,0.33061224,0.23580786,0.6632653061,0.1499077491,0.6897959184,0.1254174397,,,,,,,,,,,,
,0.32857143,0.23469388,0.6612244898,0.1495154592,0.6897959184,0.1254639941,,,,,,,,,,,,
,0.32857143,0.2350365,0.6612244898,0.1495844875,0.6897959184,0.125510583,,,,,,,,,,,,
,0.32857143,0.23538012,0.6612244898,0.1496535797,0.6897959184,0.1255572065,,,,,,,,,,,,
,0.32857143,0.23572474,0.6612244898,0.1497227357,0.6897959184,0.1256038647,,,,,,,,,,,,
,0.32857143,0.23607038,0.6591836735,0.1493296348,0.687755102,0.1252788104,,,,,,,,,,,,
,0.32857143,0.23641703,0.6591836735,0.1493987049,0.687755102,0.1253253998,,,,,,,,,,,,
,0.32857143,0.23676471,0.6591836735,0.149467839,0.687755102,0.1253720238,,,,,,,,,,,,
,0.32653061,0.23564065,0.6591836735,0.149537037,0.687755102,0.1254186825,,,,,,,,,,,,
,0.32653061,0.2359882,0.6591836735,0.1496062992,0.687755102,0.125465376,,,,,,,,,,,,
,0.32653061,0.23633678,0.6591836735,0.1497450162,0.687755102,0.1255121043,,,,,,,,,,,,
,0.32653061,0.23668639,0.6591836735,0.1498144712,0.687755102,0.1255588674,,,,,,,,,,,,
,0.32653061,0.23703704,0.6591836735,0.1498839907,0.687755102,0.1256056653,,,,,,,,,,,,
,0.32653061,0.23738872,0.6591836735,0.1499535747,0.687755102,0.1256524981,,,,,,,,,,,,
,0.32653061,0.23774146,0.6591836735,0.1500232234,0.687755102,0.1256993659,,,,,,,,,,,,
,0.32653061,0.23809524,0.6571428571,0.1496282528,0.687755102,0.1257462687,,,,,,,,,,,,
,0.32653061,0.23845007,0.6571428571,0.149697815,0.6857142857,0.1254199328,,,,,,,,,,,,
,0.32653061,0.23880597,0.6571428571,0.1497674419,0.6857142857,0.1254667662,,,,,,,,,,,,
,0.3244898,0.23766816,0.6571428571,0.1499068901,0.6857142857,0.1255136347,,,,,,,,,,,,
,0.3244898,0.23802395,0.6571428571,0.1499767117,0.6857142857,0.1255605381,,,,,,,,,,,,
,0.3244898,0.23873874,0.6571428571,0.1500465983,0.6857142857,0.1256074766,,,,,,,,,,,,
,0.32244898,0.23759398,0.6571428571,0.1501165501,0.6857142857,0.1256544503,,,,,,,,,,,,
,0.32244898,0.23795181,0.6571428571,0.1501865672,0.6857142857,0.125701459,,,,,,,,,,,,
,0.32040816,0.23680241,0.6571428571,0.1502566496,0.6857142857,0.125748503,,,,,,,,,,,,
,0.31836735,0.23564955,0.6571428571,0.1503267974,0.6857142857,0.1257955822,,,,,,,,,,,,
,0.31836735,0.23600605,0.6571428571,0.1503970107,0.6857142857,0.1258426966,,,,,,,,,,,,
,0.31836735,0.23636364,0.6571428571,0.1504672897,0.6857142857,0.1258898464,,,,,,,,,,,,
,0.31836735,0.23672231,0.6571428571,0.1506080449,0.6857142857,0.1259370315,,,,,,,,,,,,
,0.31836735,0.23708207,0.6571428571,0.1506785213,0.6857142857,0.125984252,,,,,,,,,,,,
,0.31836735,0.23744292,0.6571428571,0.1507490637,0.6857142857,0.1260315079,,,,,,,,,,,,
,0.31836735,0.23780488,0.6551020408,0.1503512881,0.6857142857,0.1260787992,,,,,,,,,,,,
,0.31836735,0.23816794,0.6551020408,0.1504217432,0.6857142857,0.1261261261,,,,,,,,,,,,
,0.31836735,0.23853211,0.6551020408,0.1504922644,0.6857142857,0.1261734885,,,,,,,,,,,,
,0.31632653,0.237366,0.6551020408,0.1505628518,0.6857142857,0.1262208866,,,,,,,,,,,,
,0.31428571,0.23619632,0.6530612245,0.1501642421,0.6857142857,0.1262683202,,,,,,,,,,,,
,0.31428571,0.23655914,0.6530612245,0.1502347418,0.6857142857,0.1263157895,,,,,,,,,,,,
,0.31428571,0.23692308,0.6530612245,0.1503053077,0.6857142857,0.1263632945,,,,,,,,,,,,
,0.31428571,0.23728814,0.6530612245,0.1503759398,0.6857142857,0.1264108352,,,,,,,,,,,,
,0.31428571,0.23765432,0.6530612245,0.1504466385,0.6857142857,0.1264584117,,,,,,,,,,,,
,0.31428571,0.23802164,0.6530612245,0.1505174036,0.6857142857,0.1265060241,,,,,,,,,,,,
,0.31428571,0.23839009,0.6530612245,0.1505882353,0.6857142857,0.1265536723,,,,,,,,,,,,
,0.3122449,0.2372093,0.6530612245,0.1506591337,0.6857142857,0.1266013564,,,,,,,,,,,,
,0.3122449,0.23757764,0.6530612245,0.1507300989,0.6857142857,0.1266490765,,,,,,,,,,,,
,0.3122449,0.23794712,0.6530612245,0.150801131,0.6857142857,0.1266968326,,,,,,,,,,,,
,0.31020408,0.23676012,0.6530612245,0.1508722301,0.6857142857,0.1267446247,,,,,,,,,,,,
,0.31020408,0.23712949,0.6510204082,0.1504716981,0.6857142857,0.1267924528,,,,,,,,,,,,
,0.31020408,0.2375,0.6510204082,0.1505427088,0.6857142857,0.1268403171,,,,,,,,,,,,
,0.31020408,0.23787167,0.6510204082,0.1506137866,0.6836734694,0.126510574,,,,,,,,,,,,
,0.31020408,0.23824451,0.6510204082,0.1506849315,0.6836734694,0.126558368,,,,,,,,,,,,
,0.31020408,0.23861852,0.6510204082,0.1507561437,0.6816326531,0.1262282691,,,,,,,,,,,,
,0.31020408,0.23899371,0.6510204082,0.1508274232,0.6795918367,0.1258979206,,,,,,,,,,,,
,0.31020408,0.23937008,0.6510204082,0.1508987701,0.6795918367,0.1259455371,,,,,,,,,,,,
,0.31020408,0.23974763,0.6510204082,0.1510416667,0.6795918367,0.1259931896,,,,,,,,,,,,
,0.31020408,0.24050633,0.6510204082,0.1511132165,0.6795918367,0.1260408781,,,,,,,,,,,,
,0.31020408,0.24088748,0.6510204082,0.1511848341,0.6795918367,0.1260886028,,,,,,,,,,,,
,0.31020408,0.24126984,0.6510204082,0.1512565197,0.6795918367,0.1261363636,,,,,,,,,,,,
,0.30816327,0.24006359,0.6489795918,0.1509254865,0.6775510204,0.1258052293,,,,,,,,,,,,
,0.30816327,0.24044586,0.6489795918,0.150997151,0.6775510204,0.1258529189,,,,,,,,,,,,
,0.30816327,0.24082935,0.6489795918,0.1510688836,0.6775510204,0.1259006447,,,,,,,,,,,,
,0.30816327,0.24121406,0.6469387755,0.1506653992,0.6775510204,0.1259484067,,,,,,,,,,,,
,0.30816327,0.2416,0.6469387755,0.1507370423,0.6775510204,0.1259962049,,,,,,,,,,,,
,0.30816327,0.24198718,0.6469387755,0.1508087536,0.6775510204,0.1260440395,,,,,,,,,,,,
,0.30612245,0.24077047,0.6469387755,0.1508805331,0.6755102041,0.1257121155,,,,,,,,,,,,
,0.30612245,0.24115756,0.6469387755,0.150952381,0.6755102041,0.1257598784,,,,,,,,,,,,
,0.30612245,0.24193548,0.6448979592,0.1506196378,0.6734693878,0.1254275941,,,,,,,,,,,,
,0.30612245,0.24311183,0.6448979592,0.150691464,0.6714285714,0.125095057,,,,,,,,,,,,
,0.30408163,0.24188312,0.6448979592,0.1507633588,0.6714285714,0.1251426398,,,,,,,,,,,,
,0.30408163,0.24227642,0.6448979592,0.1508353222,0.6714285714,0.1251902588,,,,,,,,,,,,
,0.30408163,0.24267101,0.6448979592,0.1509073543,0.6714285714,0.125237914,,,,,,,,,,,,
,0.30408163,0.24306688,0.6448979592,0.1509794553,0.6714285714,0.1252856055,,,,,,,,,,,,
,0.30408163,0.24346405,0.6428571429,0.1505736138,0.6714285714,0.1253333333,,,,,,,,,,,,
,0.30408163,0.24386252,0.6428571429,0.1506456241,0.6714285714,0.1253810976,,,,,,,,,,,,
,0.30408163,0.2442623,0.6408163265,0.1502392344,0.6714285714,0.1254288982,,,,,,,,,,,,
,0.30204082,0.24302135,0.6408163265,0.1503831418,0.6714285714,0.1254767353,,,,,,,,,,,,
,0.30204082,0.24342105,0.6408163265,0.1504551989,0.6714285714,0.1255246089,,,,,,,,,,,,
,0.3,0.24217463,0.6408163265,0.150527325,0.6714285714,0.1255725191,,,,,,,,,,,,
,0.3,0.24257426,0.6408163265,0.1505995204,0.6714285714,0.1256204658,,,,,,,,,,,,
,0.3,0.24297521,0.6408163265,0.150671785,0.6714285714,0.1256684492,,,,,,,,,,,,
,0.3,0.24337748,0.6408163265,0.1507441191,0.6714285714,0.1257164692,,,,,,,,,,,,
,0.3,0.24378109,0.6408163265,0.1508165226,0.6714285714,0.125764526,,,,,,,,,,,,
,0.3,0.24418605,0.6408163265,0.1508889957,0.6693877551,0.1254302103,,,,,,,,,,,,
,0.3,0.24459235,0.6408163265,0.1509615385,0.6693877551,0.1254781943,,,,,,,,,,,,
,0.29795918,0.24333333,0.6408163265,0.151034151,0.6693877551,0.1255262151,,,,,,,,,,,,
,0.29795918,0.24373957,0.6408163265,0.1511068335,0.6673469388,0.1251914242,,,,,,,,,,,,
,0.29795918,0.24414716,0.6408163265,0.1511795859,0.6673469388,0.1252393719,,,,,,,,,,,,
,0.29795918,0.24455611,0.6408163265,0.1512524085,0.6673469388,0.1252873563,,,,,,,,,,,,
,0.29795918,0.24496644,0.6408163265,0.1513253012,0.6673469388,0.1253353775,,,,,,,,,,,,
,0.29795918,0.24537815,0.6408163265,0.1513982642,0.6673469388,0.1253834356,,,,,,,,,,,,
,0.29795918,0.24579125,0.6408163265,0.1514712976,0.6673469388,0.1254315305,,,,,,,,,,,,
,0.29795918,0.24620573,0.6408163265,0.1515444015,0.6673469388,0.1254796623,,,,,,,,,,,,
,0.29795918,0.24703892,0.6408163265,0.1516175761,0.6673469388,0.1255278311,,,,,,,,,,,,
,0.29795918,0.24745763,0.6408163265,0.1516908213,0.6673469388,0.1255760369,,,,,,,,,,,,
,0.29795918,0.24787776,0.6408163265,0.1517641373,0.6673469388,0.1256242797,,,,,,,,,,,,
,0.29591837,0.24659864,0.6408163265,0.1518375242,0.6673469388,0.1256725596,,,,,,,,,,,,
,0.29591837,0.24701874,0.6408163265,0.1519109821,0.6673469388,0.1257208766,,,,,,,,,,,,
,0.29591837,0.24744027,0.6408163265,0.1519845111,0.6673469388,0.1257692308,,,,,,,,,,,,
,0.29591837,0.24786325,0.6408163265,0.1520581114,0.6673469388,0.1258176222,,,,,,,,,,,,
,0.29387755,0.24657534,0.6408163265,0.1521317829,0.6673469388,0.1258660508,,,,,,,,,,,,
,0.29387755,0.24699828,0.6408163265,0.1522055259,0.6673469388,0.1259145168,,,,,,,,,,,,
,0.29387755,0.24742268,0.6408163265,0.1522793404,0.6673469388,0.12596302,,,,,,,,,,,,
,0.29183673,0.24612737,0.6408163265,0.1523532266,0.6673469388,0.1260115607,,,,,,,,,,,,
,0.29183673,0.24655172,0.6408163265,0.1524271845,0.6673469388,0.1260601388,,,,,,,,,,,,
,0.29183673,0.24697755,0.6408163265,0.1525012142,0.6673469388,0.1261087543,,,,,,,,,,,,
,0.29183673,0.24740484,0.6387755102,0.1520894072,0.6673469388,0.1261574074,,,,,,,,,,,,
,0.29183673,0.24783362,0.6387755102,0.1521633447,0.6673469388,0.126206098,,,,,,,,,,,,
,0.28979592,0.24652778,0.6387755102,0.1522373541,0.6673469388,0.1262548263,,,,,,,,,,,,
,0.28979592,0.24738676,0.6387755102,0.1523114355,0.6673469388,0.1263035921,,,,,,,,,,,,
,0.2877551,0.2460733,0.6387755102,0.1523855891,0.6673469388,0.1263523957,,,,,,,,,,,,
,0.28571429,0.24475524,0.6387755102,0.1524598149,0.6673469388,0.126401237,,,,,,,,,,,,
,0.28571429,0.24518389,0.6387755102,0.1525341131,0.6673469388,0.126450116,,,,,,,,,,,,
,0.28571429,0.24561404,0.6387755102,0.1526084837,0.6673469388,0.1264990329,,,,,,,,,,,,
,0.28571429,0.24604569,0.6387755102,0.1526829268,0.6673469388,0.1265479876,,,,,,,,,,,,
,0.28571429,0.24647887,0.6387755102,0.1527574427,0.6673469388,0.1265969803,,,,,,,,,,,,
,0.28571429,0.24734982,0.6387755102,0.1528320313,0.6673469388,0.1266460108,,,,,,,,,,,,
,0.28367347,0.24689165,0.6387755102,0.1529066927,0.6673469388,0.1266950794,,,,,,,,,,,,
,0.28367347,0.24733096,0.6387755102,0.1529814272,0.6653061224,0.1263565891,,,,,,,,,,,,
,0.28367347,0.24777184,0.6387755102,0.1530562347,0.6653061224,0.1264055836,,,,,,,,,,,,
,0.28163265,0.24642857,0.6387755102,0.1531311155,0.6653061224,0.126454616,,,,,,,,,,,,
,0.28163265,0.24686941,0.6367346939,0.1527165932,0.6653061224,0.1265036865,,,,,,,,,,,,
,0.27959184,0.24551971,0.6346938776,0.1523762861,0.6653061224,0.126552795,,,,,,,,,,,,
,0.27959184,0.2459605,0.6346938776,0.1524509804,0.6653061224,0.1266019417,,,,,,,,,,,,
,0.27959184,0.24640288,0.6346938776,0.1525257479,0.6653061224,0.1266511267,,,,,,,,,,,,
,0.27755102,0.24504505,0.6346938776,0.1526005888,0.6653061224,0.1267003498,,,,,,,,,,,,
,0.2755102,0.24368231,0.6346938776,0.1526755032,0.6653061224,0.1267496112,,,,,,,,,,,,
,0.2755102,0.24412297,0.6346938776,0.1527504912,0.6653061224,0.1267989109,,,,,,,,,,,,
,0.2755102,0.24456522,0.6346938776,0.1528255528,0.6653061224,0.126848249,,,,,,,,,,,,
,0.2755102,0.24500907,0.6346938776,0.1529006883,0.6653061224,0.1268976255,,,,,,,,,,,,
,0.2755102,0.24545455,0.6346938776,0.1529758977,0.6653061224,0.1269470405,,,,,,,,,,,,
,0.2755102,0.24590164,0.6346938776,0.1530511811,0.6653061224,0.126996494,,,,,,,,,,,,
,0.27346939,0.24452555,0.6346938776,0.1531265387,0.6653061224,0.127045986,,,,,,,,,,,,
,0.27346939,0.24497258,0.6346938776,0.1532019704,0.6653061224,0.1270955166,,,,,,,,,,,,
,0.27346939,0.24542125,0.6346938776,0.1532774766,0.6653061224,0.1271450858,,,,,,,,,,,,
,0.27346939,0.24587156,0.6346938776,0.1533530572,0.6632653061,0.1268045259,,,,,,,,,,,,
,0.27346939,0.24632353,0.6346938776,0.1534287124,0.6632653061,0.1268540203,,,,,,,,,,,,
,0.27346939,0.24677716,0.6326530612,0.1530108588,0.6632653061,0.1269035533,,,,,,,,,,,,
,0.27346939,0.24723247,0.6326530612,0.1530864198,0.6632653061,0.126953125,,,,,,,,,,,,
,0.27346939,0.24768946,0.6326530612,0.1531620553,0.6632653061,0.1270027354,,,,,,,,,,,,
,0.27142857,0.2462963,0.6326530612,0.1532377657,0.6632653061,0.1270523847,,,,,,,,,,,,
,0.27142857,0.24675325,0.6326530612,0.1533135509,0.6632653061,0.1271020727,,,,,,,,,,,,
,0.27142857,0.2472119,0.6326530612,0.1533894112,0.6632653061,0.1271517997,,,,,,,,,,,,
,0.26938776,0.24581006,0.6306122449,0.152970297,0.6632653061,0.1272015656,,,,,,,,,,,,
,0.26938776,0.24626866,0.6306122449,0.1530460624,0.6632653061,0.1272513704,,,,,,,,,,,,
,0.26734694,0.24485981,0.6306122449,0.1531219029,0.6632653061,0.1273012143,,,,,,,,,,,,
,0.26734694,0.24531835,0.6306122449,0.1531978185,0.6632653061,0.1273510972,,,,,,,,,,,,
,0.26734694,0.24577861,0.6306122449,0.1532738095,0.6632653061,0.1274010192,,,,,,,,,,,,
,0.26734694,0.2462406,0.6306122449,0.1533498759,0.6632653061,0.1274509804,,,,,,,,,,,,
,0.26734694,0.24670433,0.6306122449,0.1534260179,0.6632653061,0.1275009808,,,,,,,,,,,,
,0.26734694,0.24716981,0.6306122449,0.1535022355,0.6632653061,0.1275510204,,,,,,,,,,,,
,0.26530612,0.24574669,0.6306122449,0.1535785288,0.6632653061,0.1276010993,,,,,,,,,,,,
,0.26530612,0.24621212,0.6306122449,0.1536548981,0.6632653061,0.1276512176,,,,,,,,,,,,
,0.26326531,0.24478178,0.6306122449,0.1537313433,0.6632653061,0.1277013752,,,,,,,,,,,,
,0.26326531,0.24524715,0.6306122449,0.1538078646,0.6632653061,0.1277515723,,,,,,,,,,,,
,0.26326531,0.24571429,0.6306122449,0.1538844622,0.6632653061,0.1278018089,,,,,,,,,,,,
,0.26326531,0.24618321,0.6306122449,0.153961136,0.6612244898,0.1274586939,,,,,,,,,,,,
,0.26326531,0.24665392,0.6306122449,0.1540378863,0.6612244898,0.1275088548,,,,,,,,,,,,
,0.26326531,0.24712644,0.6306122449,0.1541147132,0.6612244898,0.1275590551,,,,,,,,,,,,
,0.26326531,0.24760077,0.6306122449,0.1541916168,0.6612244898,0.127609295,,,,,,,,,,,,
,0.26122449,0.24615385,0.6306122449,0.1542685971,0.6612244898,0.1276595745,,,,,,,,,,,,
,0.26122449,0.24662813,0.6306122449,0.1543456543,0.6612244898,0.1277098936,,,,,,,,,,,,
,0.25918367,0.24517375,0.6306122449,0.1544227886,0.6612244898,0.1277602524,,,,,,,,,,,,
,0.25918367,0.24564797,0.6306122449,0.1545,0.6612244898,0.1278106509,,,,,,,,,,,,
,0.25714286,0.24418605,0.6306122449,0.1545772886,0.6612244898,0.1278610892,,,,,,,,,,,,
,0.25714286,0.24466019,0.6306122449,0.1546546547,0.6591836735,0.1275167785,,,,,,,,,,,,
,0.25714286,0.24513619,0.6306122449,0.1547320981,0.6591836735,0.1275671406,,,,,,,,,,,,
,0.25714286,0.24561404,0.6306122449,0.1548096192,0.6571428571,0.1272224417,,,,,,,,,,,,
,0.25714286,0.24609375,0.6306122449,0.154887218,0.6571428571,0.1272727273,,,,,,,,,,,,
,0.25714286,0.24657534,0.6306122449,0.1549648947,0.6571428571,0.1273230526,,,,,,,,,,,,
,0.25714286,0.24705882,0.6285714286,0.1545408931,0.6571428571,0.1273734177,,,,,,,,,,,,
,0.25714286,0.2475442,0.6285714286,0.1546184739,0.6551020408,0.1270280966,,,,,,,,,,,,
,0.25714286,0.2480315,0.6285714286,0.1546961326,0.6551020408,0.1270783848,,,,,,,,,,,,
,0.25714286,0.24852071,0.6285714286,0.1547738693,0.6551020408,0.1271287129,,,,,,,,,,,,
,0.25714286,0.24950495,0.6265306122,0.1543489191,0.6551020408,0.1271790808,,,,,,,,,,,,
,0.25714286,0.25,0.6265306122,0.1544265594,0.6551020408,0.1272294887,,,,,,,,,,,,
,0.25714286,0.25049702,0.6265306122,0.1545042778,0.6551020408,0.1272799366,,,,,,,,,,,,
,0.25714286,0.25099602,0.6265306122,0.1545820745,0.6530612245,0.1269337564,,,,,,,,,,,,
,0.25714286,0.25250501,0.6265306122,0.1546599496,0.6530612245,0.126984127,,,,,,,,,,,,
,0.25714286,0.25301205,0.6265306122,0.1547379032,0.6530612245,0.1270345375,,,,,,,,,,,,
,0.25714286,0.25352113,0.6265306122,0.1548159355,0.6530612245,0.1270849881,,,,,,,,,,,,
,0.25714286,0.25403226,0.6265306122,0.1548940464,0.6530612245,0.1271354787,,,,,,,,,,,,
,0.25714286,0.25454545,0.6265306122,0.1549722362,0.6530612245,0.1271860095,,,,,,,,,,,,
,0.25714286,0.25506073,0.6265306122,0.1550505051,0.6530612245,0.1272365805,,,,,,,,,,,,
,0.25714286,0.25557809,0.6265306122,0.155128853,0.6530612245,0.1272871917,,,,,,,,,,,,
,0.25714286,0.25609756,0.6265306122,0.1552072801,0.6530612245,0.1273378432,,,,,,,,,,,,
,0.25714286,0.25661914,0.6265306122,0.1553643725,0.6530612245,0.127388535,,,,,,,,,,,,
,0.25510204,0.25510204,0.6265306122,0.155443038,0.6530612245,0.1274392672,,,,,,,,,,,,
,0.25510204,0.25562372,0.6244897959,0.1550151976,0.6530612245,0.1274900398,,,,,,,,,,,,
,0.25306122,0.25409836,0.6244897959,0.1551724138,0.6510204082,0.1271422878,,,,,,,,,,,,
,0.25306122,0.25462012,0.6244897959,0.1552511416,0.6510204082,0.1271929825,,,,,,,,,,,,
,0.25306122,0.25514403,0.6244897959,0.1553299492,0.6510204082,0.1272437176,,,,,,,,,,,,
,0.25306122,0.2556701,0.6244897959,0.155408837,0.6510204082,0.1272944932,,,,,,,,,,,,
,0.25306122,0.25619835,0.6244897959,0.1554878049,0.6510204082,0.1273453094,,,,,,,,,,,,
,0.25306122,0.25672878,0.6244897959,0.1555668531,0.6510204082,0.1273961661,,,,,,,,,,,,
,0.25306122,0.25726141,0.6244897959,0.1557251908,0.6510204082,0.1274470635,,,,,,,,,,,,
,0.25306122,0.25779626,0.6244897959,0.1558044807,0.6510204082,0.1274980016,,,,,,,,,,,,
,0.25306122,0.25833333,0.6244897959,0.1558838512,0.6510204082,0.1275489804,,,,,,,,,,,,
,0.25306122,0.25887265,0.6244897959,0.1559633028,0.6510204082,0.1276,,,,,,,,,,,,
,0.25306122,0.25941423,0.6244897959,0.1560428353,0.6510204082,0.1276510604,,,,,,,,,,,,
,0.25102041,0.25786164,0.6244897959,0.156122449,0.6510204082,0.1277021617,,,,,,,,,,,,
,0.25102041,0.25840336,0.6244897959,0.156202144,0.6510204082,0.127753304,,,,,,,,,,,,
,0.25102041,0.25894737,0.6244897959,0.1562819203,0.6510204082,0.1278044872,,,,,,,,,,,,
,0.25102041,0.26004228,0.6244897959,0.1563617782,0.6510204082,0.1278557114,,,,,,,,,,,,
,0.25102041,0.26059322,0.6244897959,0.1564417178,0.6489795918,0.1275060144,,,,,,,,,,,,
,0.24897959,0.25902335,0.6244897959,0.1565217391,0.6489795918,0.12755716,,,,,,,,,,,,
,0.24897959,0.25957447,0.6244897959,0.1566018424,0.6489795918,0.1276083467,,,,,,,,,,,,
,0.24897959,0.26068376,0.6224489796,0.15625,0.6489795918,0.1276595745,,,,,,,,,,,,
,0.24897959,0.26124197,0.6224489796,0.1564102564,0.6489795918,0.1277108434,,,,,,,,,,,,
,0.24693878,0.25965665,0.6204081633,0.1559774243,0.6489795918,0.1277621535,,,,,,,,,,,,
,0.24693878,0.26021505,0.6183673469,0.1555441478,0.6469387755,0.1274115756,,,,,,,,,,,,
,0.24693878,0.26077586,0.6183673469,0.155624037,0.6469387755,0.1274628066,,,,,,,,,,,,
,0.24693878,0.26133909,0.6183673469,0.1557040082,0.6469387755,0.1275140788,,,,,,,,,,,,
,0.24693878,0.26190476,0.6183673469,0.1557840617,0.6469387755,0.1275653924,,,,,,,,,,,,
,0.24489796,0.26030369,0.6183673469,0.1559444159,0.6469387755,0.1276167472,,,,,,,,,,,,
,0.24489796,0.26200873,0.6183673469,0.1560247168,0.6469387755,0.1276681434,,,,,,,,,,,,
,0.24489796,0.26258206,0.6183673469,0.1561051005,0.6469387755,0.127719581,,,,,,,,,,,,
,0.24489796,0.26315789,0.6183673469,0.156185567,0.6469387755,0.1277710601,,,,,,,,,,,,
,0.24489796,0.26373626,0.6183673469,0.1562661166,0.6469387755,0.1278225806,,,,,,,,,,,,
,0.24285714,0.26211454,0.6183673469,0.1563467492,0.6469387755,0.1278741428,,,,,,,,,,,,
,0.24285714,0.26269316,0.6183673469,0.1564274652,0.6469387755,0.1279257466,,,,,,,,,,,,
,0.24285714,0.26327434,0.6183673469,0.1565082645,0.6448979592,0.1275736778,,,,,,,,,,,,
,0.24285714,0.26385809,0.6183673469,0.1565891473,0.6448979592,0.1276252019,,,,,,,,,,,,
,0.24081633,0.26222222,0.6183673469,0.1566701138,0.6448979592,0.1276767677,,,,,,,,,,,,
,0.23877551,0.26057906,0.6163265306,0.1562338334,0.6448979592,0.1277283751,,,,,,,,,,,,
,0.23673469,0.25892857,0.6163265306,0.1563146998,0.6448979592,0.1277800243,,,,,,,,,,,,
,0.23673469,0.25950783,0.6163265306,0.1563956499,0.6448979592,0.1278317152,,,,,,,,,,,,
,0.23673469,0.26008969,0.6163265306,0.1564766839,0.6448979592,0.127883448,,,,,,,,,,,,
,0.23673469,0.26067416,0.6163265306,0.156557802,0.6448979592,0.1279352227,,,,,,,,,,,,
,0.23673469,0.26126126,0.6163265306,0.1566390041,0.6448979592,0.1279870393,,,,,,,,,,,,
,0.23673469,0.26185102,0.6163265306,0.1567202906,0.6448979592,0.1280388979,,,,,,,,,,,,
,0.23673469,0.26244344,0.6163265306,0.1568016615,0.6448979592,0.1280907985,,,,,,,,,,,,
,0.23673469,0.26303855,0.6163265306,0.1568831169,0.6448979592,0.1281427413,,,,,,,,,,,,
,0.23673469,0.2642369,0.6163265306,0.156964657,0.6428571429,0.1277890467,,,,,,,,,,,,
,0.23673469,0.26484018,0.6163265306,0.1570462819,0.6428571429,0.1278409091,,,,,,,,,,,,
,0.23673469,0.26544622,0.6163265306,0.1571279917,0.6428571429,0.1278928136,,,,,,,,,,,,
,0.23673469,0.26605505,0.6163265306,0.1572097866,0.6428571429,0.1279447604,,,,,,,,,,,,
,0.23673469,0.26666667,0.6163265306,0.1573736321,0.6428571429,0.1279967493,,,,,,,,,,,,
,0.23673469,0.26789838,0.6163265306,0.157455683,0.6428571429,0.1280487805,,,,,,,,,,,,
,0.23673469,0.26851852,0.6163265306,0.1575378195,0.6408163265,0.1276941846,,,,,,,,,,,,
,0.23673469,0.26914153,0.6163265306,0.1576200418,0.6408163265,0.1277461351,,,,,,,,,,,,
,0.23673469,0.26976744,0.6142857143,0.1571801567,0.6408163265,0.1277981278,,,,,,,,,,,,
,0.23673469,0.27039627,0.6142857143,0.157262278,0.6408163265,0.1278501629,,,,,,,,,,,,
,0.23673469,0.27102804,0.6142857143,0.1573444851,0.6408163265,0.1279022403,,,,,,,,,,,,
,0.23673469,0.27166276,0.6142857143,0.1574267782,0.6408163265,0.1279543602,,,,,,,,,,,,
,0.23673469,0.27230047,0.6142857143,0.1575091575,0.6408163265,0.1280065226,,,,,,,,,,,,
,0.23673469,0.27294118,0.6142857143,0.157674175,0.6408163265,0.1280587276,,,,,,,,,,,,
,0.23469388,0.27122642,0.6142857143,0.1577568134,0.6408163265,0.1281109751,,,,,,,,,,,,
,0.23469388,0.27186761,0.6142857143,0.1578395385,0.6408163265,0.1281632653,,,,,,,,,,,,
,0.23469388,0.27315914,0.6142857143,0.1579223505,0.6408163265,0.1282155982,,,,,,,,,,,,
,0.23469388,0.27380952,0.6142857143,0.1580052493,0.6408163265,0.1282679739,,,,,,,,,,,,
,0.23469388,0.27446301,0.6142857143,0.1580882353,0.6408163265,0.1283203923,,,,,,,,,,,,
,0.23469388,0.27511962,0.6142857143,0.1581713085,0.6408163265,0.1283728536,,,,,,,,,,,,
,0.23469388,0.27577938,0.6142857143,0.158254469,0.6408163265,0.1284253579,,,,,,,,,,,,
,0.23265306,0.27403846,0.6142857143,0.158337717,0.6408163265,0.1284779051,,,,,,,,,,,,
,0.23265306,0.27536232,0.612244898,0.1578947368,0.6408163265,0.1285304953,,,,,,,,,,,,
,0.23265306,0.27602906,0.612244898,0.1579778831,0.6408163265,0.1285831286,,,,,,,,,,,,
,0.23265306,0.27669903,0.6102040816,0.1575342466,0.6408163265,0.128635805,,,,,,,,,,,,
,0.23265306,0.27737226,0.6102040816,0.1576172905,0.6408163265,0.1286885246,,,,,,,,,,,,
,0.23265306,0.27804878,0.6102040816,0.1577004219,0.6408163265,0.1287412874,,,,,,,,,,,,
,0.23265306,0.27872861,0.6102040816,0.1577836412,0.6408163265,0.1287940935,,,,,,,,,,,,
,0.23265306,0.27941176,0.6102040816,0.1578669483,0.6408163265,0.128846943,,,,,,,,,,,,
,0.23061224,0.27764128,0.6102040816,0.1579503434,0.6408163265,0.1288998358,,,,,,,,,,,,
,0.23061224,0.27832512,0.6102040816,0.1580338266,0.6408163265,0.1289527721,,,,,,,,,,,,
,0.23061224,0.27901235,0.6102040816,0.1581173982,0.6408163265,0.1290057518,,,,,,,,,,,,
,0.23061224,0.28039702,0.6102040816,0.1582010582,0.6408163265,0.1290587752,,,,,,,,,,,,
,0.23061224,0.28109453,0.6102040816,0.1582848068,0.6408163265,0.1291118421,,,,,,,,,,,,
,0.22857143,0.27930175,0.6102040816,0.1583686441,0.6408163265,0.1291649527,,,,,,,,,,,,
,0.22857143,0.28,0.6102040816,0.1584525702,0.6408163265,0.129218107,,,,,,,,,,,,
,0.22857143,0.28070175,0.6102040816,0.1585365854,0.6408163265,0.1292713051,,,,,,,,,,,,
,0.22857143,0.28140704,0.6102040816,0.1586206897,0.6408163265,0.129324547,,,,,,,,,,,,
,0.22857143,0.28211587,0.6102040816,0.1587048832,0.6408163265,0.1293778327,,,,,,,,,,,,
,0.22857143,0.2835443,0.6102040816,0.1587891662,0.6408163265,0.1294311624,,,,,,,,,,,,
,0.22857143,0.28426396,0.6081632653,0.1583421892,0.6408163265,0.1294845361,,,,,,,,,,,,
,0.22653061,0.28244275,0.6081632653,0.158426369,0.6408163265,0.1295379538,,,,,,,,,,,,
,0.22653061,0.28316327,0.6081632653,0.1585106383,0.6408163265,0.1295914156,,,,,,,,,,,,
,0.22653061,0.28756477,0.6081632653,0.1585949973,0.6408163265,0.1296449216,,,,,,,,,,,,
,0.2244898,0.28571429,0.6081632653,0.1586794462,0.6408163265,0.1296984717,,,,,,,,,,,,
,0.2244898,0.28645833,0.6081632653,0.1587639851,0.6408163265,0.1297520661,,,,,,,,,,,,
,0.2244898,0.28720627,0.6081632653,0.1588486141,0.6408163265,0.1298057048,,,,,,,,,,,,
,0.2244898,0.28795812,0.6081632653,0.1589333333,0.6408163265,0.1298593879,,,,,,,,,,,,
,0.22244898,0.28608924,0.6081632653,0.159018143,0.6408163265,0.1299131154,,,,,,,,,,,,
,0.22040816,0.28421053,0.6081632653,0.1591030432,0.6408163265,0.1299668874,,,,,,,,,,,,
,0.21836735,0.28306878,0.6081632653,0.1591880342,0.6408163265,0.1300207039,,,,,,,,,,,,
,0.21632653,0.28116711,0.6081632653,0.159273116,0.6408163265,0.130074565,,,,,,,,,,,,
,0.21632653,0.28191489,0.6081632653,0.1593582888,0.6408163265,0.1301284708,,,,,,,,,,,,
,0.21428571,0.28,0.6081632653,0.1594435527,0.6408163265,0.1301824212,,,,,,,,,,,,
,0.21428571,0.28074866,0.606122449,0.1590787359,0.6408163265,0.1302364164,,,,,,,,,,,,
,0.21428571,0.28150134,0.606122449,0.1591639871,0.6408163265,0.1302904564,,,,,,,,,,,,
,0.21428571,0.28225806,0.606122449,0.1592493298,0.6408163265,0.1303445413,,,,,,,,,,,,
,0.21428571,0.28301887,0.606122449,0.1593347639,0.6408163265,0.1303986711,,,,,,,,,,,,
,0.21428571,0.28378378,0.606122449,0.1594202899,0.6408163265,0.1304528459,,,,,,,,,,,,
,0.2122449,0.2826087,0.606122449,0.1595059076,0.6408163265,0.1305070657,,,,,,,,,,,,
,0.21020408,0.28065395,0.606122449,0.1595916174,0.6408163265,0.1305613306,,,,,,,,,,,,
,0.21020408,0.28142077,0.606122449,0.1596774194,0.6408163265,0.1306156406,,,,,,,,,,,,
,0.21020408,0.28219178,0.606122449,0.1598493003,0.6408163265,0.1306699958,,,,,,,,,,,,
,0.20816327,0.28021978,0.606122449,0.1599353796,0.6408163265,0.1307243963,,,,,,,,,,,,
,0.20816327,0.28099174,0.606122449,0.1600215517,0.6408163265,0.1307788421,,,,,,,,,,,,
,0.20612245,0.27900552,0.6040816327,0.1595687332,0.6408163265,0.1308333333,,,,,,,,,,,,
,0.20612245,0.27977839,0.6040816327,0.1596548004,0.6408163265,0.1308878699,,,,,,,,,,,,
,0.20612245,0.28055556,0.6040816327,0.1597409606,0.6408163265,0.130942452,,,,,,,,,,,,
,0.20612245,0.28133705,0.6040816327,0.1598272138,0.6408163265,0.1309970797,,,,,,,,,,,,
,0.20408163,0.28169014,0.6040816327,0.1599135602,0.6408163265,0.1310517529,,,,,,,,,,,,
,0.20408163,0.28248588,0.6040816327,0.16,0.6408163265,0.1311064718,,,,,,,,,,,,
,0.20408163,0.28328612,0.6040816327,0.1600865333,0.6408163265,0.1311612364,,,,,,,,,,,,
,0.20408163,0.28409091,0.6040816327,0.1601731602,0.6408163265,0.1312160468,,,,,,,,,,,,
,0.20408163,0.28490028,0.6040816327,0.1602598809,0.6408163265,0.131270903,,,,,,,,,,,,
,0.20408163,0.28571429,0.6040816327,0.1603466956,0.6408163265,0.1313258051,,,,,,,,,,,,
,0.20204082,0.28366762,0.6040816327,0.1604336043,0.6408163265,0.1313807531,,,,,,,,,,,,
,0.20204082,0.28448276,0.6040816327,0.1605206074,0.6408163265,0.1314357472,,,,,,,,,,,,
,0.20204082,0.28530259,0.6040816327,0.1606077048,0.6408163265,0.1314907873,,,,,,,,,,,,
,0.20204082,0.28612717,0.6040816327,0.1606948969,0.6408163265,0.1315458735,,,,,,,,,,,,
,0.20204082,0.28695652,0.6040816327,0.1607821836,0.6408163265,0.1316010059,,,,,,,,,,,,
,0.2,0.28488372,0.6040816327,0.1608695652,0.6408163265,0.1316561845,,,,,,,,,,,,
,0.2,0.28571429,0.6020408163,0.1605005441,0.6387755102,0.1312919463,,,,,,,,,,,,
,0.2,0.28654971,0.6020408163,0.1605879151,0.6387755102,0.1313470415,,,,,,,,,,,,
,0.2,0.28739003,0.6020408163,0.1606753813,0.6387755102,0.131402183,,,,,,,,,,,,
,0.19795918,0.28613569,0.6020408163,0.1607629428,0.6387755102,0.1314573709,,,,,,,,,,,,
,0.19795918,0.28698225,0.6020408163,0.1608505998,0.6367346939,0.131092437,,,,,,,,,,,,
,0.19795918,0.28783383,0.6020408163,0.1609383524,0.6367346939,0.131147541,,,,,,,,,,,,
,0.19795918,0.28869048,0.6,0.1604803493,0.6367346939,0.1312026913,,,,,,,,,,,,
,0.19795918,0.28955224,0.6,0.1605679956,0.6367346939,0.1312578881,,,,,,,,,,,,
,0.19795918,0.29041916,0.6,0.1606557377,0.6367346939,0.1313131313,,,,,,,,,,,,
,0.19591837,0.28828829,0.6,0.1607435757,0.6367346939,0.1313684211,,,,,,,,,,,,
,0.19591837,0.28915663,0.6,0.1608315098,0.6367346939,0.1314237574,,,,,,,,,,,,
,0.19591837,0.29003021,0.6,0.161007667,0.6367346939,0.1314791403,,,,,,,,,,,,
,0.19591837,0.29090909,0.6,0.1610958904,0.6367346939,0.13153457,,,,,,,,,,,,
,0.19591837,0.29179331,0.6,0.1611842105,0.6367346939,0.1315900464,,,,,,,,,,,,
,0.19591837,0.29268293,0.6,0.1612726275,0.6367346939,0.1316455696,,,,,,,,,,,,
,0.19387755,0.29051988,0.6,0.1613611416,0.6346938776,0.1312790207,,,,,,,,,,,,
,0.19387755,0.29141104,0.6,0.1614497529,0.6346938776,0.1313344595,,,,,,,,,,,,
,0.19387755,0.29230769,0.6,0.1615384615,0.6346938776,0.1313899451,,,,,,,,,,,,
,0.19387755,0.29320988,0.6,0.1616272677,0.6346938776,0.1314454776,,,,,,,,,,,,
,0.19387755,0.29411765,0.6,0.1617161716,0.6346938776,0.1315010571,,,,,,,,,,,,
,0.19387755,0.29503106,0.6,0.1618051734,0.6326530612,0.1311336717,,,,,,,,,,,,
,0.19183673,0.29283489,0.6,0.1618942731,0.6326530612,0.1311891663,,,,,,,,,,,,
,0.19183673,0.29375,0.6,0.1619834711,0.6326530612,0.1312447079,,,,,,,,,,,,
,0.19183673,0.29467085,0.6,0.1620727674,0.6326530612,0.1313002965,,,,,,,,,,,,
,0.19183673,0.29559748,0.6,0.1621621622,0.6326530612,0.1313559322,,,,,,,,,,,,
,0.19183673,0.29652997,0.6,0.1622516556,0.6326530612,0.1314116151,,,,,,,,,,,,
,0.19183673,0.29746835,0.6,0.1623412479,0.6326530612,0.1314673452,,,,,,,,,,,,
,0.19183673,0.2984127,0.6,0.1624309392,0.6326530612,0.1315231226,,,,,,,,,,,,
,0.19183673,0.29936306,0.6,0.1625207297,0.6306122449,0.1311544992,,,,,,,,,,,,
,0.19183673,0.30031949,0.6,0.1626106195,0.6306122449,0.1312101911,,,,,,,,,,,,
,0.19183673,0.30128205,0.6,0.1627006087,0.6306122449,0.1312659303,,,,,,,,,,,,
,0.19183673,0.3022508,0.6,0.1627906977,0.6306122449,0.131321717,,,,,,,,,,,,
,0.19183673,0.30322581,0.6,0.1628808864,0.6285714286,0.130952381,,,,,,,,,,,,
,0.19183673,0.30420712,0.6,0.1629711752,0.6285714286,0.1310080817,,,,,,,,,,,,
,0.19183673,0.30519481,0.6,0.1630615641,0.6285714286,0.1310638298,,,,,,,,,,,,
,0.19183673,0.30618893,0.6,0.1631520533,0.6285714286,0.1311196254,,,,,,,,,,,,
,0.19183673,0.30718954,0.6,0.163242643,0.6285714286,0.1311754685,,,,,,,,,,,,
,0.19183673,0.30819672,0.5979591837,0.1627777778,0.6285714286,0.1312313592,,,,,,,,,,,,
,0.18979592,0.30592105,0.5979591837,0.1628682601,0.6285714286,0.1312872975,,,,,,,,,,,,
,0.18979592,0.30693069,0.5979591837,0.1629588432,0.6285714286,0.1313432836,,,,,,,,,,,,
,0.1877551,0.30463576,0.5959183673,0.162493044,0.6265306122,0.1309726962,,,,,,,,,,,,
,0.1877551,0.30564784,0.5959183673,0.1625835189,0.6265306122,0.1310285958,,,,,,,,,,,,
,0.1877551,0.30666667,0.5959183673,0.1626740947,0.6265306122,0.1310845431,,,,,,,,,,,,
,0.1877551,0.30769231,0.5959183673,0.1627647715,0.6265306122,0.1311405382,,,,,,,,,,,,
,0.1877551,0.30872483,0.5959183673,0.1628555494,0.6265306122,0.1311965812,,,,,,,,,,,,
,0.18571429,0.30743243,0.5959183673,0.1630374093,0.6265306122,0.1312526721,,,,,,,,,,,,
,0.18571429,0.30847458,0.593877551,0.1625698324,0.6265306122,0.1313088109,,,,,,,,,,,,
,0.18571429,0.30952381,0.593877551,0.1627516779,0.6265306122,0.1313649979,,,,,,,,,,,,
,0.18571429,0.3105802,0.593877551,0.1628427532,0.6265306122,0.1314212329,,,,,,,,,,,,
,0.18571429,0.31164384,0.593877551,0.1629339306,0.6265306122,0.1314775161,,,,,,,,,,,,
,0.18571429,0.31271478,0.593877551,0.1631165919,0.6244897959,0.1311053985,,,,,,,,,,,,
,0.18571429,0.3137931,0.593877551,0.1632080763,0.6244897959,0.1311615945,,,,,,,,,,,,
,0.18571429,0.31487889,0.593877551,0.1632996633,0.6244897959,0.1312178388,,,,,,,,,,,,
,0.18571429,0.31597222,0.593877551,0.1633913532,0.6244897959,0.1312741313,,,,,,,,,,,,
,0.18367347,0.31358885,0.593877551,0.1634831461,0.6244897959,0.1313304721,,,,,,,,,,,,
,0.18367347,0.31468531,0.593877551,0.1635750422,0.6224489796,0.1309574925,,,,,,,,,,,,
,0.18163265,0.3122807,0.5918367347,0.1631046119,0.6204081633,0.1305841924,,,,,,,,,,,,
,0.18163265,0.31338028,0.5897959184,0.1626336522,0.6204081633,0.1306403094,,,,,,,,,,,,
,0.18163265,0.31448763,0.5897959184,0.1627252252,0.6204081633,0.1306964746,,,,,,,,,,,,
,0.18163265,0.31672598,0.587755102,0.1622535211,0.6204081633,0.1307526882,,,,,,,,,,,,
,0.18163265,0.31785714,0.587755102,0.1623449831,0.6204081633,0.1308089501,,,,,,,,,,,,
,0.18163265,0.31899642,0.587755102,0.1624365482,0.6204081633,0.1308652604,,,,,,,,,,,,
,0.18163265,0.32014388,0.587755102,0.1625282167,0.6204081633,0.1309216193,,,,,,,,,,,,
,0.17959184,0.31768953,0.587755102,0.1626199887,0.6204081633,0.1309780267,,,,,,,,,,,,
,0.17346939,0.3125,0.587755102,0.1627118644,0.6204081633,0.1310344828,,,,,,,,,,,,
,0.17346939,0.31365314,0.587755102,0.162803844,0.6204081633,0.1310909875,,,,,,,,,,,,
,0.17142857,0.31111111,0.587755102,0.1628959276,0.6204081633,0.131147541,,,,,,,,,,,,
,0.17142857,0.31226766,0.587755102,0.1629881154,0.6204081633,0.1312041433,,,,,,,,,,,,
,0.17142857,0.31343284,0.587755102,0.1630804077,0.6204081633,0.1312607945,,,,,,,,,,,,
,0.17142857,0.31460674,0.587755102,0.1631728045,0.6183673469,0.1308855292,,,,,,,,,,,,
,0.16938776,0.31203008,0.587755102,0.1633579126,0.6183673469,0.1309420916,,,,,,,,,,,,
,0.16938776,0.31320755,0.587755102,0.1634506243,0.6183673469,0.130998703,,,,,,,,,,,,
,0.16938776,0.31439394,0.587755102,0.1635434412,0.6183673469,0.1310553633,,,,,,,,,,,,
,0.16938776,0.31558935,0.587755102,0.1636363636,0.6183673469,0.1311120727,,,,,,,,,,,,
,0.16938776,0.31679389,0.587755102,0.1637293917,0.6183673469,0.1311688312,,,,,,,,,,,,
,0.16938776,0.31800766,0.587755102,0.1638225256,0.6183673469,0.1312256388,,,,,,,,,,,,
,0.16938776,0.31923077,0.587755102,0.1640091116,0.6183673469,0.1312824957,,,,,,,,,,,,
,0.16938776,0.32170543,0.587755102,0.1641025641,0.6163265306,0.1309059384,,,,,,,,,,,,
,0.16938776,0.33067729,0.587755102,0.1641961231,0.6163265306,0.130962706,,,,,,,,,,,,
,0.16938776,0.332,0.587755102,0.1642897889,0.6163265306,0.1310195228,,,,,,,,,,,,
,0.16734694,0.32931727,0.587755102,0.1643835616,0.6163265306,0.1310763889,,,,,,,,,,,,
,0.16734694,0.33469388,0.587755102,0.1645714286,0.6163265306,0.1311333044,,,,,,,,,,,,
,0.16734694,0.33606557,0.5857142857,0.1640937679,0.6142857143,0.1307558645,,,,,,,,,,,,
,0.16734694,0.33744856,0.5857142857,0.164187643,0.6142857143,0.1308126901,,,,,,,,,,,,
,0.16734694,0.33884298,0.5857142857,0.1642816256,0.6142857143,0.1308695652,,,,,,,,,,,,
,0.16530612,0.33609959,0.5857142857,0.1643757159,0.6142857143,0.1309264898,,,,,,,,,,,,
,0.16530612,0.34033613,0.5857142857,0.164469914,0.6142857143,0.1309834639,,,,,,,,,,,,
,0.16530612,0.34177215,0.5857142857,0.1645642202,0.6142857143,0.1310404876,,,,,,,,,,,,
,0.16530612,0.34322034,0.5857142857,0.1646586345,0.6142857143,0.131097561,,,,,,,,,,,,
,0.16530612,0.34468085,0.5857142857,0.1647531573,0.612244898,0.1307189542,,,,,,,,,,,,
,0.16530612,0.34615385,0.5857142857,0.1648477886,0.612244898,0.1307759372,,,,,,,,,,,,
,0.16530612,0.34763948,0.5857142857,0.1650373778,0.612244898,0.1308329699,,,,,,,,,,,,
,0.16530612,0.34913793,0.5857142857,0.165132336,0.612244898,0.1308900524,,,,,,,,,,,,
,0.16530612,0.35064935,0.5836734694,0.1646516983,0.612244898,0.1309471846,,,,,,,,,,,,
,0.16530612,0.35217391,0.5836734694,0.1647465438,0.612244898,0.1310043668,,,,,,,,,,,,
,0.16530612,0.35371179,0.5836734694,0.1648414986,0.612244898,0.131061599,,,,,,,,,,,,
,0.16530612,0.35526316,0.5836734694,0.1649365629,0.6102040816,0.1306818182,,,,,,,,,,,,
,0.16530612,0.35840708,0.5836734694,0.1650317369,0.6102040816,0.1307389593,,,,,,,,,,,,
,0.16530612,0.36,0.5836734694,0.1651270208,0.6102040816,0.1307961505,,,,,,,,,,,,
,0.16326531,0.35874439,0.5836734694,0.1652224148,0.6102040816,0.1308533917,,,,,,,,,,,,
,0.16326531,0.36036036,0.5836734694,0.1653179191,0.6102040816,0.130910683,,,,,,,,,,,,
,0.16122449,0.35746606,0.5836734694,0.1654135338,0.6102040816,0.1309680245,,,,,,,,,,,,
,0.15918367,0.35454545,0.5836734694,0.1655092593,0.6102040816,0.1310254163,,,,,,,,,,,,
,0.15918367,0.35616438,0.5836734694,0.1656050955,0.6102040816,0.1310828584,,,,,,,,,,,,
,0.15918367,0.35779817,0.5836734694,0.1657010429,0.6102040816,0.1311403509,,,,,,,,,,,,
,0.15714286,0.35483871,0.5836734694,0.1657971014,0.6102040816,0.1311978938,,,,,,,,,,,,
,0.15714286,0.35813953,0.5836734694,0.1658932715,0.6102040816,0.1312554873,,,,,,,,,,,,
,0.15510204,0.35514019,0.5836734694,0.1659895531,0.6081632653,0.130873957,,,,,,,,,,,,
,0.15510204,0.35680751,0.5836734694,0.1660859466,0.606122449,0.1304920914,,,,,,,,,,,,
,0.15510204,0.35849057,0.5836734694,0.1661824521,0.606122449,0.1305494505,,,,,,,,,,,,
,0.15510204,0.36018957,0.5836734694,0.1662790698,0.606122449,0.1306068602,,,,,,,,,,,,
,0.15306122,0.35714286,0.5836734694,0.1663757999,0.606122449,0.1306643203,,,,,,,,,,,,
,0.15306122,0.36057692,0.5836734694,0.1664726426,0.606122449,0.130721831,,,,,,,,,,,,
,0.15306122,0.36231884,0.5816326531,0.1660839161,0.606122449,0.1307793923,,,,,,,,,,,,
,0.15306122,0.36407767,0.5816326531,0.166180758,0.606122449,0.1308370044,,,,,,,,,,,,
,0.15306122,0.36585366,0.5816326531,0.166277713,0.606122449,0.1308946673,,,,,,,,,,,,
,0.15306122,0.36764706,0.5795918367,0.1657910099,0.606122449,0.130952381,,,,,,,,,,,,
,0.15306122,0.36945813,0.5795918367,0.1658878505,0.606122449,0.1310101456,,,,,,,,,,,,
,0.15306122,0.375,0.5795918367,0.1659848042,0.606122449,0.1310679612,,,,,,,,,,,,
,0.15306122,0.37688442,0.5795918367,0.1660818713,0.606122449,0.1311258278,,,,,,,,,,,,
,0.15306122,0.37878788,0.5775510204,0.1655939146,0.606122449,0.1311837456,,,,,,,,,,,,
,0.15306122,0.38071066,0.5775510204,0.1656908665,0.606122449,0.1312417145,,,,,,,,,,,,
,0.15306122,0.38265306,0.5775510204,0.1658851114,0.606122449,0.1312997347,,,,,,,,,,,,
,0.15306122,0.38461538,0.5775510204,0.1659824047,0.606122449,0.1313578063,,,,,,,,,,,,
,0.15306122,0.38659794,0.5755102041,0.1654929577,0.606122449,0.1314159292,,,,,,,,,,,,
,0.15306122,0.38860104,0.5755102041,0.1656874266,0.606122449,0.1314741036,,,,,,,,,,,,
,0.15306122,0.390625,0.5755102041,0.1657848325,0.606122449,0.1315323295,,,,,,,,,,,,
,0.15102041,0.38743455,0.5755102041,0.1658823529,0.606122449,0.131590607,,,,,,,,,,,,
,0.15102041,0.38947368,0.5755102041,0.1659799882,0.6040816327,0.1312056738,,,,,,,,,,,,
,0.14897959,0.38624339,0.5755102041,0.1660777385,0.6040816327,0.1312638581,,,,,,,,,,,,
,0.14897959,0.38829787,0.5755102041,0.166175604,0.6040816327,0.1313220941,,,,,,,,,,,,
,0.14693878,0.38502674,0.5755102041,0.1662735849,0.6040816327,0.1313803817,,,,,,,,,,,,
,0.14693878,0.38709677,0.5755102041,0.1663716814,0.6040816327,0.1314387211,,,,,,,,,,,,
,0.14693878,0.38918919,0.5755102041,0.1664698937,0.6040816327,0.1314971124,,,,,,,,,,,,
,0.14489796,0.38586957,0.5755102041,0.1665682221,0.6020408163,0.1311111111,,,,,,,,,,,,
,0.14285714,0.38251366,0.5755102041,0.1666666667,0.6020408163,0.1311694086,,,,,,,,,,,,
,0.14285714,0.38461538,0.5755102041,0.1667652277,0.6020408163,0.131227758,,,,,,,,,,,,
,0.14285714,0.38674033,0.5734693878,0.1662721893,0.6020408163,0.1312861593,,,,,,,,,,,,
,0.14285714,0.38888889,0.5734693878,0.1663706335,0.6020408163,0.1313446126,,,,,,,,,,,,
,0.14081633,0.38547486,0.5734693878,0.1664691943,0.6020408163,0.131403118,,,,,,,,,,,,
,0.14081633,0.38983051,0.5734693878,0.166567872,0.6020408163,0.1314616756,,,,,,,,,,,,
,0.14081633,0.39204545,0.5734693878,0.1666666667,0.6,0.1310744539,,,,,,,,,,,,
,0.14081633,0.39428571,0.5734693878,0.1667655786,0.6,0.131132917,,,,,,,,,,,,
,0.13673469,0.38728324,0.5734693878,0.1668646081,0.5979591837,0.130745203,,,,,,,,,,,,
,0.13673469,0.38953488,0.5734693878,0.1669637552,0.5979591837,0.1308035714,,,,,,,,,,,,
,0.13469388,0.38596491,0.5714285714,0.1664684899,0.5979591837,0.130861992,,,,,,,,,,,,
,0.13265306,0.38235294,0.5693877551,0.1660714286,0.5979591837,0.1309204647,,,,,,,,,,,,
,0.13265306,0.38461538,0.5693877551,0.1661703395,0.5979591837,0.1309789897,,,,,,,,,,,,
,0.13265306,0.38690476,0.5693877551,0.1662693683,0.5979591837,0.1310375671,,,,,,,,,,,,
,0.13061224,0.38323353,0.5693877551,0.1663685152,0.5959183673,0.1306487696,,,,,,,,,,,,
,0.13061224,0.38554217,0.5693877551,0.1664677804,0.5959183673,0.1307072516,,,,,,,,,,,,
,0.13061224,0.38787879,0.5693877551,0.1665671642,0.593877551,0.1303179579,,,,,,,,,,,,
,0.13061224,0.3902439,0.5693877551,0.1666666667,0.593877551,0.1303763441,,,,,,,,,,,,
,0.13061224,0.39263804,0.5693877551,0.1667662881,0.5918367347,0.1299865531,,,,,,,,,,,,
,0.13061224,0.39506173,0.5693877551,0.1668660287,0.5918367347,0.130044843,,,,,,,,,,,,
,0.13061224,0.39751553,0.5693877551,0.1669658887,0.5918367347,0.1301031853,,,,,,,,,,,,
,0.13061224,0.4,0.5693877551,0.1670658683,0.5918367347,0.1301615799,,,,,,,,,,,,
,0.13061224,0.40251572,0.5693877551,0.1671659676,0.5918367347,0.1302200269,,,,,,,,,,,,
,0.13061224,0.40506329,0.5693877551,0.1672661871,0.5918367347,0.1302785265,,,,,,,,,,,,
,0.13061224,0.40764331,0.5673469388,0.1667666467,0.5918367347,0.1303370787,,,,,,,,,,,,
,0.12857143,0.40384615,0.5673469388,0.1668667467,0.5918367347,0.1303956835,,,,,,,,,,,,
,0.12653061,0.4,0.5673469388,0.166966967,0.5918367347,0.130454341,,,,,,,,,,,,
,0.12653061,0.4025974,0.5673469388,0.1670673077,0.5918367347,0.1305130513,,,,,,,,,,,,
,0.1244898,0.39869281,0.5673469388,0.1671677691,0.5918367347,0.1305718145,,,,,,,,,,,,
,0.1244898,0.40131579,0.5653061224,0.1666666667,0.5918367347,0.1306306306,,,,,,,,,,,,
,0.1244898,0.40397351,0.5653061224,0.1667670078,0.5918367347,0.1306894998,,,,,,,,,,,,
,0.1244898,0.40666667,0.5632653061,0.1662650602,0.5918367347,0.130748422,,,,,,,,,,,,
,0.12244898,0.40268456,0.5632653061,0.1663652803,0.5918367347,0.1308073974,,,,,,,,,,,,
,0.12244898,0.40540541,0.5632653061,0.1664656212,0.5918367347,0.130866426,,,,,,,,,,,,
,0.12040816,0.40972222,0.5632653061,0.1665660833,0.5918367347,0.1309255079,,,,,,,,,,,,
,0.12040816,0.41258741,0.5632653061,0.1666666667,0.5918367347,0.1309846432,,,,,,,,,,,,
,0.11836735,0.4084507,0.5612244898,0.166163142,0.5918367347,0.1310438319,,,,,,,,,,,,
,0.11836735,0.41134752,0.5612244898,0.1662636034,0.5918367347,0.1311030741,,,,,,,,,,,,
,0.11836735,0.41428571,0.5612244898,0.1663641863,0.5918367347,0.13116237,,,,,,,,,,,,
,0.11836735,0.41726619,0.5612244898,0.166464891,0.5918367347,0.1312217195,,,,,,,,,,,,
,0.11632653,0.41304348,0.5612244898,0.1665657177,0.5918367347,0.1312811227,,,,,,,,,,,,
,0.11632653,0.41605839,0.5612244898,0.1666666667,0.5918367347,0.1313405797,,,,,,,,,,,,
,0.11632653,0.41911765,0.5612244898,0.166767738,0.5918367347,0.1314000906,,,,,,,,,,,,
,0.11632653,0.42222222,0.5612244898,0.166868932,0.5918367347,0.1314596555,,,,,,,,,,,,
,0.11632653,0.42537313,0.5612244898,0.1669702489,0.5918367347,0.1315192744,,,,,,,,,,,,
,0.11632653,0.42857143,0.5591836735,0.1664641555,0.5918367347,0.1315789474,,,,,,,,,,,,
,0.11428571,0.42424242,0.5591836735,0.1665653495,0.5918367347,0.1316386745,,,,,,,,,,,,
,0.11428571,0.42748092,0.5591836735,0.1666666667,0.5918367347,0.1316984559,,,,,,,,,,,,
,0.11428571,0.43410853,0.5591836735,0.1667681071,0.5918367347,0.1317582917,,,,,,,,,,,,
,0.11428571,0.4375,0.5591836735,0.1668696711,0.5918367347,0.1318181818,,,,,,,,,,,,
,0.11428571,0.44094488,0.5591836735,0.1669713589,0.5918367347,0.1318781264,,,,,,,,,,,,
,0.1122449,0.43650794,0.5591836735,0.1670731707,0.5918367347,0.1319381256,,,,,,,,,,,,
,0.11020408,0.432,0.5591836735,0.1671751068,0.5918367347,0.1319981793,,,,,,,,,,,,
,0.11020408,0.43548387,0.5591836735,0.1672771673,0.5918367347,0.1320582878,,,,,,,,,,,,
,0.11020408,0.43902439,0.5591836735,0.1673793525,0.5918367347,0.132118451,,,,,,,,,,,,
,0.10816327,0.43442623,0.5591836735,0.1674816626,0.5918367347,0.1321786691,,,,,,,,,,,,
,0.10612245,0.42975207,0.5591836735,0.1675840979,0.5918367347,0.1322389421,,,,,,,,,,,,
,0.10612245,0.43333333,0.5571428571,0.1670746634,0.5918367347,0.1322992701,,,,,,,,,,,,
,0.10612245,0.43697479,0.5571428571,0.1671769749,0.5918367347,0.1323596531,,,,,,,,,,,,
,0.10408163,0.43220339,0.5571428571,0.1673819742,0.5918367347,0.1324200913,,,,,,,,,,,,
,0.10408163,0.43589744,0.5571428571,0.1674846626,0.5918367347,0.1324805847,,,,,,,,,,,,
,0.10408163,0.43965517,0.5571428571,0.167587477,0.5918367347,0.1325411335,,,,,,,,,,,,
,0.10408163,0.44347826,0.5571428571,0.1676904177,0.5918367347,0.1326017375,,,,,,,,,,,,
,0.10204082,0.43859649,0.5571428571,0.1677934849,0.5918367347,0.1326623971,,,,,,,,,,,,
,0.1,0.43362832,0.5571428571,0.167896679,0.5918367347,0.1327231121,,,,,,,,,,,,
,0.1,0.4375,0.5571428571,0.168,0.5918367347,0.1327838828,,,,,,,,,,,,
,0.1,0.44545455,0.5571428571,0.1681034483,0.5918367347,0.1328447091,,,,,,,,,,,,
,0.1,0.44954128,0.5571428571,0.168207024,0.5918367347,0.1329055912,,,,,,,,,,,,
,0.09795918,0.44444444,0.5571428571,0.1683107275,0.5918367347,0.1329665291,,,,,,,,,,,,
,0.09795918,0.44859813,0.5571428571,0.1684145589,0.5918367347,0.1330275229,,,,,,,,,,,,
,0.09795918,0.45283019,0.5571428571,0.1685185185,0.5918367347,0.1330885727,,,,,,,,,,,,
,0.09795918,0.45714286,0.5571428571,0.1686226065,0.5897959184,0.1326905418,,,,,,,,,,,,
,0.09591837,0.45192308,0.5571428571,0.1687268232,0.5897959184,0.1327514929,,,,,,,,,,,,
,0.09591837,0.45631068,0.5571428571,0.1688311688,0.5897959184,0.1328125,,,,,,,,,,,,
,0.09591837,0.46078431,0.5571428571,0.1689356436,0.5897959184,0.1328735632,,,,,,,,,,,,
,0.09591837,0.46534653,0.5571428571,0.1690402477,0.5897959184,0.1329346826,,,,,,,,,,,,
,0.09591837,0.47,0.5571428571,0.1691449814,0.5897959184,0.1329958583,,,,,,,,,,,,
,0.09387755,0.46464646,0.5571428571,0.169249845,0.5897959184,0.1330570902,,,,,,,,,,,,
,0.09183673,0.45918367,0.5571428571,0.1693548387,0.5897959184,0.1331183786,,,,,,,,,,,,
,0.08979592,0.45360825,0.5571428571,0.1694599628,0.5897959184,0.1331797235,,,,,,,,,,,,
,0.08979592,0.45833333,0.5551020408,0.1689440994,0.5897959184,0.1332411249,,,,,,,,,,,,
,0.0877551,0.45263158,0.5551020408,0.1690490988,0.5897959184,0.133302583,,,,,,,,,,,,
,0.08571429,0.44680851,0.5551020408,0.1691542289,0.5897959184,0.1333640978,,,,,,,,,,,,
,0.08571429,0.4516129,0.5530612245,0.1686372122,0.587755102,0.1329639889,,,,,,,,,,,,
,0.08571429,0.45652174,0.5530612245,0.1687422167,0.587755102,0.1330254042,,,,,,,,,,,,
,0.08571429,0.46153846,0.5530612245,0.168847352,0.587755102,0.1330868762,,,,,,,,,,,,
,0.08367347,0.45555556,0.5530612245,0.1689526185,0.587755102,0.133148405,,,,,,,,,,,,
,0.08163265,0.4494382,0.5530612245,0.1690580162,0.587755102,0.1332099907,,,,,,,,,,,,
,0.08163265,0.45454545,0.5530612245,0.1691635456,0.587755102,0.1332716335,,,,,,,,,,,,
,0.08163265,0.45977011,0.5530612245,0.1692692067,0.587755102,0.1333333333,,,,,,,,,,,,
,0.07959184,0.45348837,0.5530612245,0.169375,0.587755102,0.1333950903,,,,,,,,,,,,
,0.07755102,0.44705882,0.5530612245,0.1694809256,0.587755102,0.1334569045,,,,,,,,,,,,
,0.07755102,0.45238095,0.5530612245,0.1695869837,0.587755102,0.1335187761,,,,,,,,,,,,
,0.0755102,0.44578313,0.5530612245,0.1696931747,0.587755102,0.133580705,,,,,,,,,,,,
,0.07346939,0.43902439,0.5530612245,0.1697994987,0.587755102,0.1336426914,,,,,,,,,,,,
,0.07142857,0.43209877,0.5530612245,0.1699059561,0.5857142857,0.1332404828,,,,,,,,,,,,
,0.06938776,0.425,0.5530612245,0.1700125471,0.5836734694,0.1328379006,,,,,,,,,,,,
,0.06938776,0.43037975,0.5530612245,0.1701192718,0.5836734694,0.1328996283,,,,,,,,,,,,
,0.06734694,0.42307692,0.5530612245,0.1702261307,0.5836734694,0.1329614133,,,,,,,,,,,,
,0.06530612,0.42666667,0.5530612245,0.1703331238,0.5836734694,0.1330232558,,,,,,,,,,,,
,0.06530612,0.43243243,0.5530612245,0.1704402516,0.5836734694,0.1330851559,,,,,,,,,,,,
,0.06530612,0.43835616,0.5530612245,0.1705475142,0.5836734694,0.1331471136,,,,,,,,,,,,
,0.06530612,0.44444444,0.5530612245,0.1706549118,0.5836734694,0.133209129,,,,,,,,,,,,
,0.06326531,0.43661972,0.5530612245,0.1707624449,0.5836734694,0.1332712022,,,,,,,,,,,,
,0.06326531,0.44285714,0.5530612245,0.1708701135,0.5816326531,0.1328671329,,,,,,,,,,,,
,0.06122449,0.43478261,0.5530612245,0.170977918,0.5816326531,0.1329291045,,,,,,,,,,,,
,0.06122449,0.44117647,0.5530612245,0.1710858586,0.5816326531,0.1329911339,,,,,,,,,,,,
,0.05918367,0.43283582,0.5530612245,0.1711939356,0.5816326531,0.1330532213,,,,,,,,,,,,
,0.05918367,0.43939394,0.5530612245,0.1713021492,0.5816326531,0.1331153667,,,,,,,,,,,,
,0.05918367,0.44615385,0.5530612245,0.1714104997,0.5816326531,0.1331775701,,,,,,,,,,,,
,0.05714286,0.4375,0.5530612245,0.1715189873,0.5795918367,0.1327723235,,,,,,,,,,,,
,0.05510204,0.42857143,0.5530612245,0.1716276124,0.5795918367,0.1328344247,,,,,,,,,,,,
,0.05510204,0.43548387,0.5510204082,0.1711026616,0.5795918367,0.132896584,,,,,,,,,,,,
,0.05510204,0.44262295,0.5510204082,0.1712111604,0.5795918367,0.1329588015,,,,,,,,,,,,
,0.05306122,0.43333333,0.5510204082,0.171319797,0.5795918367,0.1330210773,,,,,,,,,,,,
,0.05306122,0.44067797,0.5510204082,0.1714285714,0.5795918367,0.1330834114,,,,,,,,,,,,
,0.05102041,0.43103448,0.5510204082,0.1715374841,0.5775510204,0.1326769808,,,,,,,,,,,,
,0.05102041,0.43859649,0.5510204082,0.1716465353,0.5775510204,0.132739212,,,,,,,,,,,,
,0.04897959,0.42857143,0.5489795918,0.1711195929,0.5775510204,0.1328015016,,,,,,,,,,,,
,0.04897959,0.43636364,0.5489795918,0.1712285169,0.5775510204,0.1328638498,,,,,,,,,,,,
,0.04897959,0.44444444,0.5489795918,0.1713375796,0.5775510204,0.1329262565,,,,,,,,,,,,
,0.04897959,0.45283019,0.5489795918,0.1714467814,0.5775510204,0.1329887218,,,,,,,,,,,,
,0.04897959,0.46153846,0.5469387755,0.171027441,0.5775510204,0.1330512459,,,,,,,,,,,,
,0.04897959,0.47058824,0.5469387755,0.1711366539,0.5775510204,0.1331138288,,,,,,,,,,,,
,0.04897959,0.48,0.5469387755,0.1712460064,0.5755102041,0.1327058824,,,,,,,,,,,,
,0.04693878,0.46938776,0.5469387755,0.1713554987,0.5755102041,0.1327683616,,,,,,,,,,,,
,0.04489796,0.45833333,0.5469387755,0.1714651312,0.5755102041,0.1328308997,,,,,,,,,,,,
,0.04489796,0.46808511,0.5469387755,0.171574904,0.5755102041,0.1328934967,,,,,,,,,,,,
,0.04489796,0.48888889,0.5469387755,0.1716848174,0.5755102041,0.1329561528,,,,,,,,,,,,
,0.04285714,0.47727273,0.5448979592,0.1711538462,0.5755102041,0.1330188679,,,,,,,,,,,,
,0.04285714,0.48837209,0.5448979592,0.1712636305,0.5755102041,0.1330816423,,,,,,,,,,,,
,0.04081633,0.47619048,0.5448979592,0.1713735558,0.5734693878,0.1326723324,,,,,,,,,,,,
,0.04081633,0.48780488,0.5448979592,0.1714836224,0.5734693878,0.1327350024,,,,,,,,,,,,
,0.04081633,0.5,0.5448979592,0.1715938303,0.5734693878,0.1327977316,,,,,,,,,,,,
,0.03877551,0.48717949,0.5448979592,0.1717041801,0.5734693878,0.1328605201,,,,,,,,,,,,
,0.03673469,0.47368421,0.5448979592,0.1718146718,0.5714285714,0.1324503311,,,,,,,,,,,,
,0.03469388,0.45945946,0.5448979592,0.1719253059,0.5714285714,0.1325130147,,,,,,,,,,,,
,0.03469388,0.47222222,0.5448979592,0.1720360825,0.5714285714,0.1325757576,,,,,,,,,,,,
,0.03469388,0.48571429,0.5448979592,0.1721470019,0.5714285714,0.1326385599,,,,,,,,,,,,
,0.03265306,0.47058824,0.5448979592,0.1723692705,0.5714285714,0.1327014218,,,,,,,,,,,,
,0.03061224,0.45454545,0.5448979592,0.1724806202,0.5714285714,0.1327643433,,,,,,,,,,,,
,0.02857143,0.4375,0.5448979592,0.1725921138,0.5714285714,0.1328273245,,,,,,,,,,,,
,0.02653061,0.41935484,0.5448979592,0.1727037516,0.5714285714,0.1328903654,,,,,,,,,,,,
,0.02653061,0.43333333,0.5448979592,0.172815534,0.5714285714,0.1329534663,,,,,,,,,,,,
,0.02653061,0.44827586,0.5448979592,0.1729274611,0.5693877551,0.1325415677,,,,,,,,,,,,
,0.02653061,0.46428571,0.5448979592,0.1730395334,0.5693877551,0.1326045627,,,,,,,,,,,,
,0.0244898,0.44444444,0.5448979592,0.173151751,0.5693877551,0.1326676177,,,,,,,,,,,,
,0.0244898,0.46153846,0.5448979592,0.1732641142,0.5693877551,0.1327307326,,,,,,,,,,,,
,0.02244898,0.44,0.5428571429,0.1727272727,0.5693877551,0.1327939077,,,,,,,,,,,,
,0.02244898,0.45833333,0.5408163265,0.1723016905,0.5693877551,0.1328571429,,,,,,,,,,,,
,0.02040816,0.43478261,0.5408163265,0.1724137931,0.5693877551,0.1329204383,,,,,,,,,,,,
,0.02040816,0.45454545,0.5408163265,0.1725260417,0.5693877551,0.1329837941,,,,,,,,,,,,
,0.02040816,0.47619048,0.5408163265,0.1726384365,0.5693877551,0.1330472103,,,,,,,,,,,,
,0.01836735,0.45,0.5408163265,0.1727509778,0.5693877551,0.133110687,,,,,,,,,,,,
,0.01836735,0.47368421,0.5408163265,0.172863666,0.5693877551,0.1331742243,,,,,,,,,,,,
,0.01632653,0.44444444,0.5408163265,0.1729765013,0.5693877551,0.1332378223,,,,,,,,,,,,
,0.01632653,0.47058824,0.5408163265,0.173089484,0.5673469388,0.132823698,,,,,,,,,,,,
,0.01428571,0.4375,0.5387755102,0.1725490196,0.5673469388,0.1328871893,,,,,,,,,,,,
,0.0122449,0.4,0.5387755102,0.1727748691,0.5673469388,0.1329507413,,,,,,,,,,,,
,0.01020408,0.35714286,0.5387755102,0.1728880157,0.5673469388,0.1330143541,,,,,,,,,,,,
,0.01020408,0.38461538,0.5387755102,0.1730013106,0.5673469388,0.1330780278,,,,,,,,,,,,
,0.01020408,0.41666667,0.5387755102,0.1731147541,0.5673469388,0.1331417625,,,,,,,,,,,,
,0.01020408,0.45454545,0.5387755102,0.1732283465,0.5673469388,0.1332055582,,,,,,,,,,,,
,0.00816327,0.4,0.5387755102,0.173342088,0.5673469388,0.1332694151,,,,,,,,,,,,
,0.00816327,0.44444444,0.5387755102,0.173455979,0.5673469388,0.1333333333,,,,,,,,,,,,
,0.00612245,0.375,0.5387755102,0.1735700197,0.5673469388,0.1333973129,,,,,,,,,,,,
,0.00612245,0.42857143,0.5387755102,0.1736842105,0.5673469388,0.1334613538,,,,,,,,,,,,
,0.00408163,0.33333333,0.5387755102,0.1737985517,0.5673469388,0.1335254563,,,,,,,,,,,,
,0.00204082,0.25,0.5387755102,0.1739130435,0.5673469388,0.1335896204,,,,,,,,,,,,
,0.00204082,0.33333333,0.5387755102,0.1740276862,0.5673469388,0.1336538462,,,,,,,,,,,,
,0.00204082,0.5,0.5387755102,0.1741424802,0.5653061224,0.1332371332,,,,,,,,,,,,
,0.00204082,1,0.5387755102,0.1742574257,0.5653061224,0.1333012512,,,,,,,,,,,,
,0,1,0.5367346939,0.1737120211,0.5632653061,0.1328839673,,,,,,,,,,,,
,,,0.5367346939,0.1738268341,0.5612244898,0.1324662813,,,,,,,,,,,,
,,,0.5346938776,0.1732804233,0.5591836735,0.1320481928,,,,,,,,,,,,
,,,0.5346938776,0.1733951026,0.5591836735,0.1321118611,,,,,,,,,,,,
,,,0.5346938776,0.1735099338,0.5591836735,0.1321755909,,,,,,,,,,,,
,,,0.5346938776,0.1736249172,0.5591836735,0.1322393822,,,,,,,,,,,,
,,,0.5346938776,0.1737400531,0.5591836735,0.1323032352,,,,,,,,,,,,
,,,0.5346938776,0.1738553417,0.5591836735,0.1323671498,,,,,,,,,,,,
,,,0.5346938776,0.1739707835,0.5591836735,0.1324311261,,,,,,,,,,,,
,,,0.5346938776,0.1740863787,0.5591836735,0.1324951644,,,,,,,,,,,,
,,,0.5346938776,0.1742021277,0.5591836735,0.1325592646,,,,,,,,,,,,
,,,0.5346938776,0.1743180306,0.5591836735,0.1326234269,,,,,,,,,,,,
,,,0.5346938776,0.1744340879,0.5591836735,0.1326876513,,,,,,,,,,,,
,,,0.5346938776,0.1745502998,0.5591836735,0.132751938,,,,,,,,,,,,
,,,0.5346938776,0.1746666667,0.5591836735,0.132816287,,,,,,,,,,,,
,,,0.5346938776,0.1747831888,0.5591836735,0.1328806984,,,,,,,,,,,,
,,,0.5346938776,0.1748998665,0.5591836735,0.1329451722,,,,,,,,,,,,
,,,0.5346938776,0.1750167001,0.5591836735,0.1330097087,,,,,,,,,,,,
,,,0.5326530612,0.1744652406,0.5591836735,0.1330743079,,,,,,,,,,,,
,,,0.5326530612,0.1745819398,0.5591836735,0.1331389699,,,,,,,,,,,,
,,,0.5326530612,0.1746987952,0.5571428571,0.1327175498,,,,,,,,,,,,
,,,0.5326530612,0.1748158071,0.5551020408,0.1322957198,,,,,,,,,,,,
,,,0.5326530612,0.1749329759,0.5551020408,0.1323600973,,,,,,,,,,,,
,,,0.5326530612,0.1750503018,0.5551020408,0.1324245375,,,,,,,,,,,,
,,,0.5306122449,0.1744966443,0.5551020408,0.1324890404,,,,,,,,,,,,
,,,0.5306122449,0.1746138348,0.5551020408,0.1325536062,,,,,,,,,,,,
,,,0.5306122449,0.1747311828,0.5551020408,0.132618235,,,,,,,,,,,,
,,,0.5306122449,0.1748486886,0.5551020408,0.1326829268,,,,,,,,,,,,
,,,0.5306122449,0.1749663526,0.5551020408,0.1327476818,,,,,,,,,,,,
,,,0.5306122449,0.1750841751,0.5551020408,0.1328125,,,,,,,,,,,,
,,,0.5306122449,0.1752021563,0.5530612245,0.1323888617,,,,,,,,,,,,
,,,0.5306122449,0.1753202967,0.5530612245,0.1324535679,,,,,,,,,,,,
,,,0.5306122449,0.1754385965,0.5530612245,0.1325183374,,,,,,,,,,,,
,,,0.5306122449,0.175557056,0.5510204082,0.1320939335,,,,,,,,,,,,
,,,0.5306122449,0.1756756757,0.5510204082,0.1321585903,,,,,,,,,,,,
,,,0.5306122449,0.1757944557,0.5510204082,0.1322233105,,,,,,,,,,,,
,,,0.5306122449,0.1759133965,0.5510204082,0.1322880941,,,,,,,,,,,,
,,,0.5285714286,0.1753554502,0.5510204082,0.1323529412,,,,,,,,,,,,
,,,0.5265306122,0.174796748,0.5510204082,0.1324178519,,,,,,,,,,,,
,,,0.5265306122,0.1749152542,0.5510204082,0.1324828263,,,,,,,,,,,,
,,,0.5265306122,0.1750339213,0.5510204082,0.1325478645,,,,,,,,,,,,
,,,0.5265306122,0.1751527495,0.5510204082,0.1326129666,,,,,,,,,,,,
,,,0.5265306122,0.1752717391,0.5510204082,0.1326781327,,,,,,,,,,,,
,,,0.5265306122,0.1753908906,0.5510204082,0.1327433628,,,,,,,,,,,,
,,,0.5265306122,0.1755102041,0.5510204082,0.1328086572,,,,,,,,,,,,
,,,0.5265306122,0.1756296801,0.5510204082,0.1328740157,,,,,,,,,,,,
,,,0.5265306122,0.1757493188,0.5510204082,0.1329394387,,,,,,,,,,,,
,,,0.5265306122,0.1758691207,0.5510204082,0.1330049261,,,,,,,,,,,,
,,,0.5265306122,0.1759890859,0.5510204082,0.1330704781,,,,,,,,,,,,
,,,0.5265306122,0.176109215,0.5510204082,0.1331360947,,,,,,,,,,,,
,,,0.5265306122,0.1762295082,0.5510204082,0.133201776,,,,,,,,,,,,
,,,0.5265306122,0.1763499658,0.5510204082,0.1332675222,,,,,,,,,,,,
,,,0.5265306122,0.1764705882,0.5489795918,0.1328395062,,,,,,,,,,,,
,,,0.5265306122,0.1765913758,0.5489795918,0.1329051383,,,,,,,,,,,,
,,,0.5265306122,0.1767123288,0.5489795918,0.1329708354,,,,,,,,,,,,
,,,0.5265306122,0.1768334476,0.5489795918,0.1330365974,,,,,,,,,,,,
,,,0.5265306122,0.1769547325,0.5489795918,0.1331024245,,,,,,,,,,,,
,,,0.5265306122,0.1770761839,0.5489795918,0.1331683168,,,,,,,,,,,,
,,,0.5244897959,0.176510989,0.5469387755,0.1327389797,,,,,,,,,,,,
,,,0.5244897959,0.1766323024,0.5469387755,0.1328047572,,,,,,,,,,,,
,,,0.5244897959,0.1767537827,0.5469387755,0.1328705999,,,,,,,,,,,,
,,,0.5244897959,0.1768754301,0.5469387755,0.1329365079,,,,,,,,,,,,
,,,0.5244897959,0.1769972452,0.5469387755,0.1330024814,,,,,,,,,,,,
,,,0.5244897959,0.1771192281,0.5469387755,0.1330685204,,,,,,,,,,,,
,,,0.5244897959,0.1772413793,0.5469387755,0.1331346249,,,,,,,,,,,,
,,,0.5244897959,0.1773636991,0.5469387755,0.1332007952,,,,,,,,,,,,
,,,0.5244897959,0.1774861878,0.5469387755,0.1332670313,,,,,,,,,,,,
,,,0.5244897959,0.1776088459,0.5469387755,0.1333333333,,,,,,,,,,,,
,,,0.5244897959,0.1777316736,0.5469387755,0.1333997013,,,,,,,,,,,,
,,,0.5244897959,0.1778546713,0.5448979592,0.1329681275,,,,,,,,,,,,
,,,0.5244897959,0.1779778393,0.5448979592,0.1330343797,,,,,,,,,,,,
,,,0.5244897959,0.1781011781,0.5448979592,0.1331006979,,,,,,,,,,,,
,,,0.5244897959,0.1782246879,0.5448979592,0.1331670823,,,,,,,,,,,,
,,,0.5244897959,0.1783483692,0.5448979592,0.1332335329,,,,,,,,,,,,
,,,0.5244897959,0.1785962474,0.5428571429,0.1328007988,,,,,,,,,,,,
,,,0.5244897959,0.1787204451,0.5428571429,0.1328671329,,,,,,,,,,,,
,,,0.5224489796,0.1781489214,0.5428571429,0.1329335332,,,,,,,,,,,,
,,,0.5224489796,0.1782729805,0.5428571429,0.133,,,,,,,,,,,,
,,,0.5224489796,0.1783972125,0.5428571429,0.1330665333,,,,,,,,,,,,
,,,0.5224489796,0.1785216179,0.5428571429,0.1331331331,,,,,,,,,,,,
,,,0.5224489796,0.1786461968,0.5428571429,0.1331997997,,,,,,,,,,,,
,,,0.5224489796,0.1787709497,0.5428571429,0.1332665331,,,,,,,,,,,,
,,,0.5224489796,0.178895877,0.5408163265,0.1328320802,,,,,,,,,,,,
,,,0.5224489796,0.179020979,0.5408163265,0.1328986961,,,,,,,,,,,,
,,,0.5204081633,0.1784464661,0.5408163265,0.1329653788,,,,,,,,,,,,
,,,0.5204081633,0.1785714286,0.5408163265,0.1330321285,,,,,,,,,,,,
,,,0.5204081633,0.1786965662,0.5408163265,0.1330989453,,,,,,,,,,,,
,,,0.5204081633,0.1788218794,0.5387755102,0.1326633166,,,,,,,,,,,,
,,,0.5204081633,0.1790730337,0.5387755102,0.1327300151,,,,,,,,,,,,
,,,0.5204081633,0.1791988756,0.5387755102,0.1327967807,,,,,,,,,,,,
,,,0.5204081633,0.1793248945,0.5387755102,0.1328636135,,,,,,,,,,,,
,,,0.5204081633,0.1794510908,0.5387755102,0.1329305136,,,,,,,,,,,,
,,,0.5183673469,0.1789992953,0.5387755102,0.1329974811,,,,,,,,,,,,
,,,0.5183673469,0.1791255289,0.5387755102,0.1330645161,,,,,,,,,,,,
,,,0.5183673469,0.1792519407,0.5387755102,0.1331316188,,,,,,,,,,,,
,,,0.5183673469,0.1793785311,0.5387755102,0.1331987891,,,,,,,,,,,,
,,,0.5183673469,0.1795053004,0.5387755102,0.1332660273,,,,,,,,,,,,
,,,0.5183673469,0.1796322489,0.5387755102,0.1333333333,,,,,,,,,,,,
,,,0.5183673469,0.1797593772,0.5387755102,0.1334007074,,,,,,,,,,,,
,,,0.5183673469,0.1798866856,0.5387755102,0.1334681496,,,,,,,,,,,,
,,,0.5183673469,0.1800141743,0.5387755102,0.1335356601,,,,,,,,,,,,
,,,0.5183673469,0.180141844,0.5387755102,0.1336032389,,,,,,,,,,,,
,,,0.5183673469,0.1802696948,0.5367346939,0.133164557,,,,,,,,,,,,
,,,0.5183673469,0.1803977273,0.5346938776,0.1327254306,,,,,,,,,,,,
,,,0.5183673469,0.1805259417,0.5346938776,0.1327927015,,,,,,,,,,,,
,,,0.5183673469,0.1806543385,0.5346938776,0.1328600406,,,,,,,,,,,,
,,,0.5163265306,0.1800711744,0.5346938776,0.132927448,,,,,,,,,,,,
,,,0.5163265306,0.1801994302,0.5346938776,0.1329949239,,,,,,,,,,,,
,,,0.5163265306,0.1803278689,0.5346938776,0.1330624683,,,,,,,,,,,,
,,,0.5163265306,0.1804564907,0.5346938776,0.1331300813,,,,,,,,,,,,
,,,0.5163265306,0.1805852962,0.5346938776,0.1331977631,,,,,,,,,,,,
,,,0.5142857143,0.1801286633,0.5346938776,0.1332655137,,,,,,,,,,,,
,,,0.5142857143,0.1802575107,0.5346938776,0.1333333333,,,,,,,,,,,,
,,,0.5142857143,0.1803865426,0.5346938776,0.133401222,,,,,,,,,,,,
,,,0.5142857143,0.1805157593,0.5346938776,0.1334691798,,,,,,,,,,,,
,,,0.5142857143,0.1806451613,0.5346938776,0.1335372069,,,,,,,,,,,,
,,,0.5142857143,0.1807747489,0.5346938776,0.1336053034,,,,,,,,,,,,
,,,0.5142857143,0.1810344828,0.5346938776,0.1336734694,,,,,,,,,,,,
,,,0.5142857143,0.1811646298,0.5346938776,0.133741705,,,,,,,,,,,,
,,,0.5142857143,0.181294964,0.5346938776,0.1338100102,,,,,,,,,,,,
,,,0.5142857143,0.181425486,0.5346938776,0.1338783853,,,,,,,,,,,,
,,,0.5142857143,0.181556196,0.5346938776,0.1339468303,,,,,,,,,,,,
,,,0.5142857143,0.1816870944,0.5346938776,0.1340153453,,,,,,,,,,,,
,,,0.5142857143,0.1818181818,0.5346938776,0.1340839304,,,,,,,,,,,,
,,,0.5142857143,0.1819494585,0.5346938776,0.1341525858,,,,,,,,,,,,
,,,0.5142857143,0.1820809249,0.5346938776,0.1342213115,,,,,,,,,,,,
,,,0.5142857143,0.1822125813,0.5346938776,0.1342901076,,,,,,,,,,,,
,,,0.5142857143,0.1823444284,0.5346938776,0.1343589744,,,,,,,,,,,,
,,,0.5142857143,0.1824764663,0.5346938776,0.1344279117,,,,,,,,,,,,
,,,0.5142857143,0.1826086957,0.5346938776,0.1344969199,,,,,,,,,,,,
,,,0.5142857143,0.1827411168,0.5346938776,0.134565999,,,,,,,,,,,,
,,,0.5142857143,0.18287373,0.5346938776,0.134635149,,,,,,,,,,,,
,,,0.5142857143,0.1830065359,0.5346938776,0.1347043702,,,,,,,,,,,,
,,,0.5142857143,0.1831395349,0.5346938776,0.1347736626,,,,,,,,,,,,
,,,0.5142857143,0.1832727273,0.5326530612,0.1343283582,,,,,,,,,,,,
,,,0.5142857143,0.1834061135,0.5326530612,0.1343975283,,,,,,,,,,,,
,,,0.5142857143,0.1835396941,0.5326530612,0.1344667697,,,,,,,,,,,,
,,,0.5142857143,0.1838074398,0.5326530612,0.1345360825,,,,,,,,,,,,
,,,0.5142857143,0.1839416058,0.5326530612,0.1346054667,,,,,,,,,,,,
,,,0.5142857143,0.1840759679,0.5326530612,0.1346749226,,,,,,,,,,,,
,,,0.5142857143,0.1842105263,0.5326530612,0.1347444502,,,,,,,,,,,,
,,,0.5142857143,0.1843452816,0.5306122449,0.1342975207,,,,,,,,,,,,
,,,0.5142857143,0.1844802343,0.5285714286,0.1338501292,,,,,,,,,,,,
,,,0.5142857143,0.1846153846,0.5285714286,0.1339193382,,,,,,,,,,,,
,,,0.5142857143,0.1847507331,0.5285714286,0.1339886187,,,,,,,,,,,,
,,,0.5142857143,0.1848862803,0.5265306122,0.1335403727,,,,,,,,,,,,
,,,0.5142857143,0.1850220264,0.5244897959,0.1330916624,,,,,,,,,,,,
,,,0.512244898,0.1844232182,0.5244897959,0.1331606218,,,,,,,,,,,,
,,,0.512244898,0.1845588235,0.5244897959,0.1332296527,,,,,,,,,,,,
,,,0.512244898,0.1848306333,0.5244897959,0.1332987552,,,,,,,,,,,,
,,,0.512244898,0.1849668386,0.5244897959,0.1333679294,,,,,,,,,,,,
,,,0.512244898,0.1851032448,0.5244897959,0.1334371755,,,,,,,,,,,,
,,,0.512244898,0.1852398524,0.5244897959,0.1335064935,,,,,,,,,,,,
,,,0.512244898,0.1853766617,0.5244897959,0.1335758836,,,,,,,,,,,,
,,,0.512244898,0.1855136733,0.5244897959,0.1336453458,,,,,,,,,,,,
,,,0.5102040816,0.1849112426,0.5244897959,0.1337148803,,,,,,,,,,,,
,,,0.5102040816,0.1850481125,0.5244897959,0.1337844872,,,,,,,,,,,,
,,,0.5102040816,0.1851851852,0.5244897959,0.1338541667,,,,,,,,,,,,
,,,0.5081632653,0.1845811712,0.5244897959,0.1339239187,,,,,,,,,,,,
,,,0.5081632653,0.1847181009,0.5244897959,0.1339937435,,,,,,,,,,,,
,,,0.5081632653,0.1848552339,0.5244897959,0.1340636411,,,,,,,,,,,,
,,,0.506122449,0.1843866171,0.5244897959,0.1341336117,,,,,,,,,,,,
,,,0.506122449,0.1845238095,0.5244897959,0.1342036554,,,,,,,,,,,,
,,,0.506122449,0.1846612063,0.5244897959,0.1342737722,,,,,,,,,,,,
,,,0.506122449,0.1847988077,0.5244897959,0.1343439624,,,,,,,,,,,,
,,,0.506122449,0.1849366145,0.5244897959,0.1344142259,,,,,,,,,,,,
,,,0.506122449,0.1850746269,0.5244897959,0.1344845631,,,,,,,,,,,,
,,,0.5040816327,0.1844660194,0.5244897959,0.1345549738,,,,,,,,,,,,
,,,0.5040816327,0.1846038864,0.5244897959,0.1346254584,,,,,,,,,,,,
,,,0.5020408163,0.1839940165,0.5244897959,0.1346960168,,,,,,,,,,,,
,,,0.5,0.1833832335,0.5224489796,0.1342422653,,,,,,,,,,,,
,,,0.5,0.1835205993,0.5204081633,0.1337880378,,,,,,,,,,,,
,,,0.4979591837,0.1829085457,0.5183673469,0.1333333333,,,,,,,,,,,,
,,,0.4979591837,0.1830457614,0.5183673469,0.1334033613,,,,,,,,,,,,
,,,0.4979591837,0.1831831832,0.5183673469,0.133473463,,,,,,,,,,,,
,,,0.493877551,0.1819548872,0.5163265306,0.1330178759,,,,,,,,,,,,
,,,0.493877551,0.1820917983,0.5163265306,0.1330878485,,,,,,,,,,,,
,,,0.493877551,0.1822289157,0.5163265306,0.1331578947,,,,,,,,,,,,
,,,0.493877551,0.1823662396,0.5163265306,0.1332280147,,,,,,,,,,,,
,,,0.493877551,0.1825037707,0.5163265306,0.1332982086,,,,,,,,,,,,
,,,0.493877551,0.1826415094,0.5163265306,0.1333684765,,,,,,,,,,,,
,,,0.493877551,0.1827794562,0.5142857143,0.1329113924,,,,,,,,,,,,
,,,0.493877551,0.1829176115,0.5142857143,0.1329815303,,,,,,,,,,,,
,,,0.493877551,0.1830559758,0.5142857143,0.1330517423,,,,,,,,,,,,
,,,0.493877551,0.1831945496,0.5142857143,0.1331220285,,,,,,,,,,,,
,,,0.493877551,0.1833333333,0.5142857143,0.133192389,,,,,,,,,,,,
,,,0.493877551,0.1834723275,0.5142857143,0.1332628239,,,,,,,,,,,,
,,,0.493877551,0.1836115326,0.5142857143,0.1333333333,,,,,,,,,,,,
,,,0.4918367347,0.1829916477,0.5142857143,0.1334039174,,,,,,,,,,,,
,,,0.4918367347,0.1831306991,0.5142857143,0.1334745763,,,,,,,,,,,,
,,,0.4918367347,0.183269962,0.5142857143,0.13354531,,,,,,,,,,,,
,,,0.4918367347,0.1834094368,0.5142857143,0.1336161188,,,,,,,,,,,,
,,,0.4918367347,0.1835491241,0.512244898,0.1331564987,,,,,,,,,,,,
,,,0.4918367347,0.1836890244,0.512244898,0.1332271762,,,,,,,,,,,,
,,,0.4897959184,0.1830663616,0.512244898,0.1332979288,,,,,,,,,,,,
,,,0.487755102,0.1825821238,0.512244898,0.1333687566,,,,,,,,,,,,
,,,0.487755102,0.1827217125,0.512244898,0.1334396598,,,,,,,,,,,,
,,,0.487755102,0.1830015314,0.512244898,0.1335106383,,,,,,,,,,,,
,,,0.487755102,0.1831417625,0.512244898,0.1335816924,,,,,,,,,,,,
,,,0.487755102,0.1832822086,0.512244898,0.1336528222,,,,,,,,,,,,
,,,0.487755102,0.1834228703,0.512244898,0.1337240277,,,,,,,,,,,,
,,,0.487755102,0.1835637481,0.512244898,0.1337953092,,,,,,,,,,,,
,,,0.487755102,0.1837048424,0.5102040816,0.1333333333,,,,,,,,,,,,
,,,0.487755102,0.1838461538,0.5102040816,0.1334044824,,,,,,,,,,,,
,,,0.487755102,0.1839876828,0.5102040816,0.1334757074,,,,,,,,,,,,
,,,0.487755102,0.1841294299,0.5102040816,0.1335470085,,,,,,,,,,,,
,,,0.487755102,0.1842713955,0.5102040816,0.1336183859,,,,,,,,,,,,
,,,0.487755102,0.1844135802,0.5102040816,0.1336898396,,,,,,,,,,,,
,,,0.4857142857,0.1837837838,0.5102040816,0.1337613697,,,,,,,,,,,,
,,,0.4836734694,0.1831530139,0.5102040816,0.1338329764,,,,,,,,,,,,
,,,0.4836734694,0.1832946636,0.5102040816,0.1339046599,,,,,,,,,,,,
,,,0.4836734694,0.1834365325,0.5102040816,0.1339764202,,,,,,,,,,,,
,,,0.4836734694,0.1835786212,0.5102040816,0.1340482574,,,,,,,,,,,,
,,,0.4836734694,0.1837209302,0.5081632653,0.133583691,,,,,,,,,,,,
,,,0.4816326531,0.1832298137,0.5081632653,0.1336553945,,,,,,,,,,,,
,,,0.4816326531,0.1833721834,0.5081632653,0.1337271751,,,,,,,,,,,,
,,,0.4775510204,0.1821011673,0.5081632653,0.1337990328,,,,,,,,,,,,
,,,0.4775510204,0.1822429907,0.5081632653,0.1338709677,,,,,,,,,,,,
,,,0.4775510204,0.1823850351,0.506122449,0.1334050565,,,,,,,,,,,,
,,,0.4775510204,0.1825273011,0.506122449,0.1334768568,,,,,,,,,,,,
,,,0.4775510204,0.1826697892,0.506122449,0.1335487345,,,,,,,,,,,,
,,,0.4775510204,0.1828125,0.5040816327,0.1330818966,,,,,,,,,,,,
,,,0.4775510204,0.1829554339,0.5040816327,0.1331536388,,,,,,,,,,,,
,,,0.4775510204,0.1830985915,0.5040816327,0.1332254585,,,,,,,,,,,,
,,,0.4775510204,0.1832419734,0.5040816327,0.1332973556,,,,,,,,,,,,
,,,0.4775510204,0.1833855799,0.5040816327,0.1333693305,,,,,,,,,,,,
,,,0.4775510204,0.1835294118,0.5040816327,0.133441383,,,,,,,,,,,,
,,,0.4775510204,0.1836734694,0.5040816327,0.1335135135,,,,,,,,,,,,
,,,0.4775510204,0.1838177533,0.5040816327,0.133585722,,,,,,,,,,,,
,,,0.4775510204,0.1839622642,0.5040816327,0.1336580087,,,,,,,,,,,,
,,,0.4775510204,0.1841070024,0.5040816327,0.1337303736,,,,,,,,,,,,
,,,0.4775510204,0.1842519685,0.5040816327,0.1338028169,,,,,,,,,,,,
,,,0.4775510204,0.1843971631,0.5040816327,0.1338753388,,,,,,,,,,,,
,,,0.4775510204,0.1846882399,0.5040816327,0.1339479393,,,,,,,,,,,,
,,,0.4755102041,0.1840442338,0.5040816327,0.1340206186,,,,,,,,,,,,
,,,0.4755102041,0.1841897233,0.5040816327,0.1340933768,,,,,,,,,,,,
,,,0.4755102041,0.184335443,0.5020408163,0.133623031,,,,,,,,,,,,
,,,0.4755102041,0.1844813935,0.5020408163,0.1336956522,,,,,,,,,,,,
,,,0.4755102041,0.1846275753,0.5020408163,0.1337683524,,,,,,,,,,,,
,,,0.4755102041,0.1847739889,0.5020408163,0.1338411317,,,,,,,,,,,,
,,,0.4734693878,0.1841269841,0.5,0.1333696244,,,,,,,,,,,,
,,,0.4734693878,0.1842732327,0.5,0.1334422658,,,,,,,,,,,,
,,,0.4734693878,0.1844197138,0.5,0.1335149864,,,,,,,,,,,,
,,,0.4734693878,0.184566428,0.5,0.1335877863,,,,,,,,,,,,
,,,0.4734693878,0.1847133758,0.4979591837,0.1331151118,,,,,,,,,,,,
,,,0.4714285714,0.184063745,0.4979591837,0.1331877729,,,,,,,,,,,,
,,,0.4714285714,0.1842105263,0.4959183673,0.1327143637,,,,,,,,,,,,
,,,0.4693877551,0.1835594573,0.4959183673,0.1327868852,,,,,,,,,,,,
,,,0.4693877551,0.1837060703,0.4959183673,0.1328594861,,,,,,,,,,,,
,,,0.4693877551,0.1838529177,0.4959183673,0.1329321663,,,,,,,,,,,,
,,,0.4693877551,0.184,0.4959183673,0.1330049261,,,,,,,,,,,,
,,,0.4693877551,0.1841473179,0.4959183673,0.1330777656,,,,,,,,,,,,
,,,0.4693877551,0.1842948718,0.4959183673,0.1331506849,,,,,,,,,,,,
,,,0.4693877551,0.1844426624,0.4959183673,0.1332236842,,,,,,,,,,,,
,,,0.4693877551,0.1845906902,0.4959183673,0.1332967636,,,,,,,,,,,,
,,,0.4673469388,0.183935743,0.4959183673,0.1333699232,,,,,,,,,,,,
,,,0.4673469388,0.1842316975,0.493877551,0.1328940143,,,,,,,,,,,,
,,,0.4673469388,0.1843800322,0.493877551,0.132967033,,,,,,,,,,,,
,,,0.4653061224,0.1837228042,0.493877551,0.1330401319,,,,,,,,,,,,
,,,0.4653061224,0.1838709677,0.493877551,0.1331133113,,,,,,,,,,,,
,,,0.4653061224,0.1840193705,0.493877551,0.1331865713,,,,,,,,,,,,
,,,0.4653061224,0.1841680129,0.493877551,0.1332599119,,,,,,,,,,,,
,,,0.4653061224,0.1843168957,0.493877551,0.1333333333,,,,,,,,,,,,
,,,0.4653061224,0.1844660194,0.493877551,0.1334068357,,,,,,,,,,,,
,,,0.4653061224,0.1846153846,0.493877551,0.1334804192,,,,,,,,,,,,
,,,0.4653061224,0.1847649919,0.493877551,0.1335540839,,,,,,,,,,,,
,,,0.4653061224,0.1849148418,0.493877551,0.1336278299,,,,,,,,,,,,
,,,0.4653061224,0.1850649351,0.493877551,0.1337016575,,,,,,,,,,,,
,,,0.4632653061,0.1844029245,0.493877551,0.1337755666,,,,,,,,,,,,
,,,0.4632653061,0.1845528455,0.493877551,0.1338495575,,,,,,,,,,,,
,,,0.4632653061,0.1847030106,0.493877551,0.1339236303,,,,,,,,,,,,
,,,0.4632653061,0.1848534202,0.493877551,0.1339977852,,,,,,,,,,,,
,,,0.4612244898,0.1841890791,0.493877551,0.1340720222,,,,,,,,,,,,
,,,0.4612244898,0.1843393148,0.493877551,0.1341463415,,,,,,,,,,,,
,,,0.4612244898,0.1846405229,0.493877551,0.1342207432,,,,,,,,,,,,
,,,0.4612244898,0.1847914963,0.493877551,0.1342952275,,,,,,,,,,,,
,,,0.4612244898,0.1849427169,0.493877551,0.1343697946,,,,,,,,,,,,
,,,0.4591836735,0.1842751843,0.493877551,0.1344444444,,,,,,,,,,,,
,,,0.4591836735,0.1844262295,0.493877551,0.1345191773,,,,,,,,,,,,
,,,0.4591836735,0.1845775226,0.493877551,0.1345939933,,,,,,,,,,,,
,,,0.4591836735,0.184729064,0.493877551,0.1346688926,,,,,,,,,,,,
,,,0.4571428571,0.1840591619,0.493877551,0.1347438753,,,,,,,,,,,,
,,,0.4571428571,0.1842105263,0.493877551,0.1348189415,,,,,,,,,,,,
,,,0.4571428571,0.1843621399,0.493877551,0.1348940914,,,,,,,,,,,,
,,,0.4571428571,0.1845140033,0.493877551,0.1349693252,,,,,,,,,,,,
,,,0.4571428571,0.1846661171,0.493877551,0.1350446429,,,,,,,,,,,,
,,,0.4571428571,0.1848184818,0.493877551,0.1351200447,,,,,,,,,,,,
,,,0.4571428571,0.1849710983,0.493877551,0.1351955307,,,,,,,,,,,,
,,,0.4571428571,0.1851239669,0.493877551,0.1352711012,,,,,,,,,,,,
,,,0.4571428571,0.1852770885,0.493877551,0.1353467562,,,,,,,,,,,,
,,,0.4571428571,0.1854304636,0.493877551,0.1354224958,,,,,,,,,,,,
,,,0.4571428571,0.1855840928,0.493877551,0.1354983203,,,,,,,,,,,,
,,,0.4571428571,0.1857379768,0.493877551,0.1355742297,,,,,,,,,,,,
,,,0.4551020408,0.1850622407,0.493877551,0.1356502242,,,,,,,,,,,,
,,,0.4551020408,0.1852159468,0.493877551,0.135726304,,,,,,,,,,,,
,,,0.4551020408,0.1853699086,0.493877551,0.1358024691,,,,,,,,,,,,
,,,0.4551020408,0.1855241265,0.493877551,0.1358787198,,,,,,,,,,,,
,,,0.4551020408,0.1856786012,0.493877551,0.1359550562,,,,,,,,,,,,
,,,0.4551020408,0.1858333333,0.493877551,0.1360314784,,,,,,,,,,,,
,,,0.4551020408,0.1859883236,0.493877551,0.1361079865,,,,,,,,,,,,
,,,0.4551020408,0.1861435726,0.493877551,0.1361845808,,,,,,,,,,,,
,,,0.4551020408,0.186299081,0.493877551,0.1362612613,,,,,,,,,,,,
,,,0.4551020408,0.1864548495,0.493877551,0.1363380282,,,,,,,,,,,,
,,,0.4551020408,0.1866108787,0.493877551,0.1364148816,,,,,,,,,,,,
,,,0.4551020408,0.1867671692,0.493877551,0.1364918218,,,,,,,,,,,,
,,,0.4530612245,0.1860854987,0.493877551,0.1365688488,,,,,,,,,,,,
,,,0.4510204082,0.1855583543,0.4918367347,0.13608131,,,,,,,,,,,,
,,,0.4510204082,0.1857142857,0.4897959184,0.1355932203,,,,,,,,,,,,
,,,0.4510204082,0.1858704794,0.4897959184,0.13566987,,,,,,,,,,,,
,,,0.4510204082,0.186026936,0.4897959184,0.1357466063,,,,,,,,,,,,
,,,0.4510204082,0.1861836563,0.4897959184,0.1358234295,,,,,,,,,,,,
,,,0.4510204082,0.1863406408,0.4897959184,0.1359003398,,,,,,,,,,,,
,,,0.4510204082,0.1864978903,0.4897959184,0.1359773371,,,,,,,,,,,,
,,,0.4510204082,0.1866554054,0.4897959184,0.1360544218,,,,,,,,,,,,
,,,0.4510204082,0.1868131868,0.4897959184,0.1361315939,,,,,,,,,,,,
,,,0.4489795918,0.1862828112,0.4897959184,0.1362088536,,,,,,,,,,,,
,,,0.4489795918,0.186440678,0.4897959184,0.136286201,,,,,,,,,,,,
,,,0.4469387755,0.1857506361,0.487755102,0.1357954545,,,,,,,,,,,,
,,,0.4448979592,0.1850594228,0.487755102,0.1358726549,,,,,,,,,,,,
,,,0.4448979592,0.1852166525,0.487755102,0.1359499431,,,,,,,,,,,,
,,,0.4448979592,0.1853741497,0.487755102,0.1360273193,,,,,,,,,,,,
,,,0.4448979592,0.1855319149,0.487755102,0.1361047836,,,,,,,,,,,,
,,,0.4448979592,0.1856899489,0.487755102,0.1361823362,,,,,,,,,,,,
,,,0.4448979592,0.1858482523,0.487755102,0.1362599772,,,,,,,,,,,,
,,,0.4448979592,0.1860068259,0.487755102,0.1363377068,,,,,,,,,,,,
,,,0.4448979592,0.1861656704,0.487755102,0.1364155251,,,,,,,,,,,,
,,,0.4448979592,0.1863247863,0.487755102,0.1364934323,,,,,,,,,,,,
,,,0.4448979592,0.1864841745,0.487755102,0.1365714286,,,,,,,,,,,,
,,,0.4448979592,0.1866438356,0.487755102,0.136649514,,,,,,,,,,,,
,,,0.4428571429,0.1859468723,0.487755102,0.1367276888,,,,,,,,,,,,
,,,0.4408163265,0.1852487136,0.487755102,0.1368059531,,,,,,,,,,,,
,,,0.4408163265,0.1854077253,0.487755102,0.136884307,,,,,,,,,,,,
,,,0.4408163265,0.1855670103,0.487755102,0.1369627507,,,,,,,,,,,,
,,,0.4408163265,0.1857265692,0.487755102,0.1370412844,,,,,,,,,,,,
,,,0.4408163265,0.1858864028,0.487755102,0.1371199082,,,,,,,,,,,,
,,,0.4408163265,0.1860465116,0.487755102,0.1371986223,,,,,,,,,,,,
,,,0.4408163265,0.1862068966,0.487755102,0.1372774268,,,,,,,,,,,,
,,,0.4408163265,0.1863675582,0.487755102,0.1373563218,,,,,,,,,,,,
,,,0.4408163265,0.1865284974,0.487755102,0.1374353076,,,,,,,,,,,,
,,,0.4408163265,0.1866897148,0.487755102,0.1375143843,,,,,,,,,,,,
,,,0.4387755102,0.1859861592,0.487755102,0.1375935521,,,,,,,,,,,,
,,,0.4387755102,0.1861471861,0.487755102,0.1376728111,,,,,,,,,,,,
,,,0.4387755102,0.1863084922,0.487755102,0.1377521614,,,,,,,,,,,,
,,,0.4387755102,0.1864700781,0.4857142857,0.137254902,,,,,,,,,,,,
,,,0.4387755102,0.1866319444,0.4857142857,0.1373341027,,,,,,,,,,,,
,,,0.4387755102,0.1867940921,0.4857142857,0.1374133949,,,,,,,,,,,,
,,,0.4387755102,0.1869565217,0.4857142857,0.1374927787,,,,,,,,,,,,
,,,0.4387755102,0.1871192341,0.4857142857,0.1375722543,,,,,,,,,,,,
,,,0.4387755102,0.18744551,0.4857142857,0.1376518219,,,,,,,,,,,,
,,,0.4387755102,0.187609075,0.4857142857,0.1377314815,,,,,,,,,,,,
,,,0.4387755102,0.1877729258,0.4857142857,0.1378112334,,,,,,,,,,,,
,,,0.4387755102,0.1879370629,0.4857142857,0.1378910776,,,,,,,,,,,,
,,,0.4387755102,0.1881014873,0.4857142857,0.1379710145,,,,,,,,,,,,
,,,0.4387755102,0.1882661996,0.4857142857,0.1380510441,,,,,,,,,,,,
,,,0.4387755102,0.1884312007,0.4857142857,0.1381311666,,,,,,,,,,,,
,,,0.4367346939,0.1878841089,0.4857142857,0.1382113821,,,,,,,,,,,,
,,,0.4367346939,0.1880492091,0.4857142857,0.1382916909,,,,,,,,,,,,
,,,0.4367346939,0.1882145998,0.4857142857,0.138372093,,,,,,,,,,,,
,,,0.4367346939,0.1883802817,0.4857142857,0.1384525887,,,,,,,,,,,,
,,,0.4367346939,0.1885462555,0.4857142857,0.1385331781,,,,,,,,,,,,
,,,0.4367346939,0.188712522,0.4857142857,0.1386138614,,,,,,,,,,,,
,,,0.4367346939,0.1888790821,0.4857142857,0.1386946387,,,,,,,,,,,,
,,,0.4367346939,0.1890459364,0.4857142857,0.1387755102,,,,,,,,,,,,
,,,0.4367346939,0.1892130858,0.4857142857,0.1388564761,,,,,,,,,,,,
,,,0.4367346939,0.189380531,0.4857142857,0.1389375365,,,,,,,,,,,,
,,,0.4346938776,0.1886625332,0.4857142857,0.1390186916,,,,,,,,,,,,
,,,0.4346938776,0.1888297872,0.4857142857,0.1390999416,,,,,,,,,,,,
,,,0.4346938776,0.1889973381,0.4857142857,0.1391812865,,,,,,,,,,,,
,,,0.4346938776,0.1891651865,0.4857142857,0.1392627267,,,,,,,,,,,,
,,,0.4346938776,0.1893333333,0.4857142857,0.1393442623,,,,,,,,,,,,
,,,0.4346938776,0.1895017794,0.4857142857,0.1394258934,,,,,,,,,,,,
,,,0.4346938776,0.1896705254,0.4857142857,0.1395076202,,,,,,,,,,,,
,,,0.4346938776,0.1898395722,0.4857142857,0.1395894428,,,,,,,,,,,,
,,,0.4346938776,0.1900089206,0.4857142857,0.1396713615,,,,,,,,,,,,
,,,0.4346938776,0.1901785714,0.4857142857,0.1397533764,,,,,,,,,,,,
,,,0.4346938776,0.1903485255,0.4857142857,0.1398354877,,,,,,,,,,,,
,,,0.4346938776,0.1905187835,0.4857142857,0.1399176955,,,,,,,,,,,,
,,,0.4346938776,0.1906893465,0.4857142857,0.14,,,,,,,,,,,,
,,,0.4346938776,0.1908602151,0.4857142857,0.1400824014,,,,,,,,,,,,
,,,0.4346938776,0.1910313901,0.4857142857,0.1401648999,,,,,,,,,,,,
,,,0.4346938776,0.1912028725,0.4857142857,0.1402474956,,,,,,,,,,,,
,,,0.4346938776,0.1913746631,0.4857142857,0.1403301887,,,,,,,,,,,,
,,,0.4346938776,0.1915467626,0.4857142857,0.1404129794,,,,,,,,,,,,
,,,0.4346938776,0.1917191719,0.4857142857,0.1404958678,,,,,,,,,,,,
,,,0.4346938776,0.1918918919,0.4836734694,0.1399881867,,,,,,,,,,,,
,,,0.4346938776,0.1920649234,0.4836734694,0.140070922,,,,,,,,,,,,
,,,0.4346938776,0.1922382671,0.4836734694,0.1401537552,,,,,,,,,,,,
,,,0.4346938776,0.1924119241,0.4836734694,0.1402366864,,,,,,,,,,,,
,,,0.4326530612,0.191681736,0.4836734694,0.1403197158,,,,,,,,,,,,
,,,0.4326530612,0.1918552036,0.4836734694,0.1404028436,,,,,,,,,,,,
,,,0.4326530612,0.1920289855,0.4836734694,0.1404860699,,,,,,,,,,,,
,,,0.4326530612,0.1922030825,0.4836734694,0.140569395,,,,,,,,,,,,
,,,0.4326530612,0.1923774955,0.4836734694,0.140652819,,,,,,,,,,,,
,,,0.4326530612,0.1925522252,0.4816326531,0.1401425178,,,,,,,,,,,,
,,,0.4326530612,0.1927272727,0.4816326531,0.1402257873,,,,,,,,,,,,
,,,0.4326530612,0.1930783242,0.4816326531,0.1403091558,,,,,,,,,,,,
,,,0.4326530612,0.19325433,0.4816326531,0.1403926234,,,,,,,,,,,,
,,,0.4306122449,0.1925182482,0.4816326531,0.1404761905,,,,,,,,,,,,
,,,0.4306122449,0.1926940639,0.4795918367,0.1399642644,,,,,,,,,,,,
,,,0.4306122449,0.1928702011,0.4795918367,0.1400476758,,,,,,,,,,,,
,,,0.4285714286,0.1921317475,0.4795918367,0.1401311866,,,,,,,,,,,,
,,,0.4285714286,0.1923076923,0.4795918367,0.1402147971,,,,,,,,,,,,
,,,0.4285714286,0.1924839597,0.4795918367,0.1402985075,,,,,,,,,,,,
,,,0.4285714286,0.1926605505,0.4775510204,0.1397849462,,,,,,,,,,,,
,,,0.4265306122,0.1919191919,0.4775510204,0.1398684997,,,,,,,,,,,,
,,,0.4265306122,0.1920955882,0.4775510204,0.1399521531,,,,,,,,,,,,
,,,0.4265306122,0.1924493554,0.4755102041,0.1394374626,,,,,,,,,,,,
,,,0.4265306122,0.192804428,0.4755102041,0.1395209581,,,,,,,,,,,,
,,,0.4265306122,0.1929824561,0.4755102041,0.1396045536,,,,,,,,,,,,
,,,0.4244897959,0.1922365989,0.4755102041,0.1396882494,,,,,,,,,,,,
,,,0.4244897959,0.1924144311,0.4755102041,0.1397720456,,,,,,,,,,,,
,,,0.4244897959,0.1925925926,0.4755102041,0.1398559424,,,,,,,,,,,,
,,,0.4244897959,0.1927710843,0.4755102041,0.1399399399,,,,,,,,,,,,
,,,0.4244897959,0.1929499072,0.4755102041,0.1400240385,,,,,,,,,,,,
,,,0.4244897959,0.1931290622,0.4755102041,0.1401082381,,,,,,,,,,,,
,,,0.4244897959,0.1933085502,0.4755102041,0.1401925391,,,,,,,,,,,,
,,,0.4244897959,0.1934883721,0.4755102041,0.1402769416,,,,,,,,,,,,
,,,0.4224489796,0.1927374302,0.4755102041,0.1403614458,,,,,,,,,,,,
,,,0.4224489796,0.192917055,0.4755102041,0.1404460518,,,,,,,,,,,,
,,,0.4224489796,0.1930970149,0.4755102041,0.14053076,,,,,,,,,,,,
,,,0.4224489796,0.1932773109,0.4755102041,0.1406155703,,,,,,,,,,,,
,,,0.4224489796,0.1934579439,0.4755102041,0.1407004831,,,,,,,,,,,,
,,,0.4224489796,0.1936389149,0.4755102041,0.1407854985,,,,,,,,,,,,
,,,0.4224489796,0.1938202247,0.4734693878,0.1402660218,,,,,,,,,,,,
,,,0.4224489796,0.1940018744,0.4734693878,0.1403508772,,,,,,,,,,,,
,,,0.4204081633,0.1932457786,0.4734693878,0.1404358354,,,,,,,,,,,,
,,,0.4204081633,0.19342723,0.4734693878,0.1405208964,,,,,,,,,,,,
,,,0.4204081633,0.1936090226,0.4734693878,0.1406060606,,,,,,,,,,,,
,,,0.4204081633,0.1937911571,0.4734693878,0.1406913281,,,,,,,,,,,,
,,,0.4183673469,0.1932139491,0.4734693878,0.140776699,,,,,,,,,,,,
,,,0.4183673469,0.1933962264,0.4734693878,0.1408621736,,,,,,,,,,,,
,,,0.4183673469,0.193578848,0.4734693878,0.1409477521,,,,,,,,,,,,
,,,0.4183673469,0.1937618147,0.4734693878,0.1410334347,,,,,,,,,,,,
,,,0.4163265306,0.1929990539,0.4714285714,0.1405109489,,,,,,,,,,,,
,,,0.4163265306,0.1931818182,0.4714285714,0.1405964699,,,,,,,,,,,,
,,,0.4163265306,0.1933649289,0.4714285714,0.140682095,,,,,,,,,,,,
,,,0.4163265306,0.1935483871,0.4714285714,0.1407678245,,,,,,,,,,,,
,,,0.4163265306,0.1937321937,0.4714285714,0.1408536585,,,,,,,,,,,,
,,,0.4163265306,0.1939163498,0.4714285714,0.1409395973,,,,,,,,,,,,
,,,0.4163265306,0.1941008563,0.4714285714,0.141025641,,,,,,,,,,,,
,,,0.4163265306,0.1942857143,0.4714285714,0.1411117899,,,,,,,,,,,,
,,,0.4163265306,0.1944709247,0.4693877551,0.1405867971,,,,,,,,,,,,
,,,0.4163265306,0.1946564885,0.4693877551,0.1406727829,,,,,,,,,,,,
,,,0.4163265306,0.1948424069,0.4693877551,0.1407588739,,,,,,,,,,,,
,,,0.4163265306,0.1950286807,0.4693877551,0.1408450704,,,,,,,,,,,,
,,,0.4163265306,0.195215311,0.4693877551,0.1409313725,,,,,,,,,,,,
,,,0.4163265306,0.1954022989,0.4693877551,0.1410177805,,,,,,,,,,,,
,,,0.4163265306,0.1955896453,0.4693877551,0.1411042945,,,,,,,,,,,,
,,,0.4142857143,0.1948176583,0.4693877551,0.1411909147,,,,,,,,,,,,
,,,0.4142857143,0.1950048031,0.4693877551,0.1412776413,,,,,,,,,,,,
,,,0.412244898,0.1942307692,0.4693877551,0.1413644745,,,,,,,,,,,,
,,,0.412244898,0.1944177093,0.4693877551,0.1414514145,,,,,,,,,,,,
,,,0.412244898,0.1946050096,0.4693877551,0.1415384615,,,,,,,,,,,,
,,,0.412244898,0.1947926712,0.4693877551,0.1416256158,,,,,,,,,,,,
,,,0.412244898,0.194980695,0.4693877551,0.1417128774,,,,,,,,,,,,
,,,0.412244898,0.1951690821,0.4693877551,0.1418002466,,,,,,,,,,,,
,,,0.412244898,0.1953578337,0.4693877551,0.1418877236,,,,,,,,,,,,
,,,0.412244898,0.1955469506,0.4693877551,0.1419753086,,,,,,,,,,,,
,,,0.412244898,0.1957364341,0.4693877551,0.1420630019,,,,,,,,,,,,
,,,0.412244898,0.1959262852,0.4693877551,0.1421508035,,,,,,,,,,,,
,,,0.412244898,0.1961165049,0.4693877551,0.1422387137,,,,,,,,,,,,
,,,0.4102040816,0.195335277,0.4693877551,0.1423267327,,,,,,,,,,,,
,,,0.4102040816,0.1955252918,0.4693877551,0.1424148607,,,,,,,,,,,,
,,,0.4102040816,0.1957156767,0.4693877551,0.1425030979,,,,,,,,,,,,
,,,0.4102040816,0.1959064327,0.4693877551,0.1425914445,,,,,,,,,,,,
,,,0.4102040816,0.196097561,0.4673469388,0.1420595533,,,,,,,,,,,,
,,,0.4102040816,0.1962890625,0.4673469388,0.1421477343,,,,,,,,,,,,
,,,0.4102040816,0.1966731898,0.4673469388,0.1422360248,,,,,,,,,,,,
,,,0.4102040816,0.1968658178,0.4673469388,0.1423244251,,,,,,,,,,,,
,,,0.4102040816,0.1970588235,0.4673469388,0.1424129353,,,,,,,,,,,,
,,,0.4102040816,0.197252208,0.4673469388,0.1425015557,,,,,,,,,,,,
,,,0.4081632653,0.1964636542,0.4673469388,0.1425902864,,,,,,,,,,,,
,,,0.4081632653,0.1966568338,0.4673469388,0.1426791277,,,,,,,,,,,,
,,,0.4081632653,0.1968503937,0.4673469388,0.1427680798,,,,,,,,,,,,
,,,0.4081632653,0.197044335,0.4673469388,0.1428571429,,,,,,,,,,,,
,,,0.406122449,0.1962524655,0.4673469388,0.1429463171,,,,,,,,,,,,
,,,0.406122449,0.1964461994,0.4653061224,0.1424109931,,,,,,,,,,,,
,,,0.406122449,0.1966403162,0.4632653061,0.141875,,,,,,,,,,,,
,,,0.406122449,0.196834817,0.4632653061,0.1419637273,,,,,,,,,,,,
,,,0.4040816327,0.196039604,0.4632653061,0.1420525657,,,,,,,,,,,,
,,,0.4040816327,0.1962338949,0.4632653061,0.1421415153,,,,,,,,,,,,
,,,0.4040816327,0.1964285714,0.4632653061,0.1422305764,,,,,,,,,,,,
,,,0.4040816327,0.1966236346,0.4632653061,0.1423197492,,,,,,,,,,,,
,,,0.4020408163,0.1958250497,0.4612244898,0.1417816813,,,,,,,,,,,,
,,,0.4020408163,0.1960199005,0.4612244898,0.1418706842,,,,,,,,,,,,
,,,0.4020408163,0.1962151394,0.4612244898,0.141959799,,,,,,,,,,,,
,,,0.4020408163,0.1964107677,0.4612244898,0.1420490258,,,,,,,,,,,,
,,,0.4020408163,0.1968031968,0.4612244898,0.1421383648,,,,,,,,,,,,
,,,0.4020408163,0.197,0.4612244898,0.1422278162,,,,,,,,,,,,
,,,0.4020408163,0.1971971972,0.4612244898,0.1423173804,,,,,,,,,,,,
,,,0.4020408163,0.1973947896,0.4612244898,0.1424070573,,,,,,,,,,,,
,,,0.4020408163,0.1975927783,0.4612244898,0.1424968474,,,,,,,,,,,,
,,,0.4,0.1967871486,0.4612244898,0.1425867508,,,,,,,,,,,,
,,,0.4,0.1969849246,0.4612244898,0.1426767677,,,,,,,,,,,,
,,,0.3979591837,0.1961770624,0.4591836735,0.1421351864,,,,,,,,,,,,
,,,0.3979591837,0.1963746224,0.4591836735,0.1422250316,,,,,,,,,,,,
,,,0.3979591837,0.1965725806,0.4591836735,0.1423149905,,,,,,,,,,,,
,,,0.3979591837,0.1967709384,0.4591836735,0.1424050633,,,,,,,,,,,,
,,,0.3979591837,0.196969697,0.4591836735,0.1424952502,,,,,,,,,,,,
,,,0.3959183673,0.1961577351,0.4571428571,0.1419518378,,,,,,,,,,,,
,,,0.393877551,0.1953441296,0.4571428571,0.1420418516,,,,,,,,,,,,
,,,0.393877551,0.1955420466,0.4571428571,0.1421319797,,,,,,,,,,,,
,,,0.393877551,0.1957403651,0.4551020408,0.1415873016,,,,,,,,,,,,
,,,0.3918367347,0.1949238579,0.4551020408,0.1416772554,,,,,,,,,,,,
,,,0.3918367347,0.1951219512,0.4551020408,0.1417673236,,,,,,,,,,,,
,,,0.3897959184,0.1943031536,0.4551020408,0.1418575064,,,,,,,,,,,,
,,,0.3897959184,0.1945010183,0.4551020408,0.1419478039,,,,,,,,,,,,
,,,0.3897959184,0.1946992864,0.4551020408,0.1420382166,,,,,,,,,,,,
,,,0.3897959184,0.1948979592,0.4551020408,0.1421287444,,,,,,,,,,,,
,,,0.3897959184,0.1950970378,0.4551020408,0.1422193878,,,,,,,,,,,,
,,,0.3897959184,0.1952965235,0.4551020408,0.1423101468,,,,,,,,,,,,
,,,0.3897959184,0.1954964176,0.4551020408,0.1424010217,,,,,,,,,,,,
,,,0.3897959184,0.1956967213,0.4551020408,0.1424920128,,,,,,,,,,,,
,,,0.3897959184,0.1958974359,0.4551020408,0.1425831202,,,,,,,,,,,,
,,,0.3897959184,0.1960985626,0.4551020408,0.1426743442,,,,,,,,,,,,
,,,0.3897959184,0.1963001028,0.4551020408,0.142765685,,,,,,,,,,,,
,,,0.3897959184,0.1965020576,0.4551020408,0.1428571429,,,,,,,,,,,,
,,,0.3897959184,0.1967044284,0.4551020408,0.1429487179,,,,,,,,,,,,
,,,0.3897959184,0.1969072165,0.4551020408,0.1430404105,,,,,,,,,,,,
,,,0.3897959184,0.1971104231,0.4551020408,0.1431322208,,,,,,,,,,,,
,,,0.3897959184,0.1973140496,0.4551020408,0.143224149,,,,,,,,,,,,
,,,0.3897959184,0.1975180972,0.4551020408,0.1433161954,,,,,,,,,,,,
,,,0.3897959184,0.1977225673,0.4530612245,0.1427652733,,,,,,,,,,,,
,,,0.3897959184,0.1979274611,0.4530612245,0.1428571429,,,,,,,,,,,,
,,,0.3897959184,0.1981327801,0.4530612245,0.1429491307,,,,,,,,,,,,
,,,0.3897959184,0.1983385254,0.4530612245,0.1430412371,,,,,,,,,,,,
,,,0.3897959184,0.1985446985,0.4530612245,0.1431334623,,,,,,,,,,,,
,,,0.3897959184,0.1987513007,0.4530612245,0.1432258065,,,,,,,,,,,,
,,,0.3897959184,0.1989583333,0.4530612245,0.1433182699,,,,,,,,,,,,
,,,0.3897959184,0.1991657977,0.4530612245,0.1434108527,,,,,,,,,,,,
,,,0.3897959184,0.1993736952,0.4530612245,0.1435035553,,,,,,,,,,,,
,,,0.3897959184,0.1995820272,0.4530612245,0.1435963777,,,,,,,,,,,,
,,,0.3897959184,0.199790795,0.4530612245,0.1436893204,,,,,,,,,,,,
,,,0.3897959184,0.2,0.4530612245,0.1437823834,,,,,,,,,,,,
,,,0.3897959184,0.2002096436,0.4510204082,0.1432274789,,,,,,,,,,,,
,,,0.3897959184,0.2004197272,0.4510204082,0.1433203632,,,,,,,,,,,,
,,,0.3897959184,0.2006302521,0.4510204082,0.1434133679,,,,,,,,,,,,
,,,0.3897959184,0.2008412198,0.4510204082,0.1435064935,,,,,,,,,,,,
,,,0.3897959184,0.2010526316,0.4510204082,0.1435997401,,,,,,,,,,,,
,,,0.3897959184,0.2012644889,0.4510204082,0.1436931079,,,,,,,,,,,,
,,,0.3897959184,0.2014767932,0.4510204082,0.1437865973,,,,,,,,,,,,
,,,0.3897959184,0.2019027484,0.4510204082,0.1438802083,,,,,,,,,,,,
,,,0.3897959184,0.2021164021,0.4510204082,0.1439739414,,,,,,,,,,,,
,,,0.3897959184,0.2023305085,0.4489795918,0.1434159061,,,,,,,,,,,,
,,,0.3897959184,0.2025450689,0.4489795918,0.1435094586,,,,,,,,,,,,
,,,0.3897959184,0.2027600849,0.4489795918,0.1436031332,,,,,,,,,,,,
,,,0.3897959184,0.2029755579,0.4489795918,0.1436969301,,,,,,,,,,,,
,,,0.3897959184,0.2031914894,0.4489795918,0.1437908497,,,,,,,,,,,,
,,,0.3897959184,0.2034078807,0.4489795918,0.1438848921,,,,,,,,,,,,
,,,0.3897959184,0.2036247335,0.4489795918,0.1439790576,,,,,,,,,,,,
,,,0.3897959184,0.2038420491,0.4489795918,0.1440733464,,,,,,,,,,,,
,,,0.3897959184,0.2040598291,0.4489795918,0.1441677588,,,,,,,,,,,,
,,,0.3897959184,0.2042780749,0.4489795918,0.1442622951,,,,,,,,,,,,
,,,0.3897959184,0.204496788,0.4469387755,0.1437007874,,,,,,,,,,,,
,,,0.3897959184,0.20471597,0.4469387755,0.1437951412,,,,,,,,,,,,
,,,0.3897959184,0.2049356223,0.4469387755,0.1438896189,,,,,,,,,,,,
,,,0.3897959184,0.2051557465,0.4469387755,0.1439842209,,,,,,,,,,,,
,,,0.3897959184,0.2053763441,0.4469387755,0.1440789474,,,,,,,,,,,,
,,,0.387755102,0.2045209903,0.4469387755,0.1441737986,,,,,,,,,,,,
,,,0.387755102,0.2047413793,0.4469387755,0.1442687747,,,,,,,,,,,,
,,,0.387755102,0.2049622438,0.4469387755,0.1443638761,,,,,,,,,,,,
,,,0.387755102,0.2051835853,0.4469387755,0.1444591029,,,,,,,,,,,,
,,,0.387755102,0.2054054054,0.4469387755,0.1445544554,,,,,,,,,,,,
,,,0.387755102,0.2056277056,0.4469387755,0.1446499339,,,,,,,,,,,,
,,,0.387755102,0.2058504875,0.4469387755,0.1447455387,,,,,,,,,,,,
,,,0.387755102,0.2060737527,0.4469387755,0.1448412698,,,,,,,,,,,,
,,,0.3857142857,0.2052117264,0.4469387755,0.1449371277,,,,,,,,,,,,
,,,0.3857142857,0.2054347826,0.4469387755,0.1450331126,,,,,,,,,,,,
,,,0.3857142857,0.2056583243,0.4469387755,0.1451292247,,,,,,,,,,,,
,,,0.3857142857,0.2058823529,0.4469387755,0.1452254642,,,,,,,,,,,,
,,,0.3857142857,0.2061068702,0.4469387755,0.1453218315,,,,,,,,,,,,
,,,0.3857142857,0.2063318777,0.4469387755,0.1454183267,,,,,,,,,,,,
,,,0.3857142857,0.206557377,0.4469387755,0.1455149502,,,,,,,,,,,,
,,,0.3857142857,0.2067833698,0.4469387755,0.1456117021,,,,,,,,,,,,
,,,0.3857142857,0.2070098576,0.4448979592,0.1450432468,,,,,,,,,,,,
,,,0.3857142857,0.2072368421,0.4448979592,0.1451398136,,,,,,,,,,,,
,,,0.3857142857,0.2074643249,0.4448979592,0.145236509,,,,,,,,,,,,
,,,0.3857142857,0.2076923077,0.4448979592,0.1453333333,,,,,,,,,,,,
,,,0.3857142857,0.2079207921,0.4448979592,0.1454302869,,,,,,,,,,,,
,,,0.3857142857,0.2081497797,0.4448979592,0.1455273698,,,,,,,,,,,,
,,,0.3857142857,0.2083792723,0.4448979592,0.1456245825,,,,,,,,,,,,
,,,0.3857142857,0.2086092715,0.4448979592,0.1457219251,,,,,,,,,,,,
,,,0.3857142857,0.208839779,0.4448979592,0.145819398,,,,,,,,,,,,
,,,0.3857142857,0.2090707965,0.4448979592,0.1459170013,,,,,,,,,,,,
,,,0.3857142857,0.2093023256,0.4448979592,0.1460147354,,,,,,,,,,,,
,,,0.3857142857,0.2095343681,0.4448979592,0.1461126005,,,,,,,,,,,,
,,,0.3857142857,0.2097669256,0.4428571429,0.1455399061,,,,,,,,,,,,
,,,0.3857142857,0.21,0.4428571429,0.1456375839,,,,,,,,,,,,
,,,0.3857142857,0.2102335929,0.4408163265,0.1450638012,,,,,,,,,,,,
,,,0.3857142857,0.210467706,0.4408163265,0.1451612903,,,,,,,,,,,,
,,,0.3857142857,0.2107023411,0.4408163265,0.1452589106,,,,,,,,,,,,
,,,0.3857142857,0.2109375,0.4408163265,0.1453566622,,,,,,,,,,,,
,,,0.3836734694,0.2100558659,0.4408163265,0.1454545455,,,,,,,,,,,,
,,,0.3836734694,0.2102908277,0.4408163265,0.1455525606,,,,,,,,,,,,
,,,0.3836734694,0.2105263158,0.4408163265,0.145650708,,,,,,,,,,,,
,,,0.3836734694,0.2107623318,0.4408163265,0.1457489879,,,,,,,,,,,,
,,,0.3816326531,0.2098765432,0.4408163265,0.1458474004,,,,,,,,,,,,
,,,0.3816326531,0.2101123596,0.4408163265,0.1459459459,,,,,,,,,,,,
,,,0.3816326531,0.2103487064,0.4408163265,0.1460446247,,,,,,,,,,,,
,,,0.3816326531,0.2105855856,0.4408163265,0.1461434371,,,,,,,,,,,,
,,,0.3816326531,0.2108229989,0.4408163265,0.1462423832,,,,,,,,,,,,
,,,0.3816326531,0.2110609481,0.4387755102,0.1456639566,,,,,,,,,,,,
,,,0.3816326531,0.211299435,0.4367346939,0.1450847458,,,,,,,,,,,,
,,,0.3816326531,0.2115384615,0.4367346939,0.145183175,,,,,,,,,,,,
,,,0.3816326531,0.2117780294,0.4367346939,0.1452817379,,,,,,,,,,,,
,,,0.3816326531,0.2120181406,0.4367346939,0.1453804348,,,,,,,,,,,,
,,,0.3795918367,0.211123723,0.4367346939,0.1454792658,,,,,,,,,,,,
,,,0.3795918367,0.2113636364,0.4367346939,0.1455782313,,,,,,,,,,,,
,,,0.3795918367,0.2116040956,0.4367346939,0.1456773315,,,,,,,,,,,,
,,,0.3795918367,0.2118451025,0.4346938776,0.1450953678,,,,,,,,,,,,
,,,0.3795918367,0.2123287671,0.4346938776,0.145194274,,,,,,,,,,,,
,,,0.3795918367,0.2125714286,0.4346938776,0.1452933151,,,,,,,,,,,,
,,,0.3775510204,0.2116704805,0.4346938776,0.1453924915,,,,,,,,,,,,
,,,0.3775510204,0.2119129439,0.4346938776,0.1454918033,,,,,,,,,,,,
,,,0.3775510204,0.2121559633,0.4346938776,0.1455912509,,,,,,,,,,,,
,,,0.3775510204,0.2123995408,0.4346938776,0.1456908345,,,,,,,,,,,,
,,,0.3775510204,0.2126436782,0.4326530612,0.1451060917,,,,,,,,,,,,
,,,0.3775510204,0.2128883774,0.4326530612,0.1452054795,,,,,,,,,,,,
,,,0.3775510204,0.2131336406,0.4326530612,0.1453050034,,,,,,,,,,,,
,,,0.3775510204,0.2133794694,0.4326530612,0.1454046639,,,,,,,,,,,,
,,,0.3775510204,0.2136258661,0.4326530612,0.1455044612,,,,,,,,,,,,
,,,0.3775510204,0.2138728324,0.4326530612,0.1456043956,,,,,,,,,,,,
,,,0.3775510204,0.2141203704,0.4326530612,0.1457044674,,,,,,,,,,,,
,,,0.3775510204,0.214368482,0.4326530612,0.1458046768,,,,,,,,,,,,
,,,0.3775510204,0.2146171694,0.4326530612,0.1459050241,,,,,,,,,,,,
,,,0.3775510204,0.2148664344,0.4326530612,0.1460055096,,,,,,,,,,,,
,,,0.3775510204,0.2151162791,0.4326530612,0.1461061337,,,,,,,,,,,,
,,,0.3775510204,0.2153667055,0.4326530612,0.1462068966,,,,,,,,,,,,
,,,0.3775510204,0.2158693116,0.4326530612,0.1463077985,,,,,,,,,,,,
,,,0.3755102041,0.2152046784,0.4326530612,0.1464088398,,,,,,,,,,,,
,,,0.3755102041,0.2154566745,0.4326530612,0.1465100207,,,,,,,,,,,,
,,,0.3755102041,0.2157092614,0.4306122449,0.1459197787,,,,,,,,,,,,
,,,0.3734693878,0.2147887324,0.4306122449,0.1460207612,,,,,,,,,,,,
,,,0.3714285714,0.21386604,0.4306122449,0.1461218837,,,,,,,,,,,,
,,,0.3714285714,0.2141176471,0.4306122449,0.1462231462,,,,,,,,,,,,
,,,0.3714285714,0.2143698469,0.4306122449,0.1463245492,,,,,,,,,,,,
,,,0.3714285714,0.2146226415,0.4306122449,0.146426093,,,,,,,,,,,,
,,,0.3714285714,0.2148760331,0.4306122449,0.1465277778,,,,,,,,,,,,
,,,0.3714285714,0.2151300236,0.4306122449,0.1466296039,,,,,,,,,,,,
,,,0.3714285714,0.2153846154,0.4306122449,0.1467315716,,,,,,,,,,,,
,,,0.3714285714,0.2156398104,0.4306122449,0.1468336813,,,,,,,,,,,,
,,,0.3714285714,0.2158956109,0.4306122449,0.1469359331,,,,,,,,,,,,
,,,0.3693877551,0.2149643705,0.4306122449,0.1470383275,,,,,,,,,,,,
,,,0.3693877551,0.2152199762,0.4306122449,0.1471408647,,,,,,,,,,,,
,,,0.3693877551,0.2154761905,0.4306122449,0.147243545,,,,,,,,,,,,
,,,0.3693877551,0.2157330155,0.4285714286,0.1466480447,,,,,,,,,,,,
,,,0.3693877551,0.2159904535,0.4285714286,0.1467505241,,,,,,,,,,,,
,,,0.3693877551,0.2162485066,0.4265306122,0.1461538462,,,,,,,,,,,,
,,,0.3693877551,0.216507177,0.4265306122,0.1462561232,,,,,,,,,,,,
,,,0.3693877551,0.2167664671,0.4265306122,0.1463585434,,,,,,,,,,,,
,,,0.3693877551,0.2170263789,0.4265306122,0.1464611072,,,,,,,,,,,,
,,,0.3693877551,0.2172869148,0.4265306122,0.1465638149,,,,,,,,,,,,
,,,0.3693877551,0.2175480769,0.4265306122,0.1466666667,,,,,,,,,,,,
,,,0.3673469388,0.2166064982,0.4265306122,0.1467696629,,,,,,,,,,,,
,,,0.3673469388,0.2168674699,0.4265306122,0.1468728039,,,,,,,,,,,,
,,,0.3673469388,0.2171290712,0.4265306122,0.14697609,,,,,,,,,,,,
,,,0.3673469388,0.2173913043,0.4265306122,0.1470795215,,,,,,,,,,,,
,,,0.3673469388,0.2176541717,0.4265306122,0.1471830986,,,,,,,,,,,,
,,,0.3673469388,0.2179176755,0.4265306122,0.1472868217,,,,,,,,,,,,
,,,0.3673469388,0.2181818182,0.4265306122,0.1473906911,,,,,,,,,,,,
,,,0.3673469388,0.2184466019,0.4265306122,0.1474947071,,,,,,,,,,,,
,,,0.3673469388,0.2189781022,0.4265306122,0.1475988701,,,,,,,,,,,,
,,,0.3673469388,0.2192448234,0.4244897959,0.1469964664,,,,,,,,,,,,
,,,0.3673469388,0.2195121951,0.4244897959,0.1471004243,,,,,,,,,,,,
,,,0.3673469388,0.2197802198,0.4224489796,0.1464968153,,,,,,,,,,,,
,,,0.3673469388,0.2200488998,0.4224489796,0.1466005666,,,,,,,,,,,,
,,,0.3673469388,0.2203182375,0.4224489796,0.1467044649,,,,,,,,,,,,
,,,0.3673469388,0.2205882353,0.4224489796,0.1468085106,,,,,,,,,,,,
,,,0.3673469388,0.2208588957,0.4224489796,0.146912704,,,,,,,,,,,,
,,,0.3673469388,0.2211302211,0.4224489796,0.1470170455,,,,,,,,,,,,
,,,0.3673469388,0.221402214,0.4224489796,0.1471215352,,,,,,,,,,,,
,,,0.3673469388,0.2216748768,0.4224489796,0.1472261735,,,,,,,,,,,,
,,,0.3673469388,0.2219482121,0.4224489796,0.1473309609,,,,,,,,,,,,
,,,0.3653061224,0.2209876543,0.4224489796,0.1474358974,,,,,,,,,,,,
,,,0.3632653061,0.2200247219,0.4224489796,0.1475409836,,,,,,,,,,,,
,,,0.3632653061,0.2202970297,0.4224489796,0.1476462197,,,,,,,,,,,,
,,,0.3632653061,0.2205700124,0.4204081633,0.1470378301,,,,,,,,,,,,
,,,0.3632653061,0.2208436725,0.4183673469,0.1464285714,,,,,,,,,,,,
,,,0.3632653061,0.2211180124,0.4183673469,0.146533238,,,,,,,,,,,,
,,,0.3632653061,0.2213930348,0.4163265306,0.1459227468,,,,,,,,,,,,
,,,0.3632653061,0.2216687422,0.4163265306,0.1460272011,,,,,,,,,,,,
,,,0.3632653061,0.2219451372,0.4163265306,0.1461318052,,,,,,,,,,,,
,,,0.3632653061,0.2222222222,0.4163265306,0.1462365591,,,,,,,,,,,,
,,,0.3632653061,0.2225,0.4163265306,0.1463414634,,,,,,,,,,,,
,,,0.3612244898,0.2215269086,0.4163265306,0.1464465183,,,,,,,,,,,,
,,,0.3612244898,0.2218045113,0.4163265306,0.1465517241,,,,,,,,,,,,
,,,0.3612244898,0.2220828105,0.4163265306,0.1466570812,,,,,,,,,,,,
,,,0.3612244898,0.222361809,0.4163265306,0.1467625899,,,,,,,,,,,,
,,,0.3612244898,0.2226415094,0.4163265306,0.1468682505,,,,,,,,,,,,
,,,0.3612244898,0.2229219144,0.4163265306,0.1469740634,,,,,,,,,,,,
,,,0.3612244898,0.2232030265,0.4163265306,0.1470800288,,,,,,,,,,,,
,,,0.3591836735,0.2222222222,0.4163265306,0.1471861472,,,,,,,,,,,,
,,,0.3591836735,0.2225031606,0.4163265306,0.1472924188,,,,,,,,,,,,
,,,0.3571428571,0.2215189873,0.4163265306,0.1473988439,,,,,,,,,,,,
,,,0.3571428571,0.2217997465,0.4142857143,0.1467823572,,,,,,,,,,,,
,,,0.3571428571,0.2220812183,0.412244898,0.1461649783,,,,,,,,,,,,
,,,0.3571428571,0.2223634053,0.412244898,0.1462708182,,,,,,,,,,,,
,,,0.3571428571,0.2226463104,0.412244898,0.1463768116,,,,,,,,,,,,
,,,0.3571428571,0.2229299363,0.412244898,0.1464829587,,,,,,,,,,,,
,,,0.3571428571,0.2232142857,0.412244898,0.1465892598,,,,,,,,,,,,
,,,0.3571428571,0.2234993614,0.412244898,0.1466957153,,,,,,,,,,,,
,,,0.3571428571,0.2237851662,0.412244898,0.1468023256,,,,,,,,,,,,
,,,0.3571428571,0.2240717029,0.412244898,0.1469090909,,,,,,,,,,,,
,,,0.3551020408,0.2230769231,0.412244898,0.1470160116,,,,,,,,,,,,
,,,0.3551020408,0.2233632863,0.412244898,0.1471230881,,,,,,,,,,,,
,,,0.3530612245,0.2223650386,0.412244898,0.1472303207,,,,,,,,,,,,
,,,0.3530612245,0.2226512227,0.412244898,0.1473377097,,,,,,,,,,,,
,,,0.3530612245,0.2229381443,0.412244898,0.1474452555,,,,,,,,,,,,
,,,0.3530612245,0.2232258065,0.412244898,0.1475529584,,,,,,,,,,,,
,,,0.3530612245,0.2235142119,0.412244898,0.1476608187,,,,,,,,,,,,
,,,0.3530612245,0.2238033635,0.412244898,0.1477688369,,,,,,,,,,,,
,,,0.3530612245,0.2240932642,0.412244898,0.1478770132,,,,,,,,,,,,
,,,0.3530612245,0.224383917,0.412244898,0.147985348,,,,,,,,,,,,
,,,0.3530612245,0.2246753247,0.4102040816,0.1473607038,,,,,,,,,,,,
,,,0.3530612245,0.2249674902,0.4081632653,0.1467351431,,,,,,,,,,,,
,,,0.3510204082,0.2239583333,0.4081632653,0.1468428781,,,,,,,,,,,,
,,,0.3510204082,0.2242503259,0.4081632653,0.1469507715,,,,,,,,,,,,
,,,0.3510204082,0.2245430809,0.4081632653,0.1470588235,,,,,,,,,,,,
,,,0.3510204082,0.2248366013,0.4081632653,0.1471670346,,,,,,,,,,,,
,,,0.3510204082,0.2251308901,0.4081632653,0.147275405,,,,,,,,,,,,
,,,0.3510204082,0.2254259502,0.406122449,0.1466470155,,,,,,,,,,,,
,,,0.3510204082,0.2257217848,0.406122449,0.1467551622,,,,,,,,,,,,
,,,0.3489795918,0.2247043364,0.406122449,0.1468634686,,,,,,,,,,,,
,,,0.3489795918,0.225,0.406122449,0.146971935,,,,,,,,,,,,
,,,0.3469387755,0.2239789196,0.406122449,0.1470805617,,,,,,,,,,,,
,,,0.3469387755,0.2242744063,0.406122449,0.1471893491,,,,,,,,,,,,
,,,0.3469387755,0.2245706737,0.406122449,0.1472982976,,,,,,,,,,,,
,,,0.3469387755,0.2248677249,0.406122449,0.1474074074,,,,,,,,,,,,
,,,0.3469387755,0.2251655629,0.406122449,0.147516679,,,,,,,,,,,,
,,,0.3448979592,0.224137931,0.406122449,0.1476261128,,,,,,,,,,,,
,,,0.3448979592,0.224435591,0.406122449,0.147735709,,,,,,,,,,,,
,,,0.3448979592,0.2247340426,0.406122449,0.1478454681,,,,,,,,,,,,
,,,0.3448979592,0.2250332889,0.4040816327,0.1472118959,,,,,,,,,,,,
,,,0.3448979592,0.2253333333,0.4040816327,0.1473214286,,,,,,,,,,,,
,,,0.3448979592,0.2256341789,0.4040816327,0.1474311243,,,,,,,,,,,,
,,,0.3448979592,0.2259358289,0.4040816327,0.1475409836,,,,,,,,,,,,
,,,0.3448979592,0.2262382865,0.4040816327,0.1476510067,,,,,,,,,,,,
,,,0.3448979592,0.226541555,0.4040816327,0.147761194,,,,,,,,,,,,
,,,0.3448979592,0.2268456376,0.4020408163,0.1471247199,,,,,,,,,,,,
,,,0.3448979592,0.2271505376,0.4020408163,0.1472346786,,,,,,,,,,,,
,,,0.3448979592,0.2274562584,0.4020408163,0.1473448018,,,,,,,,,,,,
,,,0.3448979592,0.2277628032,0.4020408163,0.1474550898,,,,,,,,,,,,
,,,0.3448979592,0.2280701754,0.4020408163,0.1475655431,,,,,,,,,,,,
,,,0.3448979592,0.2283783784,0.4020408163,0.1476761619,,,,,,,,,,,,
,,,0.3448979592,0.2286874154,0.4020408163,0.1477869467,,,,,,,,,,,,
,,,0.3448979592,0.22899729,0.4020408163,0.1478978979,,,,,,,,,,,,
,,,0.3448979592,0.2293080054,0.4020408163,0.1480090158,,,,,,,,,,,,
,,,0.3448979592,0.2296195652,0.4020408163,0.1481203008,,,,,,,,,,,,
,,,0.3428571429,0.2285714286,0.4020408163,0.1482317532,,,,,,,,,,,,
,,,0.3408163265,0.227520436,0.4020408163,0.1483433735,,,,,,,,,,,,
,,,0.3408163265,0.2278308322,0.4020408163,0.148455162,,,,,,,,,,,,
,,,0.3408163265,0.2281420765,0.4020408163,0.1485671192,,,,,,,,,,,,
,,,0.3408163265,0.2284541724,0.4020408163,0.1486792453,,,,,,,,,,,,
,,,0.3408163265,0.2287671233,0.4020408163,0.1487915408,,,,,,,,,,,,
,,,0.3408163265,0.2290809328,0.4020408163,0.148904006,,,,,,,,,,,,
,,,0.3408163265,0.2293956044,0.4020408163,0.1490166415,,,,,,,,,,,,
,,,0.3408163265,0.2297111417,0.4020408163,0.1491294474,,,,,,,,,,,,
,,,0.3408163265,0.2303448276,0.4020408163,0.1492424242,,,,,,,,,,,,
,,,0.3408163265,0.2306629834,0.4020408163,0.1493555724,,,,,,,,,,,,
,,,0.3408163265,0.2309820194,0.4020408163,0.1494688923,,,,,,,,,,,,
,,,0.3387755102,0.2299168975,0.4020408163,0.1495823842,,,,,,,,,,,,
,,,0.3387755102,0.2302357836,0.4020408163,0.1496960486,,,,,,,,,,,,
,,,0.3387755102,0.2305555556,0.4020408163,0.1498098859,,,,,,,,,,,,
,,,0.3387755102,0.230876217,0.4020408163,0.1499238965,,,,,,,,,,,,
,,,0.3387755102,0.2311977716,0.4020408163,0.1500380807,,,,,,,,,,,,
,,,0.3387755102,0.2315202232,0.4,0.1493902439,,,,,,,,,,,,
,,,0.3387755102,0.2318435754,0.4,0.1495041953,,,,,,,,,,,,
,,,0.3387755102,0.2324929972,0.4,0.1496183206,,,,,,,,,,,,
,,,0.3387755102,0.2328190743,0.4,0.1497326203,,,,,,,,,,,,
,,,0.3387755102,0.2331460674,0.4,0.1498470948,,,,,,,,,,,,
,,,0.3387755102,0.2334739803,0.4,0.1499617445,,,,,,,,,,,,
,,,0.3387755102,0.2338028169,0.4,0.1500765697,,,,,,,,,,,,
,,,0.3367346939,0.2327221439,0.4,0.1501915709,,,,,,,,,,,,
,,,0.3367346939,0.2330508475,0.4,0.1503067485,,,,,,,,,,,,
,,,0.3367346939,0.2333804809,0.4,0.1504221028,,,,,,,,,,,,
,,,0.3367346939,0.2340425532,0.4,0.1505376344,,,,,,,,,,,,
,,,0.3367346939,0.234375,0.4,0.1506533436,,,,,,,,,,,,
,,,0.3346938776,0.2332859175,0.4,0.1507692308,,,,,,,,,,,,
,,,0.3346938776,0.2336182336,0.4,0.1508852964,,,,,,,,,,,,
,,,0.3346938776,0.2339514979,0.3979591837,0.1502311248,,,,,,,,,,,,
,,,0.3346938776,0.2342857143,0.3979591837,0.1503469545,,,,,,,,,,,,
,,,0.3326530612,0.2331902718,0.3979591837,0.150462963,,,,,,,,,,,,
,,,0.3326530612,0.2335243553,0.3979591837,0.1505791506,,,,,,,,,,,,
,,,0.3326530612,0.2338593974,0.3979591837,0.1506955178,,,,,,,,,,,,
,,,0.3326530612,0.2341954023,0.3979591837,0.150812065,,,,,,,,,,,,
,,,0.3326530612,0.2345323741,0.3979591837,0.1509287926,,,,,,,,,,,,
,,,0.3326530612,0.234870317,0.3959183673,0.1502711077,,,,,,,,,,,,
,,,0.3326530612,0.2352092352,0.3959183673,0.1503875969,,,,,,,,,,,,
,,,0.3306122449,0.2341040462,0.3959183673,0.1505042669,,,,,,,,,,,,
,,,0.3306122449,0.2344428365,0.3959183673,0.150621118,,,,,,,,,,,,
,,,0.3306122449,0.2347826087,0.3959183673,0.1507381507,,,,,,,,,,,,
,,,0.3306122449,0.2351233672,0.3959183673,0.1508553655,,,,,,,,,,,,
,,,0.3285714286,0.2340116279,0.3959183673,0.1509727626,,,,,,,,,,,,
,,,0.3285714286,0.2343522562,0.3959183673,0.1510903427,,,,,,,,,,,,
,,,0.3285714286,0.2346938776,0.393877551,0.1504286828,,,,,,,,,,,,
,,,0.3285714286,0.2350364964,0.393877551,0.1505460218,,,,,,,,,,,,
,,,0.3285714286,0.235380117,0.393877551,0.1506635441,,,,,,,,,,,,
,,,0.3285714286,0.2357247438,0.393877551,0.15078125,,,,,,,,,,,,
,,,0.3285714286,0.2360703812,0.393877551,0.15089914,,,,,,,,,,,,
,,,0.3265306122,0.234948605,0.393877551,0.1510172144,,,,,,,,,,,,
,,,0.3244897959,0.2338235294,0.393877551,0.1511354738,,,,,,,,,,,,
,,,0.3224489796,0.2326951399,0.3918367347,0.1504702194,,,,,,,,,,,,
,,,0.3224489796,0.2330383481,0.3897959184,0.1498039216,,,,,,,,,,,,
,,,0.3224489796,0.2333825702,0.3897959184,0.1499215071,,,,,,,,,,,,
,,,0.3224489796,0.2337278107,0.387755102,0.1492537313,,,,,,,,,,,,
,,,0.3224489796,0.2340740741,0.387755102,0.1493710692,,,,,,,,,,,,
,,,0.3224489796,0.234421365,0.387755102,0.1494885917,,,,,,,,,,,,
,,,0.3204081633,0.2332838039,0.387755102,0.1496062992,,,,,,,,,,,,
,,,0.3204081633,0.2336309524,0.387755102,0.1497241923,,,,,,,,,,,,
,,,0.3204081633,0.2343283582,0.387755102,0.1498422713,,,,,,,,,,,,
,,,0.3204081633,0.2346786248,0.387755102,0.1499605367,,,,,,,,,,,,
,,,0.3204081633,0.2350299401,0.387755102,0.1500789889,,,,,,,,,,,,
,,,0.3204081633,0.2353823088,0.387755102,0.1501976285,,,,,,,,,,,,
,,,0.3204081633,0.2357357357,0.3857142857,0.1495253165,,,,,,,,,,,,
,,,0.3204081633,0.2360902256,0.3857142857,0.1496437055,,,,,,,,,,,,
,,,0.3204081633,0.2364457831,0.3857142857,0.1497622821,,,,,,,,,,,,
,,,0.3204081633,0.2368024133,0.3857142857,0.1498810468,,,,,,,,,,,,
,,,0.3204081633,0.2371601208,0.3857142857,0.15,,,,,,,,,,,,
,,,0.3183673469,0.2360060514,0.3857142857,0.1501191422,,,,,,,,,,,,
,,,0.3183673469,0.2363636364,0.3857142857,0.1502384738,,,,,,,,,,,,
,,,0.3183673469,0.2367223065,0.3836734694,0.1495624503,,,,,,,,,,,,
,,,0.3183673469,0.2370820669,0.3836734694,0.1496815287,,,,,,,,,,,,
,,,0.3183673469,0.2374429224,0.3836734694,0.1498007968,,,,,,,,,,,,
,,,0.3183673469,0.237804878,0.3836734694,0.1499202552,,,,,,,,,,,,
,,,0.3183673469,0.2381679389,0.3816326531,0.1492418196,,,,,,,,,,,,
,,,0.3163265306,0.2370030581,0.3816326531,0.1493610224,,,,,,,,,,,,
,,,0.3163265306,0.2373660031,0.3816326531,0.1494804157,,,,,,,,,,,,
,,,0.3163265306,0.2377300613,0.3816326531,0.1496,,,,,,,,,,,,
,,,0.3163265306,0.2380952381,0.3816326531,0.1497197758,,,,,,,,,,,,
,,,0.3163265306,0.2384615385,0.3816326531,0.1498397436,,,,,,,,,,,,
,,,0.3163265306,0.2388289676,0.3816326531,0.1499599038,,,,,,,,,,,,
,,,0.3142857143,0.237654321,0.3816326531,0.1500802568,,,,,,,,,,,,
,,,0.3142857143,0.2380216383,0.3816326531,0.1502008032,,,,,,,,,,,,
,,,0.3142857143,0.2383900929,0.3816326531,0.1503215434,,,,,,,,,,,,
,,,0.3142857143,0.2387596899,0.3816326531,0.1504424779,,,,,,,,,,,,
,,,0.312244898,0.2375776398,0.3816326531,0.1505636071,,,,,,,,,,,,
,,,0.312244898,0.2379471229,0.3816326531,0.1506849315,,,,,,,,,,,,
,,,0.312244898,0.238317757,0.3816326531,0.1508064516,,,,,,,,,,,,
,,,0.312244898,0.2386895476,0.3816326531,0.1509281679,,,,,,,,,,,,
,,,0.312244898,0.2390625,0.3816326531,0.1510500808,,,,,,,,,,,,
,,,0.312244898,0.2394366197,0.3816326531,0.1511721908,,,,,,,,,,,,
,,,0.312244898,0.2398119122,0.3816326531,0.1512944984,,,,,,,,,,,,
,,,0.312244898,0.240188383,0.3816326531,0.151417004,,,,,,,,,,,,
,,,0.312244898,0.2405660377,0.3816326531,0.1515397083,,,,,,,,,,,,
,,,0.312244898,0.2409448819,0.3795918367,0.1508515815,,,,,,,,,,,,
,,,0.3102040816,0.2401263823,0.3795918367,0.150974026,,,,,,,,,,,,
,,,0.3102040816,0.2405063291,0.3795918367,0.1510966694,,,,,,,,,,,,
,,,0.3102040816,0.2408874802,0.3795918367,0.1512195122,,,,,,,,,,,,
,,,0.3081632653,0.2396825397,0.3795918367,0.1513425549,,,,,,,,,,,,
,,,0.3081632653,0.240063593,0.3795918367,0.151465798,,,,,,,,,,,,
,,,0.3081632653,0.2404458599,0.3775510204,0.1507742461,,,,,,,,,,,,
,,,0.306122449,0.2392344498,0.3775510204,0.1508972268,,,,,,,,,,,,
,,,0.306122449,0.2396166134,0.3775510204,0.1510204082,,,,,,,,,,,,
,,,0.306122449,0.24,0.3775510204,0.1511437908,,,,,,,,,,,,
,,,0.306122449,0.2403846154,0.3775510204,0.1512673753,,,,,,,,,,,,
,,,0.306122449,0.2407704655,0.3775510204,0.151391162,,,,,,,,,,,,
,,,0.306122449,0.2411575563,0.3775510204,0.1515151515,,,,,,,,,,,,
,,,0.306122449,0.2415458937,0.3775510204,0.1516393443,,,,,,,,,,,,
,,,0.306122449,0.2419354839,0.3775510204,0.1517637408,,,,,,,,,,,,
,,,0.306122449,0.2423263328,0.3775510204,0.1518883415,,,,,,,,,,,,
,,,0.306122449,0.2427184466,0.3775510204,0.1520131471,,,,,,,,,,,,
,,,0.306122449,0.2431118314,0.3755102041,0.1513157895,,,,,,,,,,,,
,,,0.306122449,0.2435064935,0.3755102041,0.1514403292,,,,,,,,,,,,
,,,0.306122449,0.243902439,0.3755102041,0.1515650741,,,,,,,,,,,,
,,,0.306122449,0.2442996743,0.3734693878,0.1508656224,,,,,,,,,,,,
,,,0.306122449,0.2446982055,0.3734693878,0.150990099,,,,,,,,,,,,
,,,0.3040816327,0.2434640523,0.3734693878,0.1511147812,,,,,,,,,,,,
,,,0.3040816327,0.2438625205,0.3734693878,0.1512396694,,,,,,,,,,,,
,,,0.3040816327,0.2442622951,0.3714285714,0.1505376344,,,,,,,,,,,,
,,,0.3020408163,0.2430213465,0.3714285714,0.1506622517,,,,,,,,,,,,
,,,0.3020408163,0.2434210526,0.3714285714,0.1507870754,,,,,,,,,,,,
,,,0.3020408163,0.2438220758,0.3714285714,0.1509121061,,,,,,,,,,,,
,,,0.3,0.2425742574,0.3714285714,0.1510373444,,,,,,,,,,,,
,,,0.3,0.2429752066,0.3693877551,0.1503322259,,,,,,,,,,,,
,,,0.2979591837,0.2417218543,0.3693877551,0.1504571904,,,,,,,,,,,,
,,,0.2979591837,0.2421227197,0.3693877551,0.1505823627,,,,,,,,,,,,
,,,0.2979591837,0.2425249169,0.3673469388,0.1498751041,,,,,,,,,,,,
,,,0.2959183673,0.2412645591,0.3673469388,0.15,,,,,,,,,,,,
,,,0.2959183673,0.2416666667,0.3653061224,0.1492910759,,,,,,,,,,,,
,,,0.2959183673,0.2420701169,0.3653061224,0.1494156928,,,,,,,,,,,,
,,,0.2959183673,0.2424749164,0.3632653061,0.1487050961,,,,,,,,,,,,
,,,0.2959183673,0.242881072,0.3632653061,0.1488294314,,,,,,,,,,,,
,,,0.2959183673,0.2432885906,0.3632653061,0.1489539749,,,,,,,,,,,,
,,,0.293877551,0.2420168067,0.3632653061,0.149078727,,,,,,,,,,,,
,,,0.293877551,0.2424242424,0.3632653061,0.1492036882,,,,,,,,,,,,
,,,0.293877551,0.2428330523,0.3632653061,0.1493288591,,,,,,,,,,,,
,,,0.293877551,0.2432432432,0.3632653061,0.1494542401,,,,,,,,,,,,
,,,0.293877551,0.2436548223,0.3632653061,0.1495798319,,,,,,,,,,,,
,,,0.293877551,0.2440677966,0.3632653061,0.149705635,,,,,,,,,,,,
,,,0.293877551,0.2444821732,0.3632653061,0.1498316498,,,,,,,,,,,,
,,,0.293877551,0.2448979592,0.3632653061,0.149957877,,,,,,,,,,,,
,,,0.293877551,0.2453151618,0.3632653061,0.150084317,,,,,,,,,,,,
,,,0.293877551,0.2457337884,0.3632653061,0.1502109705,,,,,,,,,,,,
,,,0.293877551,0.2461538462,0.3632653061,0.1503378378,,,,,,,,,,,,
,,,0.2918367347,0.2448630137,0.3632653061,0.1504649197,,,,,,,,,,,,
,,,0.2897959184,0.243567753,0.3632653061,0.1505922166,,,,,,,,,,,,
,,,0.2897959184,0.2439862543,0.3632653061,0.150719729,,,,,,,,,,,,
,,,0.287755102,0.2426850258,0.3632653061,0.1508474576,,,,,,,,,,,,
,,,0.287755102,0.2431034483,0.3632653061,0.1509754029,,,,,,,,,,,,
,,,0.287755102,0.2435233161,0.3632653061,0.1511035654,,,,,,,,,,,,
,,,0.287755102,0.2439446367,0.3632653061,0.1512319456,,,,,,,,,,,,
,,,0.287755102,0.2443674177,0.3632653061,0.1513605442,,,,,,,,,,,,
,,,0.287755102,0.2447916667,0.3632653061,0.1514893617,,,,,,,,,,,,
,,,0.287755102,0.2452173913,0.3632653061,0.1516183986,,,,,,,,,,,,
,,,0.287755102,0.2456445993,0.3632653061,0.1517476556,,,,,,,,,,,,
,,,0.287755102,0.2460732984,0.3632653061,0.1518771331,,,,,,,,,,,,
,,,0.2857142857,0.2447552448,0.3632653061,0.1520068318,,,,,,,,,,,,
,,,0.2857142857,0.2451838879,0.3632653061,0.1521367521,,,,,,,,,,,,
,,,0.2836734694,0.2438596491,0.3632653061,0.1522668948,,,,,,,,,,,,
,,,0.2836734694,0.2447183099,0.3632653061,0.1523972603,,,,,,,,,,,,
,,,0.2836734694,0.2451499118,0.3632653061,0.1525278492,,,,,,,,,,,,
,,,0.2816326531,0.2438162544,0.3632653061,0.1526586621,,,,,,,,,,,,
,,,0.2816326531,0.2442477876,0.3632653061,0.1527896996,,,,,,,,,,,,
,,,0.2816326531,0.2446808511,0.3632653061,0.1529209622,,,,,,,,,,,,
,,,0.2816326531,0.2451154529,0.3632653061,0.1530524506,,,,,,,,,,,,
,,,0.2816326531,0.2459893048,0.3632653061,0.1531841652,,,,,,,,,,,,
,,,0.2816326531,0.2464285714,0.3632653061,0.1533161068,,,,,,,,,,,,
,,,0.2795918367,0.2450805009,0.3632653061,0.1534482759,,,,,,,,,,,,
,,,0.2795918367,0.2455197133,0.3632653061,0.153580673,,,,,,,,,,,,
,,,0.2795918367,0.2459605027,0.3632653061,0.1537132988,,,,,,,,,,,,
,,,0.2775510204,0.245045045,0.3612244898,0.1529818496,,,,,,,,,,,,
,,,0.2775510204,0.2454873646,0.3612244898,0.1531141869,,,,,,,,,,,,
,,,0.2755102041,0.2441229656,0.3612244898,0.1532467532,,,,,,,,,,,,
,,,0.2755102041,0.2445652174,0.3612244898,0.1533795494,,,,,,,,,,,,
,,,0.2755102041,0.2450090744,0.3612244898,0.1535125759,,,,,,,,,,,,
,,,0.2755102041,0.2454545455,0.3612244898,0.1536458333,,,,,,,,,,,,
,,,0.2755102041,0.2459016393,0.3612244898,0.1537793223,,,,,,,,,,,,
,,,0.2755102041,0.246350365,0.3612244898,0.1539130435,,,,,,,,,,,,
,,,0.2755102041,0.2468007313,0.3612244898,0.1540469974,,,,,,,,,,,,
,,,0.2755102041,0.2472527473,0.3612244898,0.1541811847,,,,,,,,,,,,
,,,0.2734693878,0.2458715596,0.3612244898,0.1543156059,,,,,,,,,,,,
,,,0.2714285714,0.2444852941,0.3612244898,0.1544502618,,,,,,,,,,,,
,,,0.2714285714,0.2449355433,0.3612244898,0.1545851528,,,,,,,,,,,,
,,,0.2714285714,0.2453874539,0.3612244898,0.1547202797,,,,,,,,,,,,
,,,0.2714285714,0.2458410351,0.3612244898,0.154855643,,,,,,,,,,,,
,,,0.2714285714,0.2462962963,0.3612244898,0.1549912434,,,,,,,,,,,,
,,,0.2714285714,0.2467532468,0.3612244898,0.1551270815,,,,,,,,,,,,
,,,0.2693877551,0.2453531599,0.3612244898,0.1552631579,,,,,,,,,,,,
,,,0.2693877551,0.2458100559,0.3612244898,0.1553994732,,,,,,,,,,,,
,,,0.2693877551,0.2462686567,0.3612244898,0.1555360281,,,,,,,,,,,,
,,,0.2693877551,0.246728972,0.3612244898,0.1556728232,,,,,,,,,,,,
,,,0.2673469388,0.2453183521,0.3612244898,0.1558098592,,,,,,,,,,,,
,,,0.2673469388,0.2457786116,0.3612244898,0.1559471366,,,,,,,,,,,,
,,,0.2673469388,0.2462406015,0.3612244898,0.1560846561,,,,,,,,,,,,
,,,0.2673469388,0.2467043315,0.3612244898,0.1562224184,,,,,,,,,,,,
,,,0.2673469388,0.2471698113,0.3612244898,0.156360424,,,,,,,,,,,,
,,,0.2673469388,0.247637051,0.3612244898,0.1564986737,,,,,,,,,,,,
,,,0.2673469388,0.2485768501,0.3612244898,0.1566371681,,,,,,,,,,,,
,,,0.2673469388,0.2490494297,0.3612244898,0.1567759079,,,,,,,,,,,,
,,,0.2673469388,0.2495238095,0.3612244898,0.1569148936,,,,,,,,,,,,
,,,0.2673469388,0.25,0.3612244898,0.157054126,,,,,,,,,,,,
,,,0.2653061224,0.2485659656,0.3612244898,0.1571936057,,,,,,,,,,,,
,,,0.2632653061,0.2471264368,0.3612244898,0.1573333333,,,,,,,,,,,,
,,,0.2612244898,0.245681382,0.3612244898,0.1574733096,,,,,,,,,,,,
,,,0.2612244898,0.2461538462,0.3612244898,0.1576135352,,,,,,,,,,,,
,,,0.2612244898,0.246628131,0.3612244898,0.1577540107,,,,,,,,,,,,
,,,0.2612244898,0.2471042471,0.3612244898,0.1578947368,,,,,,,,,,,,
,,,0.2591836735,0.2456479691,0.3591836735,0.1571428571,,,,,,,,,,,,
,,,0.2591836735,0.246124031,0.3591836735,0.1572832887,,,,,,,,,,,,
,,,0.2591836735,0.2470817121,0.3591836735,0.1574239714,,,,,,,,,,,,
,,,0.2571428571,0.2456140351,0.3591836735,0.157564906,,,,,,,,,,,,
,,,0.2571428571,0.24609375,0.3591836735,0.1577060932,,,,,,,,,,,,
,,,0.2551020408,0.2446183953,0.3591836735,0.1578475336,,,,,,,,,,,,
,,,0.2551020408,0.2450980392,0.3571428571,0.1570915619,,,,,,,,,,,,
,,,0.2551020408,0.2455795678,0.3571428571,0.1572327044,,,,,,,,,,,,
,,,0.2551020408,0.2460629921,0.3551020408,0.1564748201,,,,,,,,,,,,
,,,0.2551020408,0.2465483235,0.3530612245,0.1557155716,,,,,,,,,,,,
,,,0.2551020408,0.2470355731,0.3530612245,0.1558558559,,,,,,,,,,,,
,,,0.2551020408,0.2475247525,0.3510204082,0.1550946799,,,,,,,,,,,,
,,,0.2551020408,0.248015873,0.3510204082,0.155234657,,,,,,,,,,,,
,,,0.2551020408,0.2485089463,0.3510204082,0.1553748871,,,,,,,,,,,,
,,,0.2551020408,0.2490039841,0.3510204082,0.1555153707,,,,,,,,,,,,
,,,0.2551020408,0.249500998,0.3510204082,0.1556561086,,,,,,,,,,,,
,,,0.2551020408,0.25,0.3510204082,0.1557971014,,,,,,,,,,,,
,,,0.2551020408,0.250501002,0.3510204082,0.15593835,,,,,,,,,,,,
,,,0.2551020408,0.2510040161,0.3510204082,0.1560798548,,,,,,,,,,,,
,,,0.2551020408,0.2515090543,0.3510204082,0.1562216167,,,,,,,,,,,,
,,,0.2551020408,0.252016129,0.3510204082,0.1563636364,,,,,,,,,,,,
,,,0.2551020408,0.2525252525,0.3510204082,0.1565059145,,,,,,,,,,,,
,,,0.2551020408,0.2530364372,0.3510204082,0.1566484517,,,,,,,,,,,,
,,,0.2551020408,0.2535496957,0.3489795918,0.1558796718,,,,,,,,,,,,
,,,0.2551020408,0.2540650407,0.3489795918,0.1560218978,,,,,,,,,,,,
,,,0.2551020408,0.2545824847,0.3469387755,0.1552511416,,,,,,,,,,,,
,,,0.2551020408,0.2551020408,0.3469387755,0.155393053,,,,,,,,,,,,
,,,0.2551020408,0.2556237219,0.3469387755,0.1555352242,,,,,,,,,,,,
,,,0.2551020408,0.256147541,0.3469387755,0.1556776557,,,,,,,,,,,,
,,,0.2551020408,0.2566735113,0.3469387755,0.1558203483,,,,,,,,,,,,
,,,0.2551020408,0.2572016461,0.3469387755,0.1559633028,,,,,,,,,,,,
,,,0.2551020408,0.2577319588,0.3469387755,0.1561065197,,,,,,,,,,,,
,,,0.2551020408,0.2587991718,0.3469387755,0.15625,,,,,,,,,,,,
,,,0.2551020408,0.2593360996,0.3469387755,0.1563937443,,,,,,,,,,,,
,,,0.2551020408,0.2598752599,0.3469387755,0.1565377532,,,,,,,,,,,,
,,,0.2551020408,0.2604166667,0.3469387755,0.1566820276,,,,,,,,,,,,
,,,0.2530612245,0.2588726514,0.3469387755,0.1568265683,,,,,,,,,,,,
,,,0.2510204082,0.2573221757,0.3469387755,0.1569713758,,,,,,,,,,,,
,,,0.2510204082,0.2578616352,0.3469387755,0.157116451,,,,,,,,,,,,
,,,0.2510204082,0.2584033613,0.3469387755,0.1572617946,,,,,,,,,,,,
,,,0.2489795918,0.2568421053,0.3448979592,0.1564814815,,,,,,,,,,,,
,,,0.2489795918,0.2573839662,0.3448979592,0.156626506,,,,,,,,,,,,
,,,0.2489795918,0.2579281184,0.3448979592,0.1567717996,,,,,,,,,,,,
,,,0.2489795918,0.2584745763,0.3448979592,0.156917363,,,,,,,,,,,,
,,,0.2489795918,0.2590233546,0.3448979592,0.157063197,,,,,,,,,,,,
,,,0.2489795918,0.2595744681,0.3448979592,0.1572093023,,,,,,,,,,,,
,,,0.2489795918,0.2601279318,0.3448979592,0.1573556797,,,,,,,,,,,,
,,,0.2489795918,0.2606837607,0.3428571429,0.1565703635,,,,,,,,,,,,
,,,0.2489795918,0.26124197,0.3428571429,0.1567164179,,,,,,,,,,,,
,,,0.2489795918,0.2618025751,0.3428571429,0.1568627451,,,,,,,,,,,,
,,,0.2489795918,0.2623655914,0.3408163265,0.1560747664,,,,,,,,,,,,
,,,0.2489795918,0.2629310345,0.3408163265,0.1562207671,,,,,,,,,,,,
,,,0.2469387755,0.2613390929,0.3408163265,0.1563670412,,,,,,,,,,,,
,,,0.2448979592,0.2597402597,0.3408163265,0.1565135895,,,,,,,,,,,,
,,,0.2448979592,0.2603036876,0.3408163265,0.1566604128,,,,,,,,,,,,
,,,0.2448979592,0.2608695652,0.3387755102,0.1558685446,,,,,,,,,,,,
,,,0.2448979592,0.2614379085,0.3387755102,0.1560150376,,,,,,,,,,,,
,,,0.2448979592,0.2620087336,0.3367346939,0.1552210724,,,,,,,,,,,,
,,,0.2448979592,0.2625820569,0.3367346939,0.1553672316,,,,,,,,,,,,
,,,0.2448979592,0.2631578947,0.3367346939,0.1555136664,,,,,,,,,,,,
,,,0.2448979592,0.2637362637,0.3367346939,0.1556603774,,,,,,,,,,,,
,,,0.2448979592,0.2643171806,0.3346938776,0.1548630784,,,,,,,,,,,,
,,,0.2448979592,0.2649006623,0.3346938776,0.1550094518,,,,,,,,,,,,
,,,0.2428571429,0.2632743363,0.3346938776,0.1551561022,,,,,,,,,,,,
,,,0.2428571429,0.2638580931,0.3346938776,0.1553030303,,,,,,,,,,,,
,,,0.2428571429,0.2644444444,0.3326530612,0.1545023697,,,,,,,,,,,,
,,,0.2428571429,0.2650334076,0.3326530612,0.1546489564,,,,,,,,,,,,
,,,0.2428571429,0.265625,0.3326530612,0.1547958215,,,,,,,,,,,,
,,,0.2428571429,0.2662192394,0.3326530612,0.1549429658,,,,,,,,,,,,
,,,0.2428571429,0.2668161435,0.3326530612,0.1550903901,,,,,,,,,,,,
,,,0.2428571429,0.2674157303,0.3326530612,0.1552380952,,,,,,,,,,,,
,,,0.2428571429,0.268018018,0.3326530612,0.155386082,,,,,,,,,,,,
,,,0.2428571429,0.2686230248,0.3326530612,0.1555343511,,,,,,,,,,,,
,,,0.2428571429,0.2692307692,0.3306122449,0.1547277937,,,,,,,,,,,,
,,,0.2428571429,0.2698412698,0.3306122449,0.154875717,,,,,,,,,,,,
,,,0.2428571429,0.2704545455,0.3306122449,0.1550239234,,,,,,,,,,,,
,,,0.2428571429,0.271070615,0.3306122449,0.1551724138,,,,,,,,,,,,
,,,0.2428571429,0.2716894977,0.3306122449,0.1553211889,,,,,,,,,,,,
,,,0.2428571429,0.2723112128,0.3306122449,0.1554702495,,,,,,,,,,,,
,,,0.2428571429,0.2729357798,0.3306122449,0.1556195965,,,,,,,,,,,,
,,,0.2428571429,0.2735632184,0.3306122449,0.1557692308,,,,,,,,,,,,
,,,0.2408163265,0.2718894009,0.3306122449,0.155919153,,,,,,,,,,,,
,,,0.2408163265,0.272517321,0.3306122449,0.1560693642,,,,,,,,,,,,
,,,0.2408163265,0.2731481481,0.3306122449,0.156219865,,,,,,,,,,,,
,,,0.2408163265,0.2744186047,0.3306122449,0.1563706564,,,,,,,,,,,,
,,,0.2408163265,0.2750582751,0.3306122449,0.1565217391,,,,,,,,,,,,
,,,0.2387755102,0.273364486,0.3306122449,0.1566731141,,,,,,,,,,,,
,,,0.2367346939,0.2716627635,0.3306122449,0.1568247822,,,,,,,,,,,,
,,,0.2346938776,0.2699530516,0.3306122449,0.1569767442,,,,,,,,,,,,
,,,0.2346938776,0.2705882353,0.3306122449,0.157129001,,,,,,,,,,,,
,,,0.2346938776,0.2712264151,0.3306122449,0.1572815534,,,,,,,,,,,,
,,,0.2346938776,0.2718676123,0.3306122449,0.1574344023,,,,,,,,,,,,
,,,0.2346938776,0.2725118483,0.3306122449,0.1575875486,,,,,,,,,,,,
,,,0.2346938776,0.2731591449,0.3306122449,0.1577409932,,,,,,,,,,,,
,,,0.2346938776,0.2738095238,0.3306122449,0.1578947368,,,,,,,,,,,,
,,,0.2326530612,0.2720763723,0.3306122449,0.1580487805,,,,,,,,,,,,
,,,0.2326530612,0.2727272727,0.3306122449,0.158203125,,,,,,,,,,,,
,,,0.2326530612,0.273381295,0.3285714286,0.1573802542,,,,,,,,,,,,
,,,0.2306122449,0.2716346154,0.3285714286,0.1575342466,,,,,,,,,,,,
,,,0.2306122449,0.2722891566,0.3285714286,0.1576885406,,,,,,,,,,,,
,,,0.2306122449,0.2729468599,0.3285714286,0.1578431373,,,,,,,,,,,,
,,,0.2285714286,0.2711864407,0.3285714286,0.1579980373,,,,,,,,,,,,
,,,0.2285714286,0.2718446602,0.3285714286,0.1581532417,,,,,,,,,,,,
,,,0.2285714286,0.2725060827,0.3285714286,0.1583087512,,,,,,,,,,,,
,,,0.2285714286,0.2731707317,0.3285714286,0.1584645669,,,,,,,,,,,,
,,,0.2285714286,0.2738386308,0.3285714286,0.1586206897,,,,,,,,,,,,
,,,0.2285714286,0.2745098039,0.3285714286,0.1587771203,,,,,,,,,,,,
,,,0.2285714286,0.275862069,0.3285714286,0.1589338598,,,,,,,,,,,,
,,,0.2265306122,0.2740740741,0.3285714286,0.1590909091,,,,,,,,,,,,
,,,0.2265306122,0.2747524752,0.3285714286,0.159248269,,,,,,,,,,,,
,,,0.2265306122,0.2754342432,0.3285714286,0.1594059406,,,,,,,,,,,,
,,,0.2265306122,0.276119403,0.3285714286,0.1595639247,,,,,,,,,,,,
,,,0.2244897959,0.2743142145,0.3285714286,0.1597222222,,,,,,,,,,,,
,,,0.2244897959,0.275,0.3285714286,0.1598808342,,,,,,,,,,,,
,,,0.2224489796,0.2731829574,0.3285714286,0.1600397614,,,,,,,,,,,,
,,,0.2224489796,0.2738693467,0.3285714286,0.160199005,,,,,,,,,,,,
,,,0.2224489796,0.274559194,0.3285714286,0.1603585657,,,,,,,,,,,,
,,,0.2224489796,0.2752525253,0.3285714286,0.1605184447,,,,,,,,,,,,
,,,0.2224489796,0.2759493671,0.3285714286,0.1606786427,,,,,,,,,,,,
,,,0.2224489796,0.2766497462,0.3265306122,0.1598401598,,,,,,,,,,,,
,,,0.2224489796,0.2773536896,0.3244897959,0.159,,,,,,,,,,,,
,,,0.2204081633,0.2755102041,0.3244897959,0.1591591592,,,,,,,,,,,,
,,,0.2204081633,0.2762148338,0.3244897959,0.1593186373,,,,,,,,,,,,
,,,0.2204081633,0.2769230769,0.3244897959,0.1594784353,,,,,,,,,,,,
,,,0.2183673469,0.2750642674,0.3224489796,0.1586345382,,,,,,,,,,,,
,,,0.2183673469,0.2757731959,0.3224489796,0.1587939698,,,,,,,,,,,,
,,,0.2183673469,0.2764857881,0.3204081633,0.1579476861,,,,,,,,,,,,
,,,0.2183673469,0.2772020725,0.3204081633,0.1581067472,,,,,,,,,,,,
,,,0.2183673469,0.2779220779,0.3204081633,0.158266129,,,,,,,,,,,,
,,,0.2183673469,0.2786458333,0.3204081633,0.1584258325,,,,,,,,,,,,
,,,0.2183673469,0.2793733681,0.3204081633,0.1585858586,,,,,,,,,,,,
,,,0.2183673469,0.280104712,0.3204081633,0.1587462083,,,,,,,,,,,,
,,,0.2183673469,0.280839895,0.3204081633,0.1589068826,,,,,,,,,,,,
,,,0.2183673469,0.2815789474,0.3204081633,0.1590678825,,,,,,,,,,,,
,,,0.2183673469,0.2823218997,0.3204081633,0.1592292089,,,,,,,,,,,,
,,,0.2183673469,0.2830687831,0.3204081633,0.1593908629,,,,,,,,,,,,
,,,0.2183673469,0.2838196286,0.3204081633,0.1595528455,,,,,,,,,,,,
,,,0.2163265306,0.2819148936,0.3204081633,0.1597151577,,,,,,,,,,,,
,,,0.2163265306,0.2826666667,0.3204081633,0.1598778004,,,,,,,,,,,,
,,,0.2163265306,0.2834224599,0.3204081633,0.1600407747,,,,,,,,,,,,
,,,0.2163265306,0.2841823056,0.3204081633,0.1602040816,,,,,,,,,,,,
,,,0.2163265306,0.2849462366,0.3204081633,0.1603677222,,,,,,,,,,,,
,,,0.2163265306,0.2857142857,0.3204081633,0.1605316973,,,,,,,,,,,,
,,,0.2142857143,0.2845528455,0.3204081633,0.1606960082,,,,,,,,,,,,
,,,0.2142857143,0.285326087,0.3204081633,0.1608606557,,,,,,,,,,,,
,,,0.2142857143,0.2861035422,0.3183673469,0.16,,,,,,,,,,,,
,,,0.2142857143,0.2868852459,0.3183673469,0.160164271,,,,,,,,,,,,
,,,0.212244898,0.2849315068,0.3183673469,0.1603288798,,,,,,,,,,,,
,,,0.212244898,0.2857142857,0.3183673469,0.1604938272,,,,,,,,,,,,
,,,0.2102040816,0.2837465565,0.3183673469,0.1606591143,,,,,,,,,,,,
,,,0.2102040816,0.2845303867,0.3183673469,0.1608247423,,,,,,,,,,,,
,,,0.2081632653,0.2825484765,0.3183673469,0.1609907121,,,,,,,,,,,,
,,,0.2081632653,0.2833333333,0.3183673469,0.1611570248,,,,,,,,,,,,
,,,0.2081632653,0.2841225627,0.3183673469,0.1613236815,,,,,,,,,,,,
,,,0.2081632653,0.2849162011,0.3183673469,0.1614906832,,,,,,,,,,,,
,,,0.206122449,0.2829131653,0.3183673469,0.1616580311,,,,,,,,,,,,
,,,0.2040816327,0.2816901408,0.3163265306,0.1607883817,,,,,,,,,,,,
,,,0.2040816327,0.2824858757,0.3142857143,0.1599169263,,,,,,,,,,,,
,,,0.2040816327,0.283286119,0.3142857143,0.1600831601,,,,,,,,,,,,
,,,0.2040816327,0.2840909091,0.312244898,0.1592091571,,,,,,,,,,,,
,,,0.2020408163,0.2820512821,0.312244898,0.159375,,,,,,,,,,,,
,,,0.2,0.28,0.312244898,0.1595411887,,,,,,,,,,,,
,,,0.2,0.2808022923,0.312244898,0.1597077244,,,,,,,,,,,,
,,,0.1979591837,0.2787356322,0.312244898,0.1598746082,,,,,,,,,,,,
,,,0.1979591837,0.2795389049,0.3102040816,0.1589958159,,,,,,,,,,,,
,,,0.1979591837,0.2803468208,0.3102040816,0.1591623037,,,,,,,,,,,,
,,,0.1979591837,0.2811594203,0.3102040816,0.1593291405,,,,,,,,,,,,
,,,0.1979591837,0.2819767442,0.3102040816,0.1594963274,,,,,,,,,,,,
,,,0.1979591837,0.2827988338,0.3081632653,0.1586134454,,,,,,,,,,,,
,,,0.1979591837,0.283625731,0.3081632653,0.1587802313,,,,,,,,,,,,
,,,0.1979591837,0.284457478,0.3081632653,0.1589473684,,,,,,,,,,,,
,,,0.1979591837,0.2852941176,0.306122449,0.158061117,,,,,,,,,,,,
,,,0.1979591837,0.2861356932,0.306122449,0.1582278481,,,,,,,,,,,,
,,,0.1979591837,0.2869822485,0.306122449,0.1583949314,,,,,,,,,,,,
,,,0.1979591837,0.2878338279,0.306122449,0.1585623679,,,,,,,,,,,,
,,,0.1979591837,0.2886904762,0.306122449,0.1587301587,,,,,,,,,,,,
,,,0.1979591837,0.2895522388,0.3040816327,0.1578389831,,,,,,,,,,,,
,,,0.1979591837,0.2904191617,0.3040816327,0.1580063627,,,,,,,,,,,,
,,,0.1979591837,0.2912912913,0.3020408163,0.1571125265,,,,,,,,,,,,
,,,0.1979591837,0.2921686747,0.3020408163,0.1572794899,,,,,,,,,,,,
,,,0.1979591837,0.2930513595,0.3020408163,0.1574468085,,,,,,,,,,,,
,,,0.1979591837,0.2939393939,0.3020408163,0.1576144835,,,,,,,,,,,,
,,,0.1979591837,0.2948328267,0.3020408163,0.157782516,,,,,,,,,,,,
,,,0.1979591837,0.2957317073,0.3020408163,0.1579509072,,,,,,,,,,,,
,,,0.1979591837,0.2966360856,0.3020408163,0.1581196581,,,,,,,,,,,,
,,,0.1979591837,0.2975460123,0.3020408163,0.1582887701,,,,,,,,,,,,
,,,0.1979591837,0.2984615385,0.3,0.1573875803,,,,,,,,,,,,
,,,0.1979591837,0.299382716,0.3,0.1575562701,,,,,,,,,,,,
,,,0.1979591837,0.3003095975,0.3,0.1577253219,,,,,,,,,,,,
,,,0.1979591837,0.301242236,0.3,0.1578947368,,,,,,,,,,,,
,,,0.1979591837,0.3021806854,0.3,0.1580645161,,,,,,,,,,,,
,,,0.1979591837,0.303125,0.3,0.1582346609,,,,,,,,,,,,
,,,0.1979591837,0.3040752351,0.3,0.1584051724,,,,,,,,,,,,
,,,0.1979591837,0.3050314465,0.3,0.1585760518,,,,,,,,,,,,
,,,0.1959183673,0.3028391167,0.3,0.1587473002,,,,,,,,,,,,
,,,0.193877551,0.3006329114,0.3,0.1589189189,,,,,,,,,,,,
,,,0.193877551,0.3015873016,0.2979591837,0.158008658,,,,,,,,,,,,
,,,0.1918367347,0.2993630573,0.2979591837,0.1581798483,,,,,,,,,,,,
,,,0.1918367347,0.3003194888,0.2979591837,0.15835141,,,,,,,,,,,,
,,,0.1918367347,0.3012820513,0.2979591837,0.1585233442,,,,,,,,,,,,
,,,0.1918367347,0.3022508039,0.2979591837,0.1586956522,,,,,,,,,,,,
,,,0.1918367347,0.3032258065,0.2979591837,0.1588683351,,,,,,,,,,,,
,,,0.1918367347,0.3042071197,0.2979591837,0.1590413943,,,,,,,,,,,,
,,,0.1918367347,0.3051948052,0.2979591837,0.159214831,,,,,,,,,,,,
,,,0.1897959184,0.3029315961,0.2979591837,0.1593886463,,,,,,,,,,,,
,,,0.1897959184,0.3039215686,0.2979591837,0.1595628415,,,,,,,,,,,,
,,,0.1897959184,0.3049180328,0.2979591837,0.1597374179,,,,,,,,,,,,
,,,0.1897959184,0.3059210526,0.2979591837,0.1599123768,,,,,,,,,,,,
,,,0.187755102,0.303630363,0.2979591837,0.1600877193,,,,,,,,,,,,
,,,0.187755102,0.3046357616,0.2959183673,0.1591657519,,,,,,,,,,,,
,,,0.187755102,0.3056478405,0.2959183673,0.1593406593,,,,,,,,,,,,
,,,0.187755102,0.3066666667,0.2959183673,0.1595159516,,,,,,,,,,,,
,,,0.1857142857,0.3043478261,0.2959183673,0.15969163,,,,,,,,,,,,
,,,0.1857142857,0.3053691275,0.2959183673,0.1598676957,,,,,,,,,,,,
,,,0.1857142857,0.3063973064,0.2959183673,0.1600441501,,,,,,,,,,,,
,,,0.1857142857,0.3074324324,0.2959183673,0.1602209945,,,,,,,,,,,,
,,,0.1836734694,0.3050847458,0.2959183673,0.1603982301,,,,,,,,,,,,
,,,0.1816326531,0.3027210884,0.2959183673,0.1605758583,,,,,,,,,,,,
,,,0.1816326531,0.3037542662,0.293877551,0.1596452328,,,,,,,,,,,,
,,,0.1795918367,0.301369863,0.2918367347,0.1587125416,,,,,,,,,,,,
,,,0.1795918367,0.3024054983,0.2918367347,0.1588888889,,,,,,,,,,,,
,,,0.1795918367,0.3034482759,0.2918367347,0.1590656285,,,,,,,,,,,,
,,,0.1795918367,0.3044982699,0.2918367347,0.1592427617,,,,,,,,,,,,
,,,0.1795918367,0.3055555556,0.2918367347,0.1594202899,,,,,,,,,,,,
,,,0.1775510204,0.3031358885,0.2918367347,0.1595982143,,,,,,,,,,,,
,,,0.1755102041,0.3006993007,0.2918367347,0.1597765363,,,,,,,,,,,,
,,,0.1755102041,0.301754386,0.2897959184,0.158836689,,,,,,,,,,,,
,,,0.1755102041,0.3028169014,0.2897959184,0.1590145577,,,,,,,,,,,,
,,,0.1755102041,0.3038869258,0.2897959184,0.1591928251,,,,,,,,,,,,
,,,0.1755102041,0.304964539,0.2897959184,0.1593714927,,,,,,,,,,,,
,,,0.1755102041,0.3060498221,0.2897959184,0.1595505618,,,,,,,,,,,,
,,,0.1734693878,0.3035714286,0.2897959184,0.1597300337,,,,,,,,,,,,
,,,0.1734693878,0.3046594982,0.2897959184,0.1599099099,,,,,,,,,,,,
,,,0.1734693878,0.3057553957,0.2897959184,0.1600901917,,,,,,,,,,,,
,,,0.1734693878,0.3068592058,0.2897959184,0.1602708804,,,,,,,,,,,,
,,,0.1734693878,0.3079710145,0.2897959184,0.1604519774,,,,,,,,,,,,
,,,0.1734693878,0.3090909091,0.2897959184,0.1606334842,,,,,,,,,,,,
,,,0.1734693878,0.3102189781,0.2897959184,0.160815402,,,,,,,,,,,,
,,,0.1734693878,0.3113553114,0.2897959184,0.1609977324,,,,,,,,,,,,
,,,0.1734693878,0.3125,0.2897959184,0.1611804767,,,,,,,,,,,,
,,,0.1734693878,0.3136531365,0.2897959184,0.1613636364,,,,,,,,,,,,
,,,0.1734693878,0.3148148148,0.2897959184,0.1615472127,,,,,,,,,,,,
,,,0.1734693878,0.3159851301,0.2897959184,0.1617312073,,,,,,,,,,,,
,,,0.1734693878,0.3171641791,0.2897959184,0.1619156214,,,,,,,,,,,,
,,,0.1734693878,0.3183520599,0.2897959184,0.1621004566,,,,,,,,,,,,
,,,0.1734693878,0.3195488722,0.2897959184,0.1622857143,,,,,,,,,,,,
,,,0.1734693878,0.320754717,0.2897959184,0.1624713959,,,,,,,,,,,,
,,,0.1734693878,0.321969697,0.2897959184,0.1626575029,,,,,,,,,,,,
,,,0.1714285714,0.319391635,0.2897959184,0.1628440367,,,,,,,,,,,,
,,,0.1714285714,0.320610687,0.2897959184,0.1630309989,,,,,,,,,,,,
,,,0.1714285714,0.3218390805,0.2897959184,0.1632183908,,,,,,,,,,,,
,,,0.1714285714,0.3230769231,0.2897959184,0.163406214,,,,,,,,,,,,
,,,0.1714285714,0.3243243243,0.2897959184,0.16359447,,,,,,,,,,,,
,,,0.1693877551,0.3217054264,0.2897959184,0.1637831603,,,,,,,,,,,,
,,,0.1673469388,0.3190661479,0.2897959184,0.1639722864,,,,,,,,,,,,
,,,0.1673469388,0.3203125,0.287755102,0.1630057803,,,,,,,,,,,,
,,,0.1653061224,0.3176470588,0.287755102,0.1631944444,,,,,,,,,,,,
,,,0.1653061224,0.3188976378,0.287755102,0.1633835458,,,,,,,,,,,,
,,,0.1653061224,0.3201581028,0.287755102,0.1635730858,,,,,,,,,,,,
,,,0.1653061224,0.3214285714,0.287755102,0.1637630662,,,,,,,,,,,,
,,,0.1653061224,0.3227091633,0.287755102,0.1639534884,,,,,,,,,,,,
,,,0.1632653061,0.32,0.2857142857,0.1629802095,,,,,,,,,,,,
,,,0.1632653061,0.3212851406,0.2857142857,0.1631701632,,,,,,,,,,,,
,,,0.1632653061,0.3225806452,0.2857142857,0.1633605601,,,,,,,,,,,,
,,,0.1612244898,0.3198380567,0.2857142857,0.1635514019,,,,,,,,,,,,
,,,0.1612244898,0.3211382114,0.2857142857,0.1637426901,,,,,,,,,,,,
,,,0.1591836735,0.3183673469,0.2857142857,0.1639344262,,,,,,,,,,,,
,,,0.1591836735,0.3196721311,0.2836734694,0.162954279,,,,,,,,,,,,
,,,0.1571428571,0.316872428,0.2836734694,0.1631455399,,,,,,,,,,,,
,,,0.1571428571,0.3181818182,0.2836734694,0.1633372503,,,,,,,,,,,,
,,,0.1571428571,0.3195020747,0.2836734694,0.1635294118,,,,,,,,,,,,
,,,0.1571428571,0.3208333333,0.2836734694,0.1637220259,,,,,,,,,,,,
,,,0.1571428571,0.3221757322,0.2836734694,0.1639150943,,,,,,,,,,,,
,,,0.1551020408,0.3193277311,0.2836734694,0.1641086187,,,,,,,,,,,,
,,,0.1530612245,0.3164556962,0.2836734694,0.1643026005,,,,,,,,,,,,
,,,0.1510204082,0.313559322,0.2836734694,0.1644970414,,,,,,,,,,,,
,,,0.1510204082,0.314893617,0.2816326531,0.163507109,,,,,,,,,,,,
,,,0.1510204082,0.3162393162,0.2816326531,0.1637010676,,,,,,,,,,,,
,,,0.1510204082,0.3175965665,0.2816326531,0.1638954869,,,,,,,,,,,,
,,,0.1510204082,0.3189655172,0.2816326531,0.1640903686,,,,,,,,,,,,
,,,0.1510204082,0.3203463203,0.2816326531,0.1642857143,,,,,,,,,,,,
,,,0.1510204082,0.3217391304,0.2816326531,0.1644815256,,,,,,,,,,,,
,,,0.1510204082,0.3231441048,0.2816326531,0.1646778043,,,,,,,,,,,,
,,,0.1489795918,0.3201754386,0.2795918367,0.1636798088,,,,,,,,,,,,
,,,0.1489795918,0.3215859031,0.2795918367,0.1638755981,,,,,,,,,,,,
,,,0.1489795918,0.3230088496,0.2795918367,0.1640718563,,,,,,,,,,,,
,,,0.1489795918,0.3244444444,0.2795918367,0.1642685851,,,,,,,,,,,,
,,,0.1489795918,0.3258928571,0.2795918367,0.1644657863,,,,,,,,,,,,
,,,0.1489795918,0.3273542601,0.2795918367,0.1646634615,,,,,,,,,,,,
,,,0.1489795918,0.3288288288,0.2795918367,0.1648616125,,,,,,,,,,,,
,,,0.1469387755,0.3257918552,0.2795918367,0.165060241,,,,,,,,,,,,
,,,0.1448979592,0.3227272727,0.2795918367,0.1652593486,,,,,,,,,,,,
,,,0.1448979592,0.3242009132,0.2795918367,0.1654589372,,,,,,,,,,,,
,,,0.1448979592,0.3256880734,0.2795918367,0.1656590085,,,,,,,,,,,,
,,,0.1448979592,0.3271889401,0.2795918367,0.1658595642,,,,,,,,,,,,
,,,0.1428571429,0.3240740741,0.2795918367,0.1660606061,,,,,,,,,,,,
,,,0.1408163265,0.3209302326,0.2795918367,0.1662621359,,,,,,,,,,,,
,,,0.1408163265,0.323943662,0.2795918367,0.1664641555,,,,,,,,,,,,
,,,0.1408163265,0.3254716981,0.2795918367,0.1666666667,,,,,,,,,,,,
,,,0.1387755102,0.3222748815,0.2795918367,0.1668696711,,,,,,,,,,,,
,,,0.1387755102,0.3238095238,0.2795918367,0.1670731707,,,,,,,,,,,,
,,,0.1387755102,0.3253588517,0.2775510204,0.1660561661,,,,,,,,,,,,
,,,0.1387755102,0.3269230769,0.2775510204,0.1662591687,,,,,,,,,,,,
,,,0.1367346939,0.3236714976,0.2775510204,0.1664626683,,,,,,,,,,,,
,,,0.1367346939,0.3252427184,0.2755102041,0.1654411765,,,,,,,,,,,,
,,,0.1367346939,0.3268292683,0.2755102041,0.1656441718,,,,,,,,,,,,
,,,0.1367346939,0.3284313725,0.2755102041,0.1658476658,,,,,,,,,,,,
,,,0.1367346939,0.3300492611,0.2755102041,0.1660516605,,,,,,,,,,,,
,,,0.1367346939,0.3333333333,0.2755102041,0.1662561576,,,,,,,,,,,,
,,,0.1367346939,0.335,0.2755102041,0.1664611591,,,,,,,,,,,,
,,,0.1367346939,0.3366834171,0.2755102041,0.1666666667,,,,,,,,,,,,
,,,0.1346938776,0.3333333333,0.2755102041,0.1668726823,,,,,,,,,,,,
,,,0.1346938776,0.3350253807,0.2755102041,0.1670792079,,,,,,,,,,,,
,,,0.1346938776,0.3367346939,0.2755102041,0.1672862454,,,,,,,,,,,,
,,,0.1346938776,0.3384615385,0.2755102041,0.1674937965,,,,,,,,,,,,
,,,0.1326530612,0.3350515464,0.2755102041,0.1677018634,,,,,,,,,,,,
,,,0.1306122449,0.3316062176,0.2755102041,0.1679104478,,,,,,,,,,,,
,,,0.1285714286,0.328125,0.2755102041,0.1681195517,,,,,,,,,,,,
,,,0.1285714286,0.3298429319,0.2755102041,0.1683291771,,,,,,,,,,,,
,,,0.1285714286,0.3315789474,0.2755102041,0.1685393258,,,,,,,,,,,,
,,,0.1285714286,0.3333333333,0.2755102041,0.16875,,,,,,,,,,,,
,,,0.1265306122,0.329787234,0.2734693878,0.167709637,,,,,,,,,,,,
,,,0.1244897959,0.3262032086,0.2734693878,0.1679197995,,,,,,,,,,,,
,,,0.1244897959,0.3279569892,0.2714285714,0.1668757842,,,,,,,,,,,,
,,,0.1244897959,0.3297297297,0.2714285714,0.1670854271,,,,,,,,,,,,
,,,0.1244897959,0.3315217391,0.2714285714,0.1672955975,,,,,,,,,,,,
,,,0.1244897959,0.3333333333,0.2714285714,0.1675062972,,,,,,,,,,,,
,,,0.1244897959,0.3351648352,0.2714285714,0.1677175284,,,,,,,,,,,,
,,,0.1244897959,0.3370165746,0.2693877551,0.1666666667,,,,,,,,,,,,
,,,0.1244897959,0.3388888889,0.2693877551,0.1668773704,,,,,,,,,,,,
,,,0.1244897959,0.3407821229,0.2693877551,0.1670886076,,,,,,,,,,,,
,,,0.1244897959,0.3426966292,0.2673469388,0.1660329531,,,,,,,,,,,,
,,,0.1244897959,0.3446327684,0.2673469388,0.1662436548,,,,,,,,,,,,
,,,0.1244897959,0.3465909091,0.2673469388,0.166454892,,,,,,,,,,,,
,,,0.1244897959,0.3485714286,0.2653061224,0.165394402,,,,,,,,,,,,
,,,0.1224489796,0.3448275862,0.2653061224,0.1656050955,,,,,,,,,,,,
,,,0.1224489796,0.3468208092,0.2632653061,0.1645408163,,,,,,,,,,,,
,,,0.1224489796,0.3488372093,0.2632653061,0.1647509579,,,,,,,,,,,,
,,,0.1204081633,0.3450292398,0.2632653061,0.1649616368,,,,,,,,,,,,
,,,0.1183673469,0.3411764706,0.2612244898,0.1638924456,,,,,,,,,,,,
,,,0.1163265306,0.3372781065,0.2612244898,0.1641025641,,,,,,,,,,,,
,,,0.1163265306,0.3392857143,0.2612244898,0.1643132221,,,,,,,,,,,,
,,,0.1142857143,0.3353293413,0.2612244898,0.1645244216,,,,,,,,,,,,
,,,0.1142857143,0.3373493976,0.2612244898,0.1647361647,,,,,,,,,,,,
,,,0.1142857143,0.3393939394,0.2591836735,0.1636597938,,,,,,,,,,,,
,,,0.1142857143,0.3414634146,0.2591836735,0.1638709677,,,,,,,,,,,,
,,,0.112244898,0.3374233129,0.2591836735,0.1640826873,,,,,,,,,,,,
,,,0.1102040816,0.3333333333,0.2591836735,0.1642949547,,,,,,,,,,,,
,,,0.1102040816,0.3354037267,0.2591836735,0.164507772,,,,,,,,,,,,
,,,0.1102040816,0.3375,0.2571428571,0.1634241245,,,,,,,,,,,,
,,,0.1081632653,0.3333333333,0.2571428571,0.1636363636,,,,,,,,,,,,
,,,0.106122449,0.3291139241,0.2571428571,0.1638491547,,,,,,,,,,,,
,,,0.1040816327,0.3248407643,0.2571428571,0.1640625,,,,,,,,,,,,
,,,0.1040816327,0.3269230769,0.2551020408,0.1629726206,,,,,,,,,,,,
,,,0.1040816327,0.3290322581,0.2551020408,0.1631853786,,,,,,,,,,,,
,,,0.1040816327,0.3311688312,0.2551020408,0.1633986928,,,,,,,,,,,,
,,,0.1020408163,0.3267973856,0.2551020408,0.1636125654,,,,,,,,,,,,
,,,0.1020408163,0.3289473684,0.2551020408,0.1638269987,,,,,,,,,,,,
,,,0.1020408163,0.3311258278,0.2551020408,0.1640419948,,,,,,,,,,,,
,,,0.1020408163,0.3333333333,0.2551020408,0.1642575558,,,,,,,,,,,,
,,,0.1020408163,0.3355704698,0.2551020408,0.1644736842,,,,,,,,,,,,
,,,0.1020408163,0.3378378378,0.2551020408,0.1646903821,,,,,,,,,,,,
,,,0.1020408163,0.3401360544,0.2530612245,0.1635883905,,,,,,,,,,,,
,,,0.1020408163,0.3424657534,0.2530612245,0.1638044914,,,,,,,,,,,,
,,,0.1020408163,0.3448275862,0.2530612245,0.164021164,,,,,,,,,,,,
,,,0.1020408163,0.3472222222,0.2530612245,0.1642384106,,,,,,,,,,,,
,,,0.1020408163,0.3496503497,0.2530612245,0.1644562334,,,,,,,,,,,,
,,,0.1020408163,0.3521126761,0.2510204082,0.1633466135,,,,,,,,,,,,
,,,0.1020408163,0.3546099291,0.2510204082,0.1635638298,,,,,,,,,,,,
,,,0.1020408163,0.3571428571,0.2510204082,0.1637816245,,,,,,,,,,,,
,,,0.1020408163,0.3597122302,0.2510204082,0.164,,,,,,,,,,,,
,,,0.1020408163,0.3623188406,0.2510204082,0.1642189586,,,,,,,,,,,,
,,,0.1020408163,0.3649635036,0.2510204082,0.1644385027,,,,,,,,,,,,
,,,0.1,0.3602941176,0.2489795918,0.1633199465,,,,,,,,,,,,
,,,0.1,0.362962963,0.2489795918,0.163538874,,,,,,,,,,,,
,,,0.09795918367,0.3582089552,0.2489795918,0.1637583893,,,,,,,,,,,,
,,,0.09591836735,0.3560606061,0.2489795918,0.1639784946,,,,,,,,,,,,
,,,0.09591836735,0.358778626,0.2489795918,0.1641991925,,,,,,,,,,,,
,,,0.09591836735,0.3615384615,0.2489795918,0.1644204852,,,,,,,,,,,,
,,,0.09591836735,0.3643410853,0.2489795918,0.1646423752,,,,,,,,,,,,
,,,0.09387755102,0.359375,0.2489795918,0.1648648649,,,,,,,,,,,,
,,,0.09387755102,0.3622047244,0.2489795918,0.1650879567,,,,,,,,,,,,
,,,0.09183673469,0.36,0.2489795918,0.1653116531,,,,,,,,,,,,
,,,0.09183673469,0.3629032258,0.2489795918,0.1655359566,,,,,,,,,,,,
,,,0.09183673469,0.3658536585,0.2489795918,0.1657608696,,,,,,,,,,,,
,,,0.08979591837,0.3606557377,0.2489795918,0.1659863946,,,,,,,,,,,,
,,,0.08775510204,0.3553719008,0.2489795918,0.1662125341,,,,,,,,,,,,
,,,0.08775510204,0.3583333333,0.2489795918,0.1664392906,,,,,,,,,,,,
,,,0.08775510204,0.3613445378,0.2489795918,0.1666666667,,,,,,,,,,,,
,,,0.08571428571,0.3559322034,0.2469387755,0.1655266758,,,,,,,,,,,,
,,,0.08367346939,0.3504273504,0.2469387755,0.1657534247,,,,,,,,,,,,
,,,0.08367346939,0.3534482759,0.2469387755,0.1659807956,,,,,,,,,,,,
,,,0.08163265306,0.347826087,0.2448979592,0.1648351648,,,,,,,,,,,,
,,,0.08163265306,0.350877193,0.2428571429,0.1636863824,,,,,,,,,,,,
,,,0.08163265306,0.3539823009,0.2408163265,0.1625344353,,,,,,,,,,,,
,,,0.08163265306,0.3571428571,0.2408163265,0.1627586207,,,,,,,,,,,,
,,,0.08163265306,0.3603603604,0.2408163265,0.1629834254,,,,,,,,,,,,
,,,0.08163265306,0.3636363636,0.2408163265,0.163208852,,,,,,,,,,,,
,,,0.08163265306,0.3669724771,0.2408163265,0.163434903,,,,,,,,,,,,
,,,0.08163265306,0.3703703704,0.2387755102,0.1622746186,,,,,,,,,,,,
,,,0.08163265306,0.3738317757,0.2387755102,0.1625,,,,,,,,,,,,
,,,0.08163265306,0.3773584906,0.2387755102,0.1627260083,,,,,,,,,,,,
,,,0.07959183673,0.3714285714,0.2387755102,0.1629526462,,,,,,,,,,,,
,,,0.07959183673,0.375,0.2387755102,0.1631799163,,,,,,,,,,,,
,,,0.07959183673,0.3786407767,0.2387755102,0.1634078212,,,,,,,,,,,,
,,,0.07755102041,0.3725490196,0.2387755102,0.1636363636,,,,,,,,,,,,
,,,0.07755102041,0.3762376238,0.2367346939,0.162464986,,,,,,,,,,,,
,,,0.07551020408,0.37,0.2367346939,0.1626928471,,,,,,,,,,,,
,,,0.07551020408,0.3737373737,0.2367346939,0.1629213483,,,,,,,,,,,,
,,,0.07551020408,0.3775510204,0.2367346939,0.1631504923,,,,,,,,,,,,
,,,0.07551020408,0.381443299,0.2346938776,0.161971831,,,,,,,,,,,,
,,,0.07551020408,0.3854166667,0.2346938776,0.1622002821,,,,,,,,,,,,
,,,0.07551020408,0.3894736842,0.2346938776,0.1624293785,,,,,,,,,,,,
,,,0.07551020408,0.3936170213,0.2346938776,0.1626591231,,,,,,,,,,,,
,,,0.07551020408,0.3978494624,0.2346938776,0.1628895184,,,,,,,,,,,,
,,,0.07551020408,0.402173913,0.2346938776,0.1631205674,,,,,,,,,,,,
,,,0.07551020408,0.4065934066,0.2326530612,0.1619318182,,,,,,,,,,,,
,,,0.07346938776,0.4,0.2326530612,0.1621621622,,,,,,,,,,,,
,,,0.07346938776,0.404494382,0.2326530612,0.1623931624,,,,,,,,,,,,
,,,0.07142857143,0.3977272727,0.2326530612,0.1626248217,,,,,,,,,,,,
,,,0.07142857143,0.4022988506,0.2326530612,0.1628571429,,,,,,,,,,,,
,,,0.07142857143,0.4069767442,0.2326530612,0.1630901288,,,,,,,,,,,,
,,,0.0693877551,0.4,0.2326530612,0.1633237822,,,,,,,,,,,,
,,,0.0693877551,0.4047619048,0.2326530612,0.1635581062,,,,,,,,,,,,
,,,0.0693877551,0.4096385542,0.2326530612,0.1637931034,,,,,,,,,,,,
,,,0.06734693878,0.4024390244,0.2326530612,0.164028777,,,,,,,,,,,,
,,,0.06530612245,0.3950617284,0.2326530612,0.1642651297,,,,,,,,,,,,
,,,0.06530612245,0.4,0.2326530612,0.1645021645,,,,,,,,,,,,
,,,0.06326530612,0.3924050633,0.2326530612,0.1647398844,,,,,,,,,,,,
,,,0.0612244898,0.3846153846,0.2326530612,0.1649782923,,,,,,,,,,,,
,,,0.05918367347,0.3766233766,0.2326530612,0.1652173913,,,,,,,,,,,,
,,,0.05714285714,0.3684210526,0.2326530612,0.1654571843,,,,,,,,,,,,
,,,0.05714285714,0.3733333333,0.2326530612,0.1656976744,,,,,,,,,,,,
,,,0.05510204082,0.3648648649,0.2326530612,0.1659388646,,,,,,,,,,,,
,,,0.05510204082,0.3698630137,0.2326530612,0.166180758,,,,,,,,,,,,
,,,0.05510204082,0.375,0.2326530612,0.1664233577,,,,,,,,,,,,
,,,0.05306122449,0.3661971831,0.2326530612,0.1666666667,,,,,,,,,,,,
,,,0.05306122449,0.3714285714,0.2326530612,0.1669106881,,,,,,,,,,,,
,,,0.05102040816,0.3623188406,0.2306122449,0.1656891496,,,,,,,,,,,,
,,,0.05102040816,0.3676470588,0.2306122449,0.1659324523,,,,,,,,,,,,
,,,0.05102040816,0.3731343284,0.2306122449,0.1661764706,,,,,,,,,,,,
,,,0.05102040816,0.3787878788,0.2285714286,0.1649484536,,,,,,,,,,,,
,,,0.05102040816,0.3846153846,0.2285714286,0.1651917404,,,,,,,,,,,,
,,,0.05102040816,0.390625,0.2285714286,0.1654357459,,,,,,,,,,,,
,,,0.04897959184,0.380952381,0.2285714286,0.1656804734,,,,,,,,,,,,
,,,0.04897959184,0.3870967742,0.2285714286,0.1659259259,,,,,,,,,,,,
,,,0.04897959184,0.393442623,0.2285714286,0.1661721068,,,,,,,,,,,,
,,,0.04897959184,0.4,0.2285714286,0.1664190193,,,,,,,,,,,,
,,,0.04897959184,0.406779661,0.2285714286,0.1666666667,,,,,,,,,,,,
,,,0.04693877551,0.3965517241,0.2285714286,0.1669150522,,,,,,,,,,,,
,,,0.04489795918,0.3859649123,0.2285714286,0.1671641791,,,,,,,,,,,,
,,,0.04489795918,0.3928571429,0.2285714286,0.1674140508,,,,,,,,,,,,
,,,0.04489795918,0.4,0.2265306122,0.1661676647,,,,,,,,,,,,
,,,0.04285714286,0.3888888889,0.2265306122,0.1664167916,,,,,,,,,,,,
,,,0.04081632653,0.3773584906,0.2265306122,0.1666666667,,,,,,,,,,,,
,,,0.04081632653,0.3846153846,0.2265306122,0.1669172932,,,,,,,,,,,,
,,,0.0387755102,0.3725490196,0.2244897959,0.1656626506,,,,,,,,,,,,
,,,0.0387755102,0.38,0.2244897959,0.1659125189,,,,,,,,,,,,
,,,0.0387755102,0.387755102,0.2244897959,0.166163142,,,,,,,,,,,,
,,,0.03673469388,0.375,0.2244897959,0.1664145234,,,,,,,,,,,,
,,,0.03673469388,0.3829787234,0.2244897959,0.1666666667,,,,,,,,,,,,
,,,0.03673469388,0.3913043478,0.2244897959,0.1669195751,,,,,,,,,,,,
,,,0.03673469388,0.4,0.2244897959,0.1671732523,,,,,,,,,,,,
,,,0.03469387755,0.3863636364,0.2244897959,0.1674277017,,,,,,,,,,,,
,,,0.03469387755,0.3953488372,0.2244897959,0.1676829268,,,,,,,,,,,,
,,,0.03469387755,0.4047619048,0.2244897959,0.1679389313,,,,,,,,,,,,
,,,0.03469387755,0.4146341463,0.2244897959,0.1681957187,,,,,,,,,,,,
,,,0.03469387755,0.425,0.2244897959,0.1684532925,,,,,,,,,,,,
,,,0.03469387755,0.4358974359,0.2244897959,0.1687116564,,,,,,,,,,,,
,,,0.03265306122,0.4210526316,0.2244897959,0.1689708141,,,,,,,,,,,,
,,,0.03265306122,0.4324324324,0.2244897959,0.1692307692,,,,,,,,,,,,
,,,0.0306122449,0.4166666667,0.2224489796,0.1679506934,,,,,,,,,,,,
,,,0.02857142857,0.4,0.2204081633,0.1666666667,,,,,,,,,,,,
,,,0.02653061224,0.3823529412,0.2204081633,0.1669242658,,,,,,,,,,,,
,,,0.02653061224,0.3939393939,0.2183673469,0.1656346749,,,,,,,,,,,,
,,,0.02653061224,0.40625,0.2163265306,0.1643410853,,,,,,,,,,,,
,,,0.02448979592,0.3870967742,0.2163265306,0.1645962733,,,,,,,,,,,,
,,,0.02244897959,0.3666666667,0.2163265306,0.1648522551,,,,,,,,,,,,
,,,0.02244897959,0.3793103448,0.2163265306,0.1651090343,,,,,,,,,,,,
,,,0.02244897959,0.3928571429,0.2163265306,0.1653666147,,,,,,,,,,,,
,,,0.02244897959,0.4074074074,0.2163265306,0.165625,,,,,,,,,,,,
,,,0.02244897959,0.4230769231,0.2142857143,0.1643192488,,,,,,,,,,,,
,,,0.02040816327,0.4,0.2142857143,0.1645768025,,,,,,,,,,,,
,,,0.01836734694,0.375,0.2142857143,0.1648351648,,,,,,,,,,,,
,,,0.01632653061,0.347826087,0.2142857143,0.1650943396,,,,,,,,,,,,
,,,0.01632653061,0.3636363636,0.2142857143,0.1653543307,,,,,,,,,,,,
,,,0.01428571429,0.3333333333,0.2142857143,0.165615142,,,,,,,,,,,,
,,,0.01224489796,0.3,0.212244898,0.1642969984,,,,,,,,,,,,
,,,0.01224489796,0.3157894737,0.212244898,0.164556962,,,,,,,,,,,,
,,,0.01020408163,0.2777777778,0.212244898,0.1648177496,,,,,,,,,,,,
,,,0.01020408163,0.2941176471,0.212244898,0.1650793651,,,,,,,,,,,,
,,,0.008163265306,0.25,0.212244898,0.1653418124,,,,,,,,,,,,
,,,0.008163265306,0.2666666667,0.212244898,0.1656050955,,,,,,,,,,,,
,,,0.00612244898,0.2142857143,0.212244898,0.1658692185,,,,,,,,,,,,
,,,0.00612244898,0.2307692308,0.2102040816,0.1645367412,,,,,,,,,,,,
,,,0.004081632653,0.1666666667,0.2102040816,0.1648,,,,,,,,,,,,
,,,0.004081632653,0.1818181818,0.2102040816,0.1650641026,,,,,,,,,,,,
,,,0.004081632653,0.2,0.2102040816,0.165329053,,,,,,,,,,,,
,,,0.004081632653,0.2222222222,0.2102040816,0.1655948553,,,,,,,,,,,,
,,,0.004081632653,0.25,0.2081632653,0.1642512077,,,,,,,,,,,,
,,,0.002040816327,0.1428571429,0.2081632653,0.164516129,,,,,,,,,,,,
,,,0.002040816327,0.1666666667,0.2081632653,0.1647819063,,,,,,,,,,,,
,,,0.002040816327,0.2,0.2081632653,0.1650485437,,,,,,,,,,,,
,,,0.002040816327,0.25,0.2081632653,0.1653160454,,,,,,,,,,,,
,,,0.002040816327,0.3333333333,0.2081632653,0.1655844156,,,,,,,,,,,,
,,,0.002040816327,0.5,0.206122449,0.1642276423,,,,,,,,,,,,
,,,0,0,0.206122449,0.164495114,,,,,,,,,,,,
,,,0,1,0.206122449,0.1647634584,,,,,,,,,,,,
,,,,,0.206122449,0.1650326797,,,,,,,,,,,,
,,,,,0.206122449,0.1653027823,,,,,,,,,,,,
,,,,,0.2040816327,0.1639344262,,,,,,,,,,,,
,,,,,0.2040816327,0.1642036125,,,,,,,,,,,,
,,,,,0.2040816327,0.1644736842,,,,,,,,,,,,
,,,,,0.2040816327,0.1647446458,,,,,,,,,,,,
,,,,,0.2040816327,0.1650165017,,,,,,,,,,,,
,,,,,0.2040816327,0.1652892562,,,,,,,,,,,,
,,,,,0.2040816327,0.1655629139,,,,,,,,,,,,
,,,,,0.2040816327,0.1658374793,,,,,,,,,,,,
,,,,,0.2040816327,0.1661129568,,,,,,,,,,,,
,,,,,0.2040816327,0.1663893511,,,,,,,,,,,,
,,,,,0.2020408163,0.165,,,,,,,,,,,,
,,,,,0.2020408163,0.1652754591,,,,,,,,,,,,
,,,,,0.2020408163,0.1655518395,,,,,,,,,,,,
,,,,,0.2020408163,0.1658291457,,,,,,,,,,,,
,,,,,0.2020408163,0.1661073826,,,,,,,,,,,,
,,,,,0.2020408163,0.1663865546,,,,,,,,,,,,
,,,,,0.2020408163,0.1666666667,,,,,,,,,,,,
,,,,,0.2020408163,0.1669477234,,,,,,,,,,,,
,,,,,0.2,0.1655405405,,,,,,,,,,,,
,,,,,0.2,0.165820643,,,,,,,,,,,,
,,,,,0.2,0.1661016949,,,,,,,,,,,,
,,,,,0.2,0.1663837012,,,,,,,,,,,,
,,,,,0.2,0.1666666667,,,,,,,,,,,,
,,,,,0.2,0.1669505963,,,,,,,,,,,,
,,,,,0.2,0.1672354949,,,,,,,,,,,,
,,,,,0.2,0.1675213675,,,,,,,,,,,,
,,,,,0.2,0.1678082192,,,,,,,,,,,,
,,,,,0.2,0.1680960549,,,,,,,,,,,,
,,,,,0.2,0.1683848797,,,,,,,,,,,,
,,,,,0.2,0.1686746988,,,,,,,,,,,,
,,,,,0.2,0.1689655172,,,,,,,,,,,,
,,,,,0.2,0.1692573402,,,,,,,,,,,,
,,,,,0.2,0.169550173,,,,,,,,,,,,
,,,,,0.1979591837,0.1681109185,,,,,,,,,,,,
,,,,,0.1979591837,0.1684027778,,,,,,,,,,,,
,,,,,0.1979591837,0.1686956522,,,,,,,,,,,,
,,,,,0.1959183673,0.1672473868,,,,,,,,,,,,
,,,,,0.1959183673,0.167539267,,,,,,,,,,,,
,,,,,0.1959183673,0.1678321678,,,,,,,,,,,,
,,,,,0.1959183673,0.1681260946,,,,,,,,,,,,
,,,,,0.1959183673,0.1684210526,,,,,,,,,,,,
,,,,,0.1959183673,0.1687170475,,,,,,,,,,,,
,,,,,0.193877551,0.1672535211,,,,,,,,,,,,
,,,,,0.193877551,0.1675485009,,,,,,,,,,,,
,,,,,0.193877551,0.167844523,,,,,,,,,,,,
,,,,,0.193877551,0.1681415929,,,,,,,,,,,,
,,,,,0.193877551,0.1684397163,,,,,,,,,,,,
,,,,,0.193877551,0.1687388988,,,,,,,,,,,,
,,,,,0.193877551,0.1690391459,,,,,,,,,,,,
,,,,,0.193877551,0.1693404635,,,,,,,,,,,,
,,,,,0.193877551,0.1696428571,,,,,,,,,,,,
,,,,,0.193877551,0.1699463327,,,,,,,,,,,,
,,,,,0.193877551,0.1702508961,,,,,,,,,,,,
,,,,,0.193877551,0.170556553,,,,,,,,,,,,
,,,,,0.193877551,0.1708633094,,,,,,,,,,,,
,,,,,0.193877551,0.1711711712,,,,,,,,,,,,
,,,,,0.1918367347,0.1696750903,,,,,,,,,,,,
,,,,,0.1918367347,0.1699819168,,,,,,,,,,,,
,,,,,0.1918367347,0.1702898551,,,,,,,,,,,,
,,,,,0.1918367347,0.1705989111,,,,,,,,,,,,
,,,,,0.1918367347,0.1709090909,,,,,,,,,,,,
,,,,,0.1918367347,0.1712204007,,,,,,,,,,,,
,,,,,0.1918367347,0.1715328467,,,,,,,,,,,,
,,,,,0.1918367347,0.1718464351,,,,,,,,,,,,
,,,,,0.1918367347,0.1721611722,,,,,,,,,,,,
,,,,,0.1918367347,0.1724770642,,,,,,,,,,,,
,,,,,0.1918367347,0.1727941176,,,,,,,,,,,,
,,,,,0.1918367347,0.1731123389,,,,,,,,,,,,
,,,,,0.1918367347,0.1734317343,,,,,,,,,,,,
,,,,,0.1918367347,0.1737523105,,,,,,,,,,,,
,,,,,0.1918367347,0.1740740741,,,,,,,,,,,,
,,,,,0.1897959184,0.172541744,,,,,,,,,,,,
,,,,,0.1897959184,0.1728624535,,,,,,,,,,,,
,,,,,0.1897959184,0.1731843575,,,,,,,,,,,,
,,,,,0.1897959184,0.1735074627,,,,,,,,,,,,
,,,,,0.1897959184,0.1738317757,,,,,,,,,,,,
,,,,,0.1897959184,0.1741573034,,,,,,,,,,,,
,,,,,0.1897959184,0.1744840525,,,,,,,,,,,,
,,,,,0.1897959184,0.1748120301,,,,,,,,,,,,
,,,,,0.1897959184,0.1751412429,,,,,,,,,,,,
,,,,,0.1897959184,0.1754716981,,,,,,,,,,,,
,,,,,0.1897959184,0.1758034026,,,,,,,,,,,,
,,,,,0.1897959184,0.1761363636,,,,,,,,,,,,
,,,,,0.1897959184,0.1764705882,,,,,,,,,,,,
,,,,,0.1897959184,0.1768060837,,,,,,,,,,,,
,,,,,0.1897959184,0.1771428571,,,,,,,,,,,,
,,,,,0.1897959184,0.177480916,,,,,,,,,,,,
,,,,,0.1897959184,0.1778202677,,,,,,,,,,,,
,,,,,0.1897959184,0.1781609195,,,,,,,,,,,,
,,,,,0.1897959184,0.1785028791,,,,,,,,,,,,
,,,,,0.1897959184,0.1788461538,,,,,,,,,,,,
,,,,,0.1897959184,0.1791907514,,,,,,,,,,,,
,,,,,0.1897959184,0.1795366795,,,,,,,,,,,,
,,,,,0.1897959184,0.1798839458,,,,,,,,,,,,
,,,,,0.1897959184,0.1802325581,,,,,,,,,,,,
,,,,,0.187755102,0.1786407767,,,,,,,,,,,,
,,,,,0.187755102,0.1789883268,,,,,,,,,,,,
,,,,,0.187755102,0.179337232,,,,,,,,,,,,
,,,,,0.187755102,0.1796875,,,,,,,,,,,,
,,,,,0.187755102,0.1800391389,,,,,,,,,,,,
,,,,,0.187755102,0.1803921569,,,,,,,,,,,,
,,,,,0.187755102,0.1807465619,,,,,,,,,,,,
,,,,,0.187755102,0.1811023622,,,,,,,,,,,,
,,,,,0.187755102,0.1814595661,,,,,,,,,,,,
,,,,,0.187755102,0.1818181818,,,,,,,,,,,,
,,,,,0.187755102,0.1821782178,,,,,,,,,,,,
,,,,,0.187755102,0.1825396825,,,,,,,,,,,,
,,,,,0.187755102,0.1829025845,,,,,,,,,,,,
,,,,,0.187755102,0.1832669323,,,,,,,,,,,,
,,,,,0.187755102,0.1836327345,,,,,,,,,,,,
,,,,,0.187755102,0.184,,,,,,,,,,,,
,,,,,0.187755102,0.1843687375,,,,,,,,,,,,
,,,,,0.187755102,0.1847389558,,,,,,,,,,,,
,,,,,0.1857142857,0.1830985915,,,,,,,,,,,,
,,,,,0.1857142857,0.1834677419,,,,,,,,,,,,
,,,,,0.1857142857,0.1838383838,,,,,,,,,,,,
,,,,,0.1857142857,0.1842105263,,,,,,,,,,,,
,,,,,0.1857142857,0.1845841785,,,,,,,,,,,,
,,,,,0.1857142857,0.1849593496,,,,,,,,,,,,
,,,,,0.1857142857,0.1853360489,,,,,,,,,,,,
,,,,,0.1857142857,0.1857142857,,,,,,,,,,,,
,,,,,0.1857142857,0.1860940695,,,,,,,,,,,,
,,,,,0.1857142857,0.1864754098,,,,,,,,,,,,
,,,,,0.1857142857,0.1868583162,,,,,,,,,,,,
,,,,,0.1857142857,0.1872427984,,,,,,,,,,,,
,,,,,0.1857142857,0.187628866,,,,,,,,,,,,
,,,,,0.1857142857,0.1880165289,,,,,,,,,,,,
,,,,,0.1836734694,0.1863354037,,,,,,,,,,,,
,,,,,0.1836734694,0.1867219917,,,,,,,,,,,,
,,,,,0.1836734694,0.1871101871,,,,,,,,,,,,
,,,,,0.1836734694,0.1875,,,,,,,,,,,,
,,,,,0.1836734694,0.1878914405,,,,,,,,,,,,
,,,,,0.1836734694,0.1882845188,,,,,,,,,,,,
,,,,,0.1836734694,0.1886792453,,,,,,,,,,,,
,,,,,0.1836734694,0.1890756303,,,,,,,,,,,,
,,,,,0.1836734694,0.1894736842,,,,,,,,,,,,
,,,,,0.1836734694,0.1898734177,,,,,,,,,,,,
,,,,,0.1816326531,0.1881606765,,,,,,,,,,,,
,,,,,0.1816326531,0.188559322,,,,,,,,,,,,
,,,,,0.1816326531,0.1889596603,,,,,,,,,,,,
,,,,,0.1795918367,0.1872340426,,,,,,,,,,,,
,,,,,0.1795918367,0.1876332623,,,,,,,,,,,,
,,,,,0.1775510204,0.1858974359,,,,,,,,,,,,
,,,,,0.1775510204,0.1862955032,,,,,,,,,,,,
,,,,,0.1775510204,0.186695279,,,,,,,,,,,,
,,,,,0.1775510204,0.1870967742,,,,,,,,,,,,
,,,,,0.1775510204,0.1875,,,,,,,,,,,,
,,,,,0.1775510204,0.1879049676,,,,,,,,,,,,
,,,,,0.1775510204,0.1883116883,,,,,,,,,,,,
,,,,,0.1775510204,0.1887201735,,,,,,,,,,,,
,,,,,0.1775510204,0.1891304348,,,,,,,,,,,,
,,,,,0.1775510204,0.1895424837,,,,,,,,,,,,
,,,,,0.1775510204,0.1899563319,,,,,,,,,,,,
,,,,,0.1775510204,0.1903719912,,,,,,,,,,,,
,,,,,0.1775510204,0.1907894737,,,,,,,,,,,,
,,,,,0.1775510204,0.1912087912,,,,,,,,,,,,
,,,,,0.1775510204,0.1916299559,,,,,,,,,,,,
,,,,,0.1775510204,0.1920529801,,,,,,,,,,,,
,,,,,0.1755102041,0.1902654867,,,,,,,,,,,,
,,,,,0.1734693878,0.1884700665,,,,,,,,,,,,
,,,,,0.1734693878,0.1888888889,,,,,,,,,,,,
,,,,,0.1734693878,0.1893095768,,,,,,,,,,,,
,,,,,0.1734693878,0.1897321429,,,,,,,,,,,,
,,,,,0.1734693878,0.1901565996,,,,,,,,,,,,
,,,,,0.1734693878,0.1905829596,,,,,,,,,,,,
,,,,,0.1734693878,0.191011236,,,,,,,,,,,,
,,,,,0.1734693878,0.1914414414,,,,,,,,,,,,
,,,,,0.1714285714,0.1896162528,,,,,,,,,,,,
,,,,,0.1693877551,0.1877828054,,,,,,,,,,,,
,,,,,0.1693877551,0.1882086168,,,,,,,,,,,,
,,,,,0.1693877551,0.1886363636,,,,,,,,,,,,
,,,,,0.1693877551,0.1890660592,,,,,,,,,,,,
,,,,,0.1693877551,0.1894977169,,,,,,,,,,,,
,,,,,0.1693877551,0.1899313501,,,,,,,,,,,,
,,,,,0.1673469388,0.1880733945,,,,,,,,,,,,
,,,,,0.1673469388,0.1885057471,,,,,,,,,,,,
,,,,,0.1673469388,0.1889400922,,,,,,,,,,,,
,,,,,0.1673469388,0.1893764434,,,,,,,,,,,,
,,,,,0.1653061224,0.1875,,,,,,,,,,,,
,,,,,0.1653061224,0.1879350348,,,,,,,,,,,,
,,,,,0.1632653061,0.1860465116,,,,,,,,,,,,
,,,,,0.1632653061,0.1864801865,,,,,,,,,,,,
,,,,,0.1632653061,0.1869158879,,,,,,,,,,,,
,,,,,0.1632653061,0.18735363,,,,,,,,,,,,
,,,,,0.1632653061,0.1877934272,,,,,,,,,,,,
,,,,,0.1612244898,0.1858823529,,,,,,,,,,,,
,,,,,0.1591836735,0.1839622642,,,,,,,,,,,,
,,,,,0.1571428571,0.1820330969,,,,,,,,,,,,
,,,,,0.1571428571,0.182464455,,,,,,,,,,,,
,,,,,0.1571428571,0.1828978622,,,,,,,,,,,,
,,,,,0.1571428571,0.1833333333,,,,,,,,,,,,
,,,,,0.1571428571,0.1837708831,,,,,,,,,,,,
,,,,,0.1571428571,0.1842105263,,,,,,,,,,,,
,,,,,0.1571428571,0.1846522782,,,,,,,,,,,,
,,,,,0.1571428571,0.1850961538,,,,,,,,,,,,
,,,,,0.1571428571,0.1855421687,,,,,,,,,,,,
,,,,,0.1571428571,0.1859903382,,,,,,,,,,,,
,,,,,0.1571428571,0.186440678,,,,,,,,,,,,
,,,,,0.1571428571,0.1868932039,,,,,,,,,,,,
,,,,,0.1571428571,0.1873479319,,,,,,,,,,,,
,,,,,0.1551020408,0.1853658537,,,,,,,,,,,,
,,,,,0.1551020408,0.1858190709,,,,,,,,,,,,
,,,,,0.1551020408,0.1862745098,,,,,,,,,,,,
,,,,,0.1551020408,0.1867321867,,,,,,,,,,,,
,,,,,0.1551020408,0.1871921182,,,,,,,,,,,,
,,,,,0.1551020408,0.187654321,,,,,,,,,,,,
,,,,,0.1551020408,0.1881188119,,,,,,,,,,,,
,,,,,0.1551020408,0.1885856079,,,,,,,,,,,,
,,,,,0.1551020408,0.1890547264,,,,,,,,,,,,
,,,,,0.1551020408,0.1895261845,,,,,,,,,,,,
,,,,,0.1551020408,0.19,,,,,,,,,,,,
,,,,,0.1551020408,0.1904761905,,,,,,,,,,,,
,,,,,0.1551020408,0.1909547739,,,,,,,,,,,,
,,,,,0.1551020408,0.1914357683,,,,,,,,,,,,
,,,,,0.1551020408,0.1919191919,,,,,,,,,,,,
,,,,,0.1551020408,0.1924050633,,,,,,,,,,,,
,,,,,0.1551020408,0.192893401,,,,,,,,,,,,
,,,,,0.1551020408,0.1933842239,,,,,,,,,,,,
,,,,,0.1530612245,0.1913265306,,,,,,,,,,,,
,,,,,0.1530612245,0.1918158568,,,,,,,,,,,,
,,,,,0.1510204082,0.1897435897,,,,,,,,,,,,
,,,,,0.1510204082,0.1902313625,,,,,,,,,,,,
,,,,,0.1510204082,0.1907216495,,,,,,,,,,,,
,,,,,0.1510204082,0.1912144703,,,,,,,,,,,,
,,,,,0.1489795918,0.189119171,,,,,,,,,,,,
,,,,,0.1469387755,0.187012987,,,,,,,,,,,,
,,,,,0.1469387755,0.1875,,,,,,,,,,,,
,,,,,0.1469387755,0.1879895561,,,,,,,,,,,,
,,,,,0.1469387755,0.1884816754,,,,,,,,,,,,
,,,,,0.1469387755,0.188976378,,,,,,,,,,,,
,,,,,0.1469387755,0.1894736842,,,,,,,,,,,,
,,,,,0.1469387755,0.1899736148,,,,,,,,,,,,
,,,,,0.1469387755,0.1904761905,,,,,,,,,,,,
,,,,,0.1469387755,0.1909814324,,,,,,,,,,,,
,,,,,0.1469387755,0.1914893617,,,,,,,,,,,,
,,,,,0.1469387755,0.192,,,,,,,,,,,,
,,,,,0.1469387755,0.192513369,,,,,,,,,,,,
,,,,,0.1469387755,0.1930294906,,,,,,,,,,,,
,,,,,0.1469387755,0.1935483871,,,,,,,,,,,,
,,,,,0.1469387755,0.1940700809,,,,,,,,,,,,
,,,,,0.1469387755,0.1945945946,,,,,,,,,,,,
,,,,,0.1469387755,0.1951219512,,,,,,,,,,,,
,,,,,0.1469387755,0.1956521739,,,,,,,,,,,,
,,,,,0.1469387755,0.1961852861,,,,,,,,,,,,
,,,,,0.1469387755,0.1967213115,,,,,,,,,,,,
,,,,,0.1469387755,0.197260274,,,,,,,,,,,,
,,,,,0.1448979592,0.1950549451,,,,,,,,,,,,
,,,,,0.1448979592,0.1955922865,,,,,,,,,,,,
,,,,,0.1448979592,0.1961325967,,,,,,,,,,,,
,,,,,0.1428571429,0.1939058172,,,,,,,,,,,,
,,,,,0.1428571429,0.1944444444,,,,,,,,,,,,
,,,,,0.1428571429,0.1949860724,,,,,,,,,,,,
,,,,,0.1428571429,0.1955307263,,,,,,,,,,,,
,,,,,0.1428571429,0.1960784314,,,,,,,,,,,,
,,,,,0.1428571429,0.1966292135,,,,,,,,,,,,
,,,,,0.1428571429,0.1971830986,,,,,,,,,,,,
,,,,,0.1428571429,0.197740113,,,,,,,,,,,,
,,,,,0.1428571429,0.1983002833,,,,,,,,,,,,
,,,,,0.1428571429,0.1988636364,,,,,,,,,,,,
,,,,,0.1428571429,0.1994301994,,,,,,,,,,,,
,,,,,0.1428571429,0.2,,,,,,,,,,,,
,,,,,0.1428571429,0.2005730659,,,,,,,,,,,,
,,,,,0.1428571429,0.2011494253,,,,,,,,,,,,
,,,,,0.1428571429,0.2017291066,,,,,,,,,,,,
,,,,,0.1428571429,0.2023121387,,,,,,,,,,,,
,,,,,0.1428571429,0.2028985507,,,,,,,,,,,,
,,,,,0.1428571429,0.2034883721,,,,,,,,,,,,
,,,,,0.1428571429,0.2040816327,,,,,,,,,,,,
,,,,,0.1428571429,0.2046783626,,,,,,,,,,,,
,,,,,0.1428571429,0.2052785924,,,,,,,,,,,,
,,,,,0.1428571429,0.2058823529,,,,,,,,,,,,
,,,,,0.1428571429,0.2064896755,,,,,,,,,,,,
,,,,,0.1428571429,0.2071005917,,,,,,,,,,,,
,,,,,0.1428571429,0.2077151335,,,,,,,,,,,,
,,,,,0.1428571429,0.2083333333,,,,,,,,,,,,
,,,,,0.1428571429,0.2089552239,,,,,,,,,,,,
,,,,,0.1428571429,0.2095808383,,,,,,,,,,,,
,,,,,0.1428571429,0.2102102102,,,,,,,,,,,,
,,,,,0.1408163265,0.2078313253,,,,,,,,,,,,
,,,,,0.1408163265,0.2084592145,,,,,,,,,,,,
,,,,,0.1408163265,0.2090909091,,,,,,,,,,,,
,,,,,0.1408163265,0.2097264438,,,,,,,,,,,,
,,,,,0.1408163265,0.2103658537,,,,,,,,,,,,
,,,,,0.1408163265,0.2110091743,,,,,,,,,,,,
,,,,,0.1408163265,0.2116564417,,,,,,,,,,,,
,,,,,0.1408163265,0.2123076923,,,,,,,,,,,,
,,,,,0.1408163265,0.212962963,,,,,,,,,,,,
,,,,,0.1408163265,0.213622291,,,,,,,,,,,,
,,,,,0.1387755102,0.2111801242,,,,,,,,,,,,
,,,,,0.1387755102,0.2118380062,,,,,,,,,,,,
,,,,,0.1387755102,0.2125,,,,,,,,,,,,
,,,,,0.1387755102,0.2131661442,,,,,,,,,,,,
,,,,,0.1387755102,0.213836478,,,,,,,,,,,,
,,,,,0.1387755102,0.214511041,,,,,,,,,,,,
,,,,,0.1387755102,0.2151898734,,,,,,,,,,,,
,,,,,0.1387755102,0.2158730159,,,,,,,,,,,,
,,,,,0.1367346939,0.2133757962,,,,,,,,,,,,
,,,,,0.1367346939,0.214057508,,,,,,,,,,,,
,,,,,0.1367346939,0.2147435897,,,,,,,,,,,,
,,,,,0.1367346939,0.2154340836,,,,,,,,,,,,
,,,,,0.1367346939,0.2161290323,,,,,,,,,,,,
,,,,,0.1367346939,0.216828479,,,,,,,,,,,,
,,,,,0.1367346939,0.2175324675,,,,,,,,,,,,
,,,,,0.1367346939,0.2182410423,,,,,,,,,,,,
,,,,,0.1367346939,0.2189542484,,,,,,,,,,,,
,,,,,0.1367346939,0.2196721311,,,,,,,,,,,,
,,,,,0.1367346939,0.2203947368,,,,,,,,,,,,
,,,,,0.1367346939,0.2211221122,,,,,,,,,,,,
,,,,,0.1367346939,0.2218543046,,,,,,,,,,,,
,,,,,0.1367346939,0.2225913621,,,,,,,,,,,,
,,,,,0.1367346939,0.2233333333,,,,,,,,,,,,
,,,,,0.1367346939,0.2240802676,,,,,,,,,,,,
,,,,,0.1367346939,0.2248322148,,,,,,,,,,,,
,,,,,0.1367346939,0.2255892256,,,,,,,,,,,,
,,,,,0.1367346939,0.2263513514,,,,,,,,,,,,
,,,,,0.1346938776,0.2237288136,,,,,,,,,,,,
,,,,,0.1346938776,0.2244897959,,,,,,,,,,,,
,,,,,0.1346938776,0.2252559727,,,,,,,,,,,,
,,,,,0.1346938776,0.2260273973,,,,,,,,,,,,
,,,,,0.1346938776,0.2268041237,,,,,,,,,,,,
,,,,,0.1346938776,0.2275862069,,,,,,,,,,,,
,,,,,0.1346938776,0.2283737024,,,,,,,,,,,,
,,,,,0.1346938776,0.2291666667,,,,,,,,,,,,
,,,,,0.1346938776,0.2299651568,,,,,,,,,,,,
,,,,,0.1346938776,0.2307692308,,,,,,,,,,,,
,,,,,0.1346938776,0.2315789474,,,,,,,,,,,,
,,,,,0.1346938776,0.2323943662,,,,,,,,,,,,
,,,,,0.1346938776,0.2332155477,,,,,,,,,,,,
,,,,,0.1346938776,0.2340425532,,,,,,,,,,,,
,,,,,0.1346938776,0.2348754448,,,,,,,,,,,,
,,,,,0.1326530612,0.2321428571,,,,,,,,,,,,
,,,,,0.1306122449,0.229390681,,,,,,,,,,,,
,,,,,0.1285714286,0.226618705,,,,,,,,,,,,
,,,,,0.1285714286,0.2274368231,,,,,,,,,,,,
,,,,,0.1285714286,0.2282608696,,,,,,,,,,,,
,,,,,0.1285714286,0.2290909091,,,,,,,,,,,,
,,,,,0.1285714286,0.2299270073,,,,,,,,,,,,
,,,,,0.1265306122,0.2271062271,,,,,,,,,,,,
,,,,,0.1244897959,0.2242647059,,,,,,,,,,,,
,,,,,0.1224489796,0.221402214,,,,,,,,,,,,
,,,,,0.1204081633,0.2185185185,,,,,,,,,,,,
,,,,,0.1204081633,0.219330855,,,,,,,,,,,,
,,,,,0.1204081633,0.2201492537,,,,,,,,,,,,
,,,,,0.1204081633,0.2209737828,,,,,,,,,,,,
,,,,,0.1204081633,0.2218045113,,,,,,,,,,,,
,,,,,0.1204081633,0.2226415094,,,,,,,,,,,,
,,,,,0.1204081633,0.2234848485,,,,,,,,,,,,
,,,,,0.1204081633,0.2243346008,,,,,,,,,,,,
,,,,,0.1204081633,0.2251908397,,,,,,,,,,,,
,,,,,0.1204081633,0.2260536398,,,,,,,,,,,,
,,,,,0.1204081633,0.2269230769,,,,,,,,,,,,
,,,,,0.1204081633,0.2277992278,,,,,,,,,,,,
,,,,,0.1204081633,0.2286821705,,,,,,,,,,,,
,,,,,0.1204081633,0.2295719844,,,,,,,,,,,,
,,,,,0.1204081633,0.23046875,,,,,,,,,,,,
,,,,,0.1204081633,0.231372549,,,,,,,,,,,,
,,,,,0.1183673469,0.2283464567,,,,,,,,,,,,
,,,,,0.1183673469,0.2292490119,,,,,,,,,,,,
,,,,,0.1183673469,0.2301587302,,,,,,,,,,,,
,,,,,0.1183673469,0.2310756972,,,,,,,,,,,,
,,,,,0.1183673469,0.232,,,,,,,,,,,,
,,,,,0.1183673469,0.2329317269,,,,,,,,,,,,
,,,,,0.1183673469,0.2338709677,,,,,,,,,,,,
,,,,,0.1183673469,0.2348178138,,,,,,,,,,,,
,,,,,0.1183673469,0.2357723577,,,,,,,,,,,,
,,,,,0.1183673469,0.2367346939,,,,,,,,,,,,
,,,,,0.1163265306,0.2336065574,,,,,,,,,,,,
,,,,,0.1142857143,0.2304526749,,,,,,,,,,,,
,,,,,0.1142857143,0.2314049587,,,,,,,,,,,,
,,,,,0.1142857143,0.2323651452,,,,,,,,,,,,
,,,,,0.112244898,0.2291666667,,,,,,,,,,,,
,,,,,0.1102040816,0.2259414226,,,,,,,,,,,,
,,,,,0.1102040816,0.2268907563,,,,,,,,,,,,
,,,,,0.1102040816,0.2278481013,,,,,,,,,,,,
,,,,,0.1102040816,0.2288135593,,,,,,,,,,,,
,,,,,0.1081632653,0.2255319149,,,,,,,,,,,,
,,,,,0.1081632653,0.2264957265,,,,,,,,,,,,
,,,,,0.1081632653,0.2274678112,,,,,,,,,,,,
,,,,,0.1081632653,0.2284482759,,,,,,,,,,,,
,,,,,0.1081632653,0.2294372294,,,,,,,,,,,,
,,,,,0.1081632653,0.2304347826,,,,,,,,,,,,
,,,,,0.106122449,0.2270742358,,,,,,,,,,,,
,,,,,0.1040816327,0.2236842105,,,,,,,,,,,,
,,,,,0.1020408163,0.2202643172,,,,,,,,,,,,
,,,,,0.1020408163,0.2212389381,,,,,,,,,,,,
,,,,,0.1020408163,0.2222222222,,,,,,,,,,,,
,,,,,0.1020408163,0.2232142857,,,,,,,,,,,,
,,,,,0.1020408163,0.2242152466,,,,,,,,,,,,
,,,,,0.1020408163,0.2252252252,,,,,,,,,,,,
,,,,,0.1020408163,0.2262443439,,,,,,,,,,,,
,,,,,0.1020408163,0.2272727273,,,,,,,,,,,,
,,,,,0.1020408163,0.2283105023,,,,,,,,,,,,
,,,,,0.1020408163,0.2293577982,,,,,,,,,,,,
,,,,,0.1,0.2258064516,,,,,,,,,,,,
,,,,,0.1,0.2268518519,,,,,,,,,,,,
,,,,,0.1,0.2279069767,,,,,,,,,,,,
,,,,,0.1,0.2289719626,,,,,,,,,,,,
,,,,,0.1,0.2300469484,,,,,,,,,,,,
,,,,,0.1,0.2311320755,,,,,,,,,,,,
,,,,,0.1,0.2322274882,,,,,,,,,,,,
,,,,,0.1,0.2333333333,,,,,,,,,,,,
,,,,,0.1,0.2344497608,,,,,,,,,,,,
,,,,,0.1,0.2355769231,,,,,,,,,,,,
,,,,,0.1,0.2367149758,,,,,,,,,,,,
,,,,,0.1,0.2378640777,,,,,,,,,,,,
,,,,,0.1,0.2390243902,,,,,,,,,,,,
,,,,,0.1,0.2401960784,,,,,,,,,,,,
,,,,,0.1,0.2413793103,,,,,,,,,,,,
,,,,,0.1,0.2425742574,,,,,,,,,,,,
,,,,,0.09795918367,0.2388059701,,,,,,,,,,,,
,,,,,0.09591836735,0.235,,,,,,,,,,,,
,,,,,0.09591836735,0.2361809045,,,,,,,,,,,,
,,,,,0.09591836735,0.2373737374,,,,,,,,,,,,
,,,,,0.09387755102,0.2335025381,,,,,,,,,,,,
,,,,,0.09387755102,0.2346938776,,,,,,,,,,,,
,,,,,0.09387755102,0.2358974359,,,,,,,,,,,,
,,,,,0.09387755102,0.2371134021,,,,,,,,,,,,
,,,,,0.09387755102,0.2383419689,,,,,,,,,,,,
,,,,,0.09387755102,0.2395833333,,,,,,,,,,,,
,,,,,0.09387755102,0.2408376963,,,,,,,,,,,,
,,,,,0.09183673469,0.2368421053,,,,,,,,,,,,
,,,,,0.09183673469,0.2380952381,,,,,,,,,,,,
,,,,,0.09183673469,0.2393617021,,,,,,,,,,,,
,,,,,0.09183673469,0.2406417112,,,,,,,,,,,,
,,,,,0.09183673469,0.2419354839,,,,,,,,,,,,
,,,,,0.09183673469,0.2432432432,,,,,,,,,,,,
,,,,,0.09183673469,0.2445652174,,,,,,,,,,,,
,,,,,0.08979591837,0.2404371585,,,,,,,,,,,,
,,,,,0.08979591837,0.2417582418,,,,,,,,,,,,
,,,,,0.08979591837,0.2430939227,,,,,,,,,,,,
,,,,,0.08775510204,0.2388888889,,,,,,,,,,,,
,,,,,0.08571428571,0.2346368715,,,,,,,,,,,,
,,,,,0.08571428571,0.2359550562,,,,,,,,,,,,
,,,,,0.08571428571,0.2372881356,,,,,,,,,,,,
,,,,,0.08571428571,0.2386363636,,,,,,,,,,,,
,,,,,0.08571428571,0.24,,,,,,,,,,,,
,,,,,0.08571428571,0.2413793103,,,,,,,,,,,,
,,,,,0.08571428571,0.2427745665,,,,,,,,,,,,
,,,,,0.08367346939,0.238372093,,,,,,,,,,,,
,,,,,0.08367346939,0.2397660819,,,,,,,,,,,,
,,,,,0.08367346939,0.2411764706,,,,,,,,,,,,
,,,,,0.08367346939,0.2426035503,,,,,,,,,,,,
,,,,,0.08163265306,0.2380952381,,,,,,,,,,,,
,,,,,0.07959183673,0.2335329341,,,,,,,,,,,,
,,,,,0.07959183673,0.234939759,,,,,,,,,,,,
,,,,,0.07959183673,0.2363636364,,,,,,,,,,,,
,,,,,0.07959183673,0.237804878,,,,,,,,,,,,
,,,,,0.07959183673,0.2392638037,,,,,,,,,,,,
,,,,,0.07959183673,0.2407407407,,,,,,,,,,,,
,,,,,0.07959183673,0.2422360248,,,,,,,,,,,,
,,,,,0.07755102041,0.2375,,,,,,,,,,,,
,,,,,0.07755102041,0.2389937107,,,,,,,,,,,,
,,,,,0.07755102041,0.2405063291,,,,,,,,,,,,
,,,,,0.07755102041,0.2420382166,,,,,,,,,,,,
,,,,,0.07755102041,0.2435897436,,,,,,,,,,,,
,,,,,0.07551020408,0.2387096774,,,,,,,,,,,,
,,,,,0.07551020408,0.2402597403,,,,,,,,,,,,
,,,,,0.07346938776,0.2352941176,,,,,,,,,,,,
,,,,,0.07346938776,0.2368421053,,,,,,,,,,,,
,,,,,0.07346938776,0.238410596,,,,,,,,,,,,
,,,,,0.07346938776,0.24,,,,,,,,,,,,
,,,,,0.07346938776,0.2416107383,,,,,,,,,,,,
,,,,,0.07142857143,0.2364864865,,,,,,,,,,,,
,,,,,0.07142857143,0.2380952381,,,,,,,,,,,,
,,,,,0.07142857143,0.2397260274,,,,,,,,,,,,
,,,,,0.07142857143,0.2413793103,,,,,,,,,,,,
,,,,,0.0693877551,0.2361111111,,,,,,,,,,,,
,,,,,0.06734693878,0.2307692308,,,,,,,,,,,,
,,,,,0.06734693878,0.2323943662,,,,,,,,,,,,
,,,,,0.06734693878,0.2340425532,,,,,,,,,,,,
,,,,,0.06734693878,0.2357142857,,,,,,,,,,,,
,,,,,0.06530612245,0.2302158273,,,,,,,,,,,,
,,,,,0.06530612245,0.231884058,,,,,,,,,,,,
,,,,,0.06530612245,0.2335766423,,,,,,,,,,,,
,,,,,0.06530612245,0.2352941176,,,,,,,,,,,,
,,,,,0.06530612245,0.237037037,,,,,,,,,,,,
,,,,,0.06530612245,0.2388059701,,,,,,,,,,,,
,,,,,0.06530612245,0.2406015038,,,,,,,,,,,,
,,,,,0.06530612245,0.2424242424,,,,,,,,,,,,
,,,,,0.06530612245,0.2442748092,,,,,,,,,,,,
,,,,,0.06530612245,0.2461538462,,,,,,,,,,,,
,,,,,0.06530612245,0.2480620155,,,,,,,,,,,,
,,,,,0.06530612245,0.25,,,,,,,,,,,,
,,,,,0.06326530612,0.2440944882,,,,,,,,,,,,
,,,,,0.06326530612,0.246031746,,,,,,,,,,,,
,,,,,0.06326530612,0.248,,,,,,,,,,,,
,,,,,0.06326530612,0.25,,,,,,,,,,,,
,,,,,0.06326530612,0.2520325203,,,,,,,,,,,,
,,,,,0.06326530612,0.2540983607,,,,,,,,,,,,
,,,,,0.06326530612,0.2561983471,,,,,,,,,,,,
,,,,,0.06326530612,0.2583333333,,,,,,,,,,,,
,,,,,0.06326530612,0.2605042017,,,,,,,,,,,,
,,,,,0.06326530612,0.2627118644,,,,,,,,,,,,
,,,,,0.06326530612,0.264957265,,,,,,,,,,,,
,,,,,0.06326530612,0.2672413793,,,,,,,,,,,,
,,,,,0.0612244898,0.2608695652,,,,,,,,,,,,
,,,,,0.0612244898,0.2631578947,,,,,,,,,,,,
,,,,,0.0612244898,0.2654867257,,,,,,,,,,,,
,,,,,0.0612244898,0.2678571429,,,,,,,,,,,,
,,,,,0.0612244898,0.2702702703,,,,,,,,,,,,
,,,,,0.0612244898,0.2727272727,,,,,,,,,,,,
,,,,,0.0612244898,0.2752293578,,,,,,,,,,,,
,,,,,0.0612244898,0.2777777778,,,,,,,,,,,,
,,,,,0.0612244898,0.2803738318,,,,,,,,,,,,
,,,,,0.0612244898,0.2830188679,,,,,,,,,,,,
,,,,,0.0612244898,0.2857142857,,,,,,,,,,,,
,,,,,0.0612244898,0.2884615385,,,,,,,,,,,,
,,,,,0.0612244898,0.2912621359,,,,,,,,,,,,
,,,,,0.0612244898,0.2941176471,,,,,,,,,,,,
,,,,,0.0612244898,0.297029703,,,,,,,,,,,,
,,,,,0.0612244898,0.3,,,,,,,,,,,,
,,,,,0.0612244898,0.303030303,,,,,,,,,,,,
,,,,,0.0612244898,0.306122449,,,,,,,,,,,,
,,,,,0.05918367347,0.2989690722,,,,,,,,,,,,
,,,,,0.05918367347,0.3020833333,,,,,,,,,,,,
,,,,,0.05918367347,0.3052631579,,,,,,,,,,,,
,,,,,0.05918367347,0.3085106383,,,,,,,,,,,,
,,,,,0.05918367347,0.311827957,,,,,,,,,,,,
,,,,,0.05918367347,0.3152173913,,,,,,,,,,,,
,,,,,0.05918367347,0.3186813187,,,,,,,,,,,,
,,,,,0.05918367347,0.3222222222,,,,,,,,,,,,
,,,,,0.05918367347,0.3258426966,,,,,,,,,,,,
,,,,,0.05918367347,0.3295454545,,,,,,,,,,,,
,,,,,0.05714285714,0.3218390805,,,,,,,,,,,,
,,,,,0.05714285714,0.3255813953,,,,,,,,,,,,
,,,,,0.05714285714,0.3294117647,,,,,,,,,,,,
,,,,,0.05714285714,0.3333333333,,,,,,,,,,,,
,,,,,0.05510204082,0.3253012048,,,,,,,,,,,,
,,,,,0.05510204082,0.3292682927,,,,,,,,,,,,
,,,,,0.05306122449,0.3209876543,,,,,,,,,,,,
,,,,,0.05306122449,0.325,,,,,,,,,,,,
,,,,,0.05102040816,0.3164556962,,,,,,,,,,,,
,,,,,0.05102040816,0.3205128205,,,,,,,,,,,,
,,,,,0.05102040816,0.3246753247,,,,,,,,,,,,
,,,,,0.05102040816,0.3289473684,,,,,,,,,,,,
,,,,,0.04897959184,0.32,,,,,,,,,,,,
,,,,,0.04897959184,0.3243243243,,,,,,,,,,,,
,,,,,0.04897959184,0.3287671233,,,,,,,,,,,,
,,,,,0.04693877551,0.3194444444,,,,,,,,,,,,
,,,,,0.04693877551,0.323943662,,,,,,,,,,,,
,,,,,0.04693877551,0.3285714286,,,,,,,,,,,,
,,,,,0.04693877551,0.3333333333,,,,,,,,,,,,
,,,,,0.04693877551,0.3382352941,,,,,,,,,,,,
,,,,,0.04489795918,0.328358209,,,,,,,,,,,,
,,,,,0.04489795918,0.3333333333,,,,,,,,,,,,
,,,,,0.04285714286,0.3230769231,,,,,,,,,,,,
,,,,,0.04285714286,0.328125,,,,,,,,,,,,
,,,,,0.04285714286,0.3333333333,,,,,,,,,,,,
,,,,,0.04285714286,0.3387096774,,,,,,,,,,,,
,,,,,0.04285714286,0.3442622951,,,,,,,,,,,,
,,,,,0.04285714286,0.35,,,,,,,,,,,,
,,,,,0.04285714286,0.3559322034,,,,,,,,,,,,
,,,,,0.04285714286,0.3620689655,,,,,,,,,,,,
,,,,,0.04285714286,0.3684210526,,,,,,,,,,,,
,,,,,0.04285714286,0.375,,,,,,,,,,,,
,,,,,0.04285714286,0.3818181818,,,,,,,,,,,,
,,,,,0.04081632653,0.3703703704,,,,,,,,,,,,
,,,,,0.0387755102,0.358490566,,,,,,,,,,,,
,,,,,0.0387755102,0.3653846154,,,,,,,,,,,,
,,,,,0.0387755102,0.3725490196,,,,,,,,,,,,
,,,,,0.0387755102,0.38,,,,,,,,,,,,
,,,,,0.0387755102,0.387755102,,,,,,,,,,,,
,,,,,0.0387755102,0.3958333333,,,,,,,,,,,,
,,,,,0.03673469388,0.3829787234,,,,,,,,,,,,
,,,,,0.03673469388,0.3913043478,,,,,,,,,,,,
,,,,,0.03673469388,0.4,,,,,,,,,,,,
,,,,,0.03469387755,0.3863636364,,,,,,,,,,,,
,,,,,0.03469387755,0.3953488372,,,,,,,,,,,,
,,,,,0.03469387755,0.4047619048,,,,,,,,,,,,
,,,,,0.03265306122,0.3902439024,,,,,,,,,,,,
,,,,,0.03265306122,0.4,,,,,,,,,,,,
,,,,,0.03265306122,0.4102564103,,,,,,,,,,,,
,,,,,0.0306122449,0.3947368421,,,,,,,,,,,,
,,,,,0.0306122449,0.4054054054,,,,,,,,,,,,
,,,,,0.0306122449,0.4166666667,,,,,,,,,,,,
,,,,,0.02857142857,0.4,,,,,,,,,,,,
,,,,,0.02653061224,0.3823529412,,,,,,,,,,,,
,,,,,0.02653061224,0.3939393939,,,,,,,,,,,,
,,,,,0.02653061224,0.40625,,,,,,,,,,,,
,,,,,0.02653061224,0.4193548387,,,,,,,,,,,,
,,,,,0.02448979592,0.4,,,,,,,,,,,,
,,,,,0.02244897959,0.3793103448,,,,,,,,,,,,
,,,,,0.02244897959,0.3928571429,,,,,,,,,,,,
,,,,,0.02244897959,0.4074074074,,,,,,,,,,,,
,,,,,0.02040816327,0.3846153846,,,,,,,,,,,,
,,,,,0.01836734694,0.36,,,,,,,,,,,,
,,,,,0.01836734694,0.375,,,,,,,,,,,,
,,,,,0.01632653061,0.347826087,,,,,,,,,,,,
,,,,,0.01632653061,0.3636363636,,,,,,,,,,,,
,,,,,0.01632653061,0.380952381,,,,,,,,,,,,
,,,,,0.01632653061,0.4,,,,,,,,,,,,
,,,,,0.01632653061,0.4210526316,,,,,,,,,,,,
,,,,,0.01632653061,0.4444444444,,,,,,,,,,,,
,,,,,0.01632653061,0.4705882353,,,,,,,,,,,,
,,,,,0.01632653061,0.5,,,,,,,,,,,,
,,,,,0.01632653061,0.5333333333,,,,,,,,,,,,
,,,,,0.01632653061,0.5714285714,,,,,,,,,,,,
,,,,,0.01428571429,0.5384615385,,,,,,,,,,,,
,,,,,0.01428571429,0.5833333333,,,,,,,,,,,,
,,,,,0.01428571429,0.6363636364,,,,,,,,,,,,
,,,,,0.01224489796,0.6,,,,,,,,,,,,
,,,,,0.01020408163,0.5555555556,,,,,,,,,,,,
,,,,,0.01020408163,0.625,,,,,,,,,,,,
,,,,,0.008163265306,0.5714285714,,,,,,,,,,,,
,,,,,0.00612244898,0.5,,,,,,,,,,,,
,,,,,0.004081632653,0.4,,,,,,,,,,,,
,,,,,0.004081632653,0.5,,,,,,,,,,,,
,,,,,0.002040816327,0.3333333333,,,,,,,,,,,,
,,,,,0,0,,,,,,,,,,,,
,,,,,0,0,,,,,,,,,,,,
,,,,,0,1,,,,,,,,,,,,