,ISPIPab_fpr,ISPIPab_tpr,DiscoTope 3.0_fpr,DiscoTope 3.0_tpr,BepiPred 3.0_fpr,BepiPred 3.0_tpr,VORFFIP_fpr,VORFFIP_tpr,Spatom_fpr,Spatom_tpr,SEPPA 3.0_fpr,SEPPA 3.0_tpr,EPSVR_fpr,EPSVR_tpr,epitope3D_fpr,epitope3D_tpr,DiscoTope 2.0_fpr,DiscoTope 2.0_tpr
0,0,0,0,0,0,0,0,0,0,0,0,0,0,0,0,0,0,0
1,0,0.00204082,0.0001686625063,0,0.0001689474573,0,0.004722550177,0.01836734694,0.004038364462,0.01020408163,0.0001682651859,0,0.007740198553,0.01224489796,0.004561581348,0.004081632653,0.001182632,0.002040816
2,0.00050796,0.00204082,0.0001686625063,0.002040816327,0.0003378949147,0,0.004891212683,0.01836734694,0.004374894834,0.01224489796,0.0005047955578,0,0.01548039711,0.02244897959,0.1116742693,0.08775510204,0.001858422,0.002040816
3,0.00067728,0.00408163,0.001011975038,0.002040816327,0.0003378949147,0.004081632653,0.005228537696,0.02040816327,0.004374894834,0.01428571429,0.0005047955578,0.004081632653,0.02305233047,0.03469387755,0.1324548066,0.106122449,0.001858422,0.004081633
4,0.00067728,0.00612245,0.001011975038,0.004081632653,0.000506842372,0.004081632653,0.005734525215,0.02040816327,0.00454316002,0.01632653061,0.001009591116,0.004081632653,0.03028773347,0.04285714286,0.1327927015,0.106122449,0.003041054,0.004081633
5,0.0008466,0.00612245,0.001686625063,0.004081632653,0.000506842372,0.01020408163,0.005903187721,0.02040816327,0.004711425206,0.01632653061,0.001009591116,0.00612244898,0.03870099276,0.05306122449,0.1332995438,0.106122449,0.003041054,0.006122449
6,0.0008466,0.00816327,0.001686625063,0.00612244898,0.0006757898294,0.01020408163,0.007083825266,0.02244897959,0.004711425206,0.01836734694,0.002019182231,0.00612244898,0.04677772169,0.05918367347,0.1522216591,0.1326530612,0.00794053,0.006122449
7,0.00101592,0.00816327,0.00185528757,0.00612244898,0.0006757898294,0.01428571429,0.007083825266,0.02448979592,0.005721016322,0.01836734694,0.002355712603,0.00612244898,0.05451792024,0.0612244898,0.6887987836,0.9,0.00794053,0.008163265
8,0.00101592,0.01020408,0.00185528757,0.008163265306,0.001013684744,0.01428571429,0.007421150278,0.02448979592,0.005889281508,0.01836734694,0.002860508161,0.00612244898,0.06259464917,0.0693877551,0.7332319649,0.9367346939,0.00929211,0.008163265
9,0.00152387,0.01020408,0.002023950076,0.008163265306,0.001013684744,0.01632653061,0.007589812785,0.02448979592,0.005889281508,0.02040816327,0.003197038533,0.00612244898,0.07083964328,0.07551020408,0.7357661767,0.9408163265,0.00929211,0.010204082
10,0.00152387,0.01632653,0.002023950076,0.01020408163,0.00253421186,0.01632653061,0.00826446281,0.02448979592,0.00622581188,0.02040816327,0.003533568905,0.00612244898,0.07824331146,0.08571428571,0.7359351242,0.9408163265,0.009798953,0.010204082
11,0.00169319,0.01632653,0.002192612582,0.01020408163,0.00253421186,0.01836734694,0.008433125316,0.02448979592,0.00622581188,0.02244897959,0.003870099276,0.00612244898,0.09271411745,0.1102040816,0.7362730191,0.9408163265,0.009798953,0.012244898
12,0.00169319,0.01836734694,0.002192612582,0.01224489796,0.002703159317,0.01836734694,0.008770450329,0.02448979592,0.006562342251,0.02244897959,0.004038364462,0.00612244898,0.1006225812,0.1224489796,1,1,0.014022639,0.012244898
13,0.00186251,0.01836734694,0.002361275089,0.01224489796,0.002703159317,0.02244897959,0.009276437848,0.02857142857,0.006898872623,0.02244897959,0.004374894834,0.00612244898,0.1093723709,0.1285714286,,,0.014022639,0.014285714
14,0.00186251,0.02040816,0.002361275089,0.01632653061,0.003041054232,0.02244897959,0.009445100354,0.03265306122,0.007235402995,0.02244897959,0.00454316002,0.01020408163,0.1172808346,0.1387755102,,,0.018415273,0.014285714
15,0.00220115,0.02040816,0.002529937595,0.01632653061,0.003041054232,0.02653061224,0.009951087873,0.03469387755,0.007571933367,0.02244897959,0.004711425206,0.01020408163,0.1250210331,0.1448979592,,,0.018415273,0.016326531
16,0.00220115,0.02244897959,0.002529937595,0.02244897959,0.003547896604,0.02653061224,0.01028841289,0.03469387755,0.007908463739,0.02244897959,0.004711425206,0.01428571429,0.1329294969,0.1571428571,,,0.0199358,0.016326531
17,0.00237047,0.02244897959,0.00320458762,0.02244897959,0.003547896604,0.0306122449,0.01028841289,0.03673469388,0.008244994111,0.02244897959,0.005047955578,0.01428571429,0.1415110214,0.1632653061,,,0.0199358,0.018367347
18,0.00237047,0.02448979592,0.00320458762,0.02653061224,0.003885791519,0.0306122449,0.0106257379,0.03673469388,0.008244994111,0.02448979592,0.005216220764,0.01632653061,0.1490829547,0.1734693878,,,0.023990539,0.018367347
19,0.00253979,0.02448979592,0.003541912633,0.02653061224,0.003885791519,0.03265306122,0.01130038792,0.03673469388,0.008413259297,0.02448979592,0.005721016322,0.01632653061,0.1563183577,0.1897959184,,,0.023990539,0.020408163
20,0.00253979,0.02653061224,0.003541912633,0.03265306122,0.004223686434,0.03265306122,0.01180637544,0.03673469388,0.008581524483,0.02653061224,0.006057546694,0.01632653061,0.1642268215,0.2020408163,,,0.025342119,0.020408163
21,0.00304775,0.02653061224,0.003710575139,0.03265306122,0.004223686434,0.03469387755,0.01214370046,0.03673469388,0.008749789669,0.02653061224,0.006562342251,0.01632653061,0.1717987548,0.2142857143,,,0.025342119,0.024489796
22,0.00304775,0.03469388,0.003710575139,0.03469387755,0.004561581348,0.03469387755,0.01248102547,0.03673469388,0.00908632004,0.02653061224,0.006730607437,0.01632653061,0.1795389534,0.2204081633,,,0.033451597,0.024489796
23,0.00338639,0.03469388,0.004553887671,0.03469387755,0.004561581348,0.03673469388,0.013324338,0.03673469388,0.009591115598,0.02653061224,0.007067137809,0.01632653061,0.1869426216,0.2346938776,,,0.033451597,0.026530612
24,0.00338639,0.04081633,0.004553887671,0.03673469388,0.004899476263,0.03673469388,0.01366166301,0.03673469388,0.009591115598,0.02857142857,0.007235402995,0.01632653061,0.1958606764,0.2408163265,,,0.033789491,0.026530612
25,0.00372503,0.04081633,0.00505987519,0.03673469388,0.004899476263,0.0387755102,0.01366166301,0.0387755102,0.009759380784,0.02857142857,0.007571933367,0.01632653061,0.2029278142,0.2551020408,,,0.033789491,0.028571429
26,0.00372503,0.04285714,0.00505987519,0.0387755102,0.00574421355,0.0387755102,0.01416765053,0.04285714286,0.009759380784,0.0306122449,0.008244994111,0.01632653061,0.2103314824,0.2632653061,,,0.038182125,0.028571429
27,0.00389434,0.04285714,0.005397200202,0.0387755102,0.00574421355,0.04285714286,0.01433631304,0.04489795918,0.01060070671,0.0306122449,0.008918054854,0.01632653061,0.218071681,0.2734693878,,,0.038182125,0.030612245
28,0.00389434,0.04489795918,0.005397200202,0.04081632653,0.007433688123,0.04285714286,0.01501096306,0.04489795918,0.0107689719,0.03265306122,0.009422850412,0.01632653061,0.2264849403,0.2857142857,,,0.03852002,0.030612245
29,0.00423298,0.04489795918,0.005565862709,0.04081632653,0.007433688123,0.04489795918,0.01534828808,0.04489795918,0.01161029783,0.03265306122,0.009422850412,0.02040816327,0.2345616692,0.293877551,,,0.03852002,0.032653061
30,0.0044023,0.04489795918,0.005565862709,0.04489795918,0.00760263558,0.04489795918,0.01551695058,0.04489795918,0.01161029783,0.03469387755,0.009759380784,0.02040816327,0.2417970722,0.3040816327,,,0.0398716,0.032653061
31,0.0044023,0.04897959,0.005903187721,0.04489795918,0.00760263558,0.04693877551,0.01636026311,0.04693877551,0.0119468282,0.03469387755,0.01009591116,0.02040816327,0.2502103315,0.312244898,,,0.0398716,0.034693878
32,0.00541822,0.04897959,0.005903187721,0.04897959184,0.00827842541,0.04693877551,0.01703491314,0.04693877551,0.01228335857,0.03673469388,0.01043244153,0.02040816327,0.2673733804,0.3163265306,,,0.051022132,0.034693878
33,0.00541822,0.05102041,0.006577837747,0.04897959184,0.00827842541,0.04897959184,0.01737223815,0.04897959184,0.01278815413,0.03673469388,0.01043244153,0.02244897959,0.2756183746,0.3224489796,,,0.051022132,0.036734694
34,0.00558754,0.05102041,0.006577837747,0.05102040816,0.008616320324,0.04897959184,0.01838421319,0.04897959184,0.01278815413,0.04081632653,0.01093723709,0.02244897959,0.2833585731,0.3306122449,,,0.052542659,0.036734694
35,0.00558754,0.05306122449,0.007421150278,0.05102040816,0.008616320324,0.05102040816,0.0185528757,0.04897959184,0.0131246845,0.04081632653,0.01093723709,0.02857142857,0.291435302,0.3346938776,,,0.052542659,0.03877551
36,0.00575686,0.05306122449,0.007421150278,0.05306122449,0.009123162696,0.05102040816,0.01905886321,0.04897959184,0.01329294969,0.04285714286,0.01127376746,0.02857142857,0.2998485613,0.3428571429,,,0.052880554,0.03877551
37,0.00575686,0.05510204,0.007589812785,0.05306122449,0.009123162696,0.05306122449,0.01956485073,0.05102040816,0.01379774525,0.04285714286,0.01144203264,0.02857142857,0.308598351,0.3469387755,,,0.053218449,0.03877551
38,0.0060955,0.05510204,0.007589812785,0.05510204082,0.009292110154,0.05306122449,0.01973351324,0.05306122449,0.01396601043,0.04489795918,0.01177856302,0.0306122449,0.3166750799,0.3510204082,,,0.059469505,0.03877551
39,0.0060955,0.05918367,0.007927137797,0.05510204082,0.009292110154,0.05510204082,0.02023950076,0.05306122449,0.0143025408,0.04489795918,0.0119468282,0.0306122449,0.3244152785,0.3612244898,,,0.059469505,0.040816327
40,0.00643413,0.05918367,0.007927137797,0.05714285714,0.009461057611,0.05510204082,0.02057682577,0.05714285714,0.01480733636,0.04489795918,0.01228335857,0.0306122449,0.3319872118,0.3755102041,,,0.063693191,0.040816327
41,0.00643413,0.0612244898,0.008095800304,0.05714285714,0.009461057611,0.05714285714,0.02074548828,0.05714285714,0.01480733636,0.04693877551,0.01278815413,0.0306122449,0.3397274104,0.3857142857,,,0.063693191,0.042857143
42,0.00660345,0.0612244898,0.008095800304,0.06530612245,0.009967899983,0.05714285714,0.0212514758,0.05918367347,0.01514386673,0.04693877551,0.01295641932,0.03265306122,0.3472993438,0.393877551,,,0.068761615,0.042857143
43,0.00660345,0.06326531,0.00826446281,0.06530612245,0.009967899983,0.05918367347,0.02158880081,0.0612244898,0.01514386673,0.04897959184,0.0131246845,0.03265306122,0.3558808682,0.4,,,0.068761615,0.044897959
44,0.00677277,0.06326531,0.00826446281,0.0693877551,0.0114884271,0.05918367347,0.02192612582,0.0612244898,0.01564866229,0.04897959184,0.01346121487,0.03469387755,0.3631162712,0.4102040816,,,0.069437405,0.044897959
45,0.00677277,0.06530612,0.008601787823,0.0693877551,0.0114884271,0.0612244898,0.02209478833,0.0612244898,0.01598519266,0.04897959184,0.01362948006,0.03673469388,0.3708564698,0.4244897959,,,0.069437405,0.046938776
46,0.00728073,0.06530612,0.008601787823,0.07142857143,0.01436053387,0.0612244898,0.02243211334,0.06326530612,0.01648998822,0.04897959184,0.01396601043,0.03673469388,0.3785966683,0.4346938776,,,0.078053725,0.046938776
47,0.00761937,0.06734694,0.008939112835,0.07142857143,0.01436053387,0.06326530612,0.02344408838,0.06530612245,0.01665825341,0.05102040816,0.0143025408,0.03673469388,0.3856638062,0.4530612245,,,0.07839162,0.046938776
48,0.00761937,0.06938776,0.008939112835,0.07346938776,0.0162189559,0.06326530612,0.0241187384,0.06530612245,0.01733131415,0.05102040816,0.0143025408,0.0387755102,0.3952549218,0.4571428571,,,0.078729515,0.046938776
49,0.00778869,0.06938776,0.009107775342,0.07346938776,0.0162189559,0.06530612245,0.02428740091,0.06530612245,0.01766784452,0.05102040816,0.01480733636,0.0387755102,0.4026585899,0.4591836735,,,0.078729515,0.048979592
50,0.00778869,0.07755102,0.009107775342,0.07551020408,0.01807737794,0.06530612245,0.02462472592,0.06530612245,0.01800437489,0.05306122449,0.01548039711,0.0387755102,0.4098939929,0.4734693878,,,0.081432674,0.048979592
51,0.00795801,0.07755102,0.0106257379,0.07551020408,0.01807737794,0.06734693878,0.02496205094,0.07142857143,0.01800437489,0.05510204082,0.01581692748,0.0387755102,0.4179707219,0.4816326531,,,0.081432674,0.051020408
52,0.00795801,0.08163265,0.0106257379,0.07755102041,0.01858422031,0.06734693878,0.02580536347,0.07551020408,0.01834090527,0.05714285714,0.01632172304,0.04081632653,0.4263839812,0.487755102,,,0.085149518,0.051020408
53,0.00829665,0.08163265,0.0107944004,0.07755102041,0.01858422031,0.07142857143,0.02597402597,0.07551020408,0.01884570082,0.05714285714,0.01632172304,0.04489795918,0.4337876493,0.4959183673,,,0.085149518,0.053061224
54,0.00829665,0.08571429,0.0107944004,0.07959183673,0.01909106268,0.07142857143,0.02698600101,0.07551020408,0.01968702675,0.05714285714,0.01699478378,0.04489795918,0.4418643783,0.506122449,,,0.088866363,0.053061224
55,0.00880461,0.08571429,0.01113172542,0.07959183673,0.01909106268,0.07346938776,0.02749198853,0.07551020408,0.02002355713,0.05714285714,0.01783610971,0.04489795918,0.4499411072,0.5102040816,,,0.088866363,0.055102041
56,0.00880461,0.08979592,0.01113172542,0.08163265306,0.01976685251,0.07346938776,0.02766065104,0.07551020408,0.02019182231,0.05714285714,0.01800437489,0.04489795918,0.4581861013,0.5142857143,,,0.09038689,0.055102041
57,0.00897392,0.08979592,0.01264968797,0.08163265306,0.01976685251,0.07551020408,0.02782931354,0.07755102041,0.02019182231,0.05918367347,0.01834090527,0.04489795918,0.466094565,0.5244897959,,,0.09038689,0.057142857
58,0.00897392,0.09591837,0.01264968797,0.08367346939,0.01993579997,0.07551020408,0.02867262608,0.07755102041,0.0203600875,0.05918367347,0.01884570082,0.04489795918,0.4740030288,0.5306122449,,,0.094948471,0.057142857
59,0.0096512,0.09591837,0.01281835048,0.08367346939,0.01993579997,0.07755102041,0.02951593861,0.07959183673,0.02069661787,0.05918367347,0.0191822312,0.04897959184,0.4822480229,0.5346938776,,,0.094948471,0.059183673
60,0.0096512,0.09795918,0.01281835048,0.08775510204,0.0206115898,0.07755102041,0.03019058863,0.07959183673,0.02086488306,0.05918367347,0.01951876157,0.04897959184,0.4908295474,0.5408163265,,,0.099510052,0.059183673
61,0.01015916,0.09795918,0.01315567549,0.08775510204,0.0206115898,0.07959183673,0.03052791364,0.07959183673,0.02120141343,0.05918367347,0.01968702675,0.04897959184,0.4992428067,0.5489795918,,,0.099510052,0.06122449
62,0.01015916,0.1,0.01315567549,0.09183673469,0.02162527454,0.07959183673,0.0318772137,0.08163265306,0.02136967861,0.0612244898,0.01968702675,0.05102040816,0.5073195356,0.5510204082,,,0.106605846,0.06122449
63,0.01032847951,0.1,0.01349300051,0.09183673469,0.02162527454,0.08367346939,0.03238320121,0.08163265306,0.0215379438,0.0612244898,0.01985529194,0.05102040816,0.5153962645,0.5571428571,,,0.106605846,0.063265306
64,0.01066711818,0.1,0.01366166301,0.09387755102,0.02213211691,0.08367346939,0.03255186372,0.08163265306,0.02187447417,0.0612244898,0.02002355713,0.05306122449,0.5233047283,0.5673469388,,,0.111843217,0.063265306
65,0.01083643752,0.1,0.01383032552,0.09387755102,0.02213211691,0.08571428571,0.03288918873,0.08367346939,0.02237926973,0.0612244898,0.02052835268,0.05510204082,0.5318862527,0.5693877551,,,0.112181112,0.063265306
66,0.01083643752,0.1040816327,0.01383032552,0.09591836735,0.02314580166,0.08571428571,0.03390116377,0.08775510204,0.0227158001,0.0612244898,0.02069661787,0.05510204082,0.5399629817,0.5755102041,,,0.114546376,0.063265306
67,0.01134439553,0.1040816327,0.01433631304,0.09591836735,0.02314580166,0.08979591837,0.03423848878,0.08979591837,0.02288406529,0.0612244898,0.02103314824,0.05714285714,0.5482079758,0.5816326531,,,0.114546376,0.065306122
68,0.01134439553,0.106122449,0.01450497554,0.09795918367,0.02348369657,0.08979591837,0.0345758138,0.09387755102,0.02322059566,0.06326530612,0.02136967861,0.05714285714,0.5557799091,0.5918367347,,,0.114715324,0.065306122
69,0.0116830342,0.106122449,0.01450497554,0.1,0.02348369657,0.09183673469,0.03491313881,0.09387755102,0.02338886084,0.06326530612,0.0215379438,0.05714285714,0.5630153121,0.6040816327,,,0.114715324,0.067346939
70,0.0116830342,0.1102040816,0.01467363805,0.1,0.02449738131,0.09183673469,0.03609377635,0.09795918367,0.0238936564,0.06326530612,0.02187447417,0.0612244898,0.5707555107,0.6142857143,,,0.11758743,0.067346939
71,0.01202167,0.1102040816,0.01467363805,0.1020408163,0.02449738131,0.09387755102,0.0374430764,0.09795918367,0.02406192159,0.06326530612,0.02204273936,0.0612244898,0.5781591789,0.6326530612,,,0.11758743,0.069387755
72,0.01202167,0.1142857143,0.01737223815,0.1020408163,0.02551106606,0.09387755102,0.03761173891,0.09795918367,0.02473498233,0.06326530612,0.02254753492,0.0612244898,0.5852263167,0.6469387755,,,0.122993749,0.069387755
73,0.01236031155,0.1142857143,0.01737223815,0.1040816327,0.02551106606,0.09591836735,0.03794906392,0.09795918367,0.02490324752,0.06734693878,0.02322059566,0.0612244898,0.5941443715,0.6551020408,,,0.122993749,0.071428571
74,0.01269895022,0.1142857143,0.01787822567,0.1040816327,0.02584896097,0.09591836735,0.03879237645,0.1,0.0250715127,0.06734693878,0.0238936564,0.0612244898,0.6010432442,0.6673469388,,,0.129244805,0.071428571
75,0.01286826956,0.1142857143,0.01787822567,0.1102040816,0.02584896097,0.1,0.03896103896,0.1,0.02574457345,0.06734693878,0.02406192159,0.0612244898,0.6091199731,0.6755102041,,,0.129244805,0.073469388
76,0.01286826956,0.1163265306,0.01821555068,0.1102040816,0.02838317283,0.1,0.03946702648,0.1,0.02624936901,0.06734693878,0.02473498233,0.0612244898,0.6166919064,0.6836734694,,,0.13025849,0.073469388
77,0.01371486624,0.1163265306,0.01821555068,0.1142857143,0.02838317283,0.1020408163,0.03963568899,0.1,0.02624936901,0.0693877551,0.02523977789,0.06530612245,0.6242638398,0.693877551,,,0.13025849,0.075510204
78,0.01371486624,0.1183673469,0.0187215382,0.1142857143,0.02990369995,0.1020408163,0.039973014,0.106122449,0.02641763419,0.0693877551,0.02540804308,0.06530612245,0.6326770991,0.6959183673,,,0.132116912,0.075510204
79,0.01422282425,0.1183673469,0.0187215382,0.1163265306,0.02990369995,0.1081632653,0.04047900152,0.1081632653,0.02692242975,0.0693877551,0.02608110382,0.06530612245,0.6404172977,0.7102040816,,,0.132116912,0.07755102
80,0.01422282425,0.1204081633,0.01889020071,0.1163265306,0.03074843724,0.1081632653,0.04098498904,0.1081632653,0.02725896012,0.07142857143,0.02641763419,0.06530612245,0.6484940266,0.7142857143,,,0.134820071,0.07755102
81,0.01439214358,0.1204081633,0.01889020071,0.1224489796,0.03074843724,0.1102040816,0.04132231405,0.1102040816,0.02759549049,0.07142857143,0.02709069494,0.06530612245,0.6562342251,0.7244897959,,,0.134820071,0.079591837
82,0.01490010159,0.1224489796,0.01922752572,0.1224489796,0.03125527961,0.1102040816,0.04284027661,0.1102040816,0.02776375568,0.07142857143,0.02742722531,0.06530612245,0.6643109541,0.7326530612,,,0.137185335,0.079591837
83,0.01506942093,0.1224489796,0.01922752572,0.1244897959,0.03125527961,0.1142857143,0.04351492663,0.1183673469,0.02860508161,0.07142857143,0.02793202086,0.06734693878,0.6717146222,0.7448979592,,,0.137185335,0.081632653
84,0.01506942093,0.1244897959,0.0212514758,0.1244897959,0.03159317452,0.1142857143,0.04452690167,0.1183673469,0.02927814235,0.07142857143,0.02810028605,0.06734693878,0.6799596164,0.7510204082,,,0.138367968,0.081632653
85,0.01557737894,0.1244897959,0.0212514758,0.1285714286,0.03159317452,0.1183673469,0.0452015517,0.1204081633,0.0299512031,0.07142857143,0.02843681642,0.06734693878,0.6880363453,0.7591836735,,,0.138367968,0.083673469
86,0.01557737894,0.1265306122,0.02175746332,0.1285714286,0.03311370164,0.1183673469,0.04587620172,0.1204081633,0.03045599865,0.07142857143,0.02927814235,0.06734693878,0.6957765438,0.7693877551,,,0.138536915,0.083673469
87,0.0157467,0.1265306122,0.02175746332,0.1346938776,0.03311370164,0.1204081633,0.04604486423,0.1224489796,0.03079252903,0.07142857143,0.02961467272,0.06734693878,0.7035167424,0.7775510204,,,0.138536915,0.085714286
88,0.0157467,0.1306122449,0.02226345083,0.1346938776,0.0356479135,0.1204081633,0.04638218924,0.1285714286,0.03096079421,0.07142857143,0.02978293791,0.06734693878,0.7115934713,0.787755102,,,0.139381652,0.085714286
89,0.01743989164,0.1306122449,0.02226345083,0.1367346939,0.0356479135,0.1285714286,0.04722550177,0.1306122449,0.03129732458,0.07346938776,0.03011946828,0.06734693878,0.7181558136,0.8020408163,,,0.139381652,0.087755102
90,0.01743989164,0.1326530612,0.02260077585,0.1367346939,0.03632370333,0.1285714286,0.0479001518,0.1306122449,0.03180212014,0.07346938776,0.03146558977,0.06734693878,0.7258960121,0.812244898,,,0.146477446,0.087755102
91,0.01777853,0.1326530612,0.02293810086,0.1367346939,0.03632370333,0.1346938776,0.04823747681,0.1306122449,0.03180212014,0.07551020408,0.03213865051,0.06734693878,0.7329631499,0.8326530612,,,0.146477446,0.089795918
92,0.01777853,0.1367346939,0.02361275089,0.1367346939,0.03868896773,0.1346938776,0.04874346433,0.1326530612,0.03213865051,0.07551020408,0.03281171126,0.06734693878,0.7396937574,0.8510204082,,,0.147997973,0.089795918
93,0.01794784964,0.1367346939,0.02361275089,0.1387755102,0.03868896773,0.1367346939,0.04992410187,0.1326530612,0.03247518089,0.07755102041,0.03331650681,0.06734693878,0.7469291604,0.8673469388,,,0.147997973,0.091836735
94,0.01794784964,0.1408163265,0.0241187384,0.1387755102,0.04173002196,0.1367346939,0.04992410187,0.1346938776,0.03247518089,0.07959183673,0.033484772,0.06734693878,0.7550058893,0.8775510204,,,0.14816692,0.091836735
95,0.01828648832,0.1408163265,0.0241187384,0.1408163265,0.04173002196,0.1387755102,0.05093607691,0.1367346939,0.03281171126,0.07959183673,0.03382130237,0.0693877551,0.7620730271,0.8897959184,,,0.14816692,0.093877551
96,0.01862513,0.1408163265,0.02428740091,0.1408163265,0.04291265416,0.1387755102,0.05144206443,0.1367346939,0.033484772,0.07959183673,0.03499915867,0.07142857143,0.7689718997,0.9081632653,,,0.15019429,0.093877551
97,0.01862513,0.1428571429,0.02462472592,0.1408163265,0.04291265416,0.1408163265,0.05245403947,0.1367346939,0.03398956756,0.07959183673,0.03533568905,0.07142857143,0.7758707723,0.9306122449,,,0.15019429,0.095918367
98,0.019133085,0.1428571429,0.02462472592,0.1448979592,0.04443318128,0.1408163265,0.05296002699,0.1367346939,0.03449436312,0.07959183673,0.0358404846,0.07142857143,0.7829379101,0.9510204082,,,0.154249029,0.095918367
99,0.019133085,0.1469387755,0.02513071344,0.1448979592,0.04443318128,0.1428571429,0.05430932704,0.1448979592,0.03516742386,0.07959183673,0.03651354535,0.07142857143,1,1,,,0.154249029,0.1
100,0.01947172,0.1469387755,0.02513071344,0.1489795918,0.04916371009,0.1428571429,0.05464665205,0.1448979592,0.03533568905,0.07959183673,0.03735487128,0.07142857143,,,,,0.155093766,0.1
101,0.01947172,0.1489795918,0.02614268848,0.1489795918,0.04916371009,0.1448979592,0.05532130207,0.1469387755,0.03600874979,0.07959183673,0.03752313646,0.07142857143,,,,,0.155093766,0.102040816
102,0.01964104301,0.1489795918,0.02614268848,0.1510204082,0.049501605,0.1448979592,0.05650193962,0.1510204082,0.03617701498,0.08163265306,0.03802793202,0.07142857143,,,,,0.159317452,0.102040816
103,0.01964104301,0.1510204082,0.02732332602,0.1510204082,0.049501605,0.1469387755,0.05700792714,0.1510204082,0.03668181053,0.08163265306,0.03870099276,0.07551020408,,,,,0.159317452,0.104081633
104,0.01981036234,0.1510204082,0.02732332602,0.1571428571,0.05288055415,0.1469387755,0.05768257716,0.1551020408,0.03701834091,0.08163265306,0.03886925795,0.07755102041,,,,,0.160500084,0.104081633
105,0.01981036234,0.1530612245,0.02799797605,0.1571428571,0.05288055415,0.1510204082,0.05801990218,0.1551020408,0.03718660609,0.08367346939,0.03954231869,0.07959183673,,,,,0.160500084,0.106122449
106,0.02116492,0.1530612245,0.02799797605,0.1591836735,0.05338739652,0.1510204082,0.05818856468,0.1551020408,0.03785966683,0.08367346939,0.03971058388,0.07959183673,,,,,0.161006927,0.106122449
107,0.02167287504,0.1530612245,0.02816663856,0.1591836735,0.05338739652,0.1530612245,0.05936920223,0.1571428571,0.03785966683,0.08571428571,0.04004711425,0.08163265306,,,,,0.161006927,0.108163265
108,0.02251947172,0.1530612245,0.02816663856,0.1612244898,0.05355634398,0.1530612245,0.05970652724,0.1591836735,0.03886925795,0.08571428571,0.04055190981,0.08367346939,,,,,0.161513769,0.108163265
109,0.02285811,0.1530612245,0.02833530106,0.1612244898,0.05355634398,0.1551020408,0.05987518975,0.1612244898,0.03937405351,0.08571428571,0.04139323574,0.08775510204,,,,,0.161513769,0.110204082
110,0.02285811,0.1551020408,0.02833530106,0.1632653061,0.05642845075,0.1551020408,0.06021251476,0.1612244898,0.03937405351,0.08979591837,0.04223456167,0.08775510204,,,,,0.164385876,0.110204082
111,0.02336607,0.1551020408,0.02867262608,0.1632653061,0.05642845075,0.1571428571,0.06038117726,0.1612244898,0.03987884907,0.09183673469,0.04257109204,0.09387755102,,,,,0.164385876,0.112244898
112,0.02336607,0.1571428571,0.02867262608,0.1653061224,0.05845582024,0.1571428571,0.06105582729,0.1612244898,0.04021537944,0.09183673469,0.0430758876,0.09387755102,,,,,0.164723771,0.112244898
113,0.02370470708,0.1571428571,0.0293472761,0.1653061224,0.05845582024,0.1632653061,0.0612244898,0.1612244898,0.04038364462,0.09183673469,0.04374894834,0.09591836735,,,,,0.164723771,0.114285714
114,0.02370470708,0.1591836735,0.0293472761,0.1673469388,0.05913161007,0.1632653061,0.06173047731,0.1673469388,0.04038364462,0.09387755102,0.04391721353,0.09591836735,,,,,0.165737456,0.114285714
115,0.02404335,0.1591836735,0.02951593861,0.1673469388,0.05913161007,0.1653061224,0.06257378985,0.1714285714,0.04088844018,0.09387755102,0.04442200909,0.09591836735,,,,,0.165737456,0.118367347
116,0.02404335,0.1632653061,0.02951593861,0.1714285714,0.05930055753,0.1653061224,0.06324843987,0.1714285714,0.04122497055,0.09387755102,0.04459027427,0.09795918367,,,,,0.167089035,0.118367347
117,0.02421267,0.1632653061,0.03019058863,0.1714285714,0.05930055753,0.1673469388,0.06341710238,0.1755102041,0.04156150093,0.09387755102,0.04526333502,0.09795918367,,,,,0.167089035,0.120408163
118,0.02438198442,0.1653061224,0.03019058863,0.1734693878,0.0598073999,0.1673469388,0.06426041491,0.1755102041,0.04257109204,0.09387755102,0.0454316002,0.1,,,,,0.167257983,0.120408163
119,0.02455130376,0.1653061224,0.03288918873,0.1734693878,0.0598073999,0.1693877551,0.06493506494,0.1755102041,0.04290762241,0.09387755102,0.04593639576,0.1,,,,,0.167257983,0.12244898
120,0.02488994243,0.1653061224,0.03288918873,0.1755102041,0.06065213719,0.1693877551,0.06544105245,0.1775510204,0.04358068316,0.09795918367,0.04711425206,0.1040816327,,,,,0.169116405,0.12244898
121,0.02658313579,0.1653061224,0.03373250126,0.1755102041,0.06065213719,0.1734693878,0.0667903525,0.1795918367,0.0442537439,0.09795918367,0.0477873128,0.106122449,,,,,0.169116405,0.124489796
122,0.0270910938,0.1653061224,0.03373250126,0.1795918367,0.06183476939,0.1734693878,0.06797099005,0.1816326531,0.04475853946,0.09795918367,0.04795557799,0.106122449,,,,,0.169961142,0.124489796
123,0.0270910938,0.1673469388,0.03440715129,0.1795918367,0.06183476939,0.1775510204,0.06847697757,0.1816326531,0.04509506983,0.1,0.04930169948,0.1102040816,,,,,0.169961142,0.126530612
124,0.02759905181,0.1673469388,0.03440715129,0.1816326531,0.06436898125,0.1775510204,0.06881430258,0.1816326531,0.04526333502,0.1,0.04997476022,0.1142857143,,,,,0.170467984,0.126530612
125,0.02827632916,0.1673469388,0.0345758138,0.1816326531,0.06436898125,0.1795918367,0.06948895261,0.1816326531,0.04559986539,0.1,0.05031129059,0.1183673469,,,,,0.170467984,0.128571429
126,0.02827632916,0.1693877551,0.0345758138,0.1857142857,0.0645379287,0.1795918367,0.07033226514,0.1816326531,0.04576813057,0.1,0.05115261652,0.1183673469,,,,,0.170805879,0.128571429
127,0.02844564849,0.1693877551,0.03508180132,0.1857142857,0.0645379287,0.1816326531,0.07066959015,0.1857142857,0.04644119132,0.1,0.05182567727,0.1183673469,,,,,0.170805879,0.130612245
128,0.02963088,0.1693877551,0.03508180132,0.187755102,0.06487582362,0.1816326531,0.07100691516,0.1857142857,0.0466094565,0.1020408163,0.05233047283,0.1183673469,,,,,0.171312722,0.130612245
129,0.02996952252,0.1693877551,0.03558778883,0.187755102,0.06487582362,0.1836734694,0.07218755271,0.1857142857,0.04694598688,0.1020408163,0.05334006394,0.1204081633,,,,,0.171312722,0.132653061
130,0.03098543854,0.1693877551,0.03558778883,0.1897959184,0.06639635073,0.1836734694,0.07286220273,0.1857142857,0.04711425206,0.1040816327,0.05468618543,0.1204081633,,,,,0.171481669,0.132653061
131,0.03098543854,0.1714285714,0.03609377635,0.1897959184,0.06639635073,0.1857142857,0.0747174903,0.187755102,0.04745078243,0.1040816327,0.05519098099,0.1224489796,,,,,0.171481669,0.134693878
132,0.0314934,0.1714285714,0.03609377635,0.1918367347,0.06859266768,0.1857142857,0.07572946534,0.193877551,0.0477873128,0.1040816327,0.0562005721,0.1224489796,,,,,0.177732725,0.134693878
133,0.0314934,0.1734693878,0.03710575139,0.1918367347,0.06859266768,0.187755102,0.07606679035,0.1959183673,0.04846037355,0.1040816327,0.0573784284,0.1224489796,,,,,0.177732725,0.136734694
134,0.03166272,0.1734693878,0.03710575139,0.193877551,0.07146477446,0.187755102,0.07657277787,0.1979591837,0.04846037355,0.106122449,0.05805148915,0.1224489796,,,,,0.17807062,0.136734694
135,0.03200135455,0.1795918367,0.0372744139,0.193877551,0.07146477446,0.1897959184,0.07674144038,0.2020408163,0.04879690392,0.106122449,0.05889281508,0.1265306122,,,,,0.17807062,0.13877551
136,0.03200135455,0.1816326531,0.0372744139,0.1979591837,0.07535056597,0.1897959184,0.0774160904,0.2020408163,0.04896516911,0.106122449,0.05956587582,0.1265306122,,,,,0.1794222,0.13877551
137,0.03250931,0.1816326531,0.04233428909,0.1979591837,0.07535056597,0.1918367347,0.07775341542,0.2020408163,0.04946996466,0.106122449,0.06007067138,0.1285714286,,,,,0.1794222,0.140816327
138,0.03284795,0.1816326531,0.04233428909,0.2,0.07771583038,0.1918367347,0.07792207792,0.2020408163,0.04963822985,0.1081632653,0.06091199731,0.1306122449,,,,,0.180773779,0.140816327
139,0.03318659,0.1816326531,0.04250295159,0.2,0.07771583038,0.193877551,0.08129532805,0.2081632653,0.04997476022,0.1081632653,0.06158505805,0.1306122449,,,,,0.180773779,0.142857143
140,0.03318659,0.1836734694,0.04250295159,0.2040816327,0.07991214732,0.193877551,0.08163265306,0.2081632653,0.05047955578,0.1102040816,0.06242638398,0.1326530612,,,,,0.181618517,0.142857143
141,0.03335591,0.1836734694,0.04300893911,0.2040816327,0.07991214732,0.1959183673,0.08315061562,0.2142857143,0.05115261652,0.1102040816,0.06276291435,0.1346938776,,,,,0.181618517,0.144897959
142,0.03335591,0.1857142857,0.04317760162,0.206122449,0.08075688461,0.1959183673,0.08399392815,0.2142857143,0.05132088171,0.1102040816,0.06360424028,0.1387755102,,,,,0.184659571,0.144897959
143,0.03471046393,0.1857142857,0.04317760162,0.2081632653,0.08075688461,0.1979591837,0.08466857818,0.2142857143,0.05132088171,0.112244898,0.06444556621,0.1448979592,,,,,0.184659571,0.148979592
144,0.03487978327,0.187755102,0.04368358914,0.2081632653,0.08109477952,0.1979591837,0.08483724068,0.2142857143,0.0514891469,0.1142857143,0.06562342251,0.1448979592,,,,,0.185166413,0.148979592
145,0.03555706,0.187755102,0.04368358914,0.2102040816,0.08109477952,0.2,0.08601787823,0.2163265306,0.05182567727,0.1142857143,0.06713780919,0.1469387755,,,,,0.185504308,0.148979592
146,0.03555706,0.1897959184,0.04385225164,0.2102040816,0.08346004393,0.2,0.08635520324,0.2163265306,0.05199394245,0.1142857143,0.06848393067,0.1469387755,,,,,0.187869573,0.148979592
147,0.03572637995,0.1897959184,0.04385225164,0.212244898,0.08346004393,0.2020408163,0.08753584078,0.2183673469,0.05233047283,0.1142857143,0.06966178698,0.1469387755,,,,,0.187869573,0.151020408
148,0.03572637995,0.1918367347,0.04402091415,0.212244898,0.08464267613,0.2020408163,0.08753584078,0.2244897959,0.05249873801,0.1142857143,0.07050311291,0.1469387755,,,,,0.189727995,0.151020408
149,0.03843548933,0.1918367347,0.04402091415,0.2142857143,0.08464267613,0.2040816327,0.0878731658,0.2244897959,0.05317179875,0.1142857143,0.07083964328,0.1489795918,,,,,0.189727995,0.153061224
150,0.03843548933,0.193877551,0.04452690167,0.2142857143,0.08616320324,0.2040816327,0.08854781582,0.2265306122,0.05350832913,0.1163265306,0.07184923439,0.1489795918,,,,,0.190741679,0.153061224
151,0.03928208601,0.193877551,0.04469556418,0.2163265306,0.08616320324,0.206122449,0.0905717659,0.2306122449,0.0538448595,0.1163265306,0.07252229514,0.1510204082,,,,,0.190741679,0.155102041
152,0.03928208601,0.1959183673,0.04553887671,0.2163265306,0.08683899307,0.206122449,0.09090909091,0.2346938776,0.05401312468,0.1163265306,0.07454147737,0.1510204082,,,,,0.191248522,0.155102041
153,0.0401286827,0.1959183673,0.04553887671,0.2183673469,0.08683899307,0.2081632653,0.09124641592,0.2346938776,0.05401312468,0.1204081633,0.07571933367,0.1551020408,,,,,0.191417469,0.157142857
154,0.0401286827,0.1979591837,0.04756282678,0.2183673469,0.08768373036,0.2081632653,0.09225839096,0.2367346939,0.05401312468,0.1244897959,0.0765606596,0.1591836735,,,,,0.192093259,0.157142857
155,0.04097527938,0.1979591837,0.04756282678,0.2204081633,0.08768373036,0.2102040816,0.0934390285,0.2367346939,0.05434965506,0.1244897959,0.0777385159,0.1612244898,,,,,0.192093259,0.159183673
156,0.04114459871,0.2,0.0479001518,0.2204081633,0.08835952019,0.2102040816,0.09428234104,0.2367346939,0.05451792024,0.1244897959,0.07857984183,0.1612244898,,,,,0.194120628,0.159183673
157,0.04165256,0.2,0.0479001518,0.2224489796,0.08835952019,0.212244898,0.09461966605,0.2387755102,0.05519098099,0.1244897959,0.08026249369,0.1612244898,,,,,0.194120628,0.16122449
158,0.04165256,0.2020408163,0.04891212683,0.2224489796,0.08937320493,0.212244898,0.09495699106,0.2387755102,0.05569577654,0.1244897959,0.08144034999,0.1612244898,,,,,0.194965366,0.16122449
159,0.04232983,0.2020408163,0.04891212683,0.2244897959,0.08937320493,0.2142857143,0.09563164109,0.2387755102,0.05586404173,0.1244897959,0.08177688036,0.1612244898,,,,,0.195134313,0.163265306
160,0.04232983,0.2040816327,0.04908078934,0.2244897959,0.09021794222,0.2142857143,0.09681227863,0.2408163265,0.05636883729,0.1244897959,0.08396432778,0.1612244898,,,,,0.199189052,0.163265306
161,0.04317643,0.2040816327,0.04908078934,0.2265306122,0.09021794222,0.2163265306,0.09782425367,0.2408163265,0.05670536766,0.1265306122,0.08446912334,0.1632653061,,,,,0.199189052,0.165306122
162,0.04368438876,0.206122449,0.04958677686,0.2265306122,0.09106267951,0.2163265306,0.09883622871,0.2408163265,0.05704189803,0.1265306122,0.08564697964,0.1653061224,,,,,0.199358,0.165306122
163,0.04419235,0.206122449,0.04958677686,0.2285714286,0.09106267951,0.2204081633,0.1008601788,0.2448979592,0.05754669359,0.1265306122,0.08766616187,0.1653061224,,,,,0.199358,0.167346939
164,0.04419235,0.2081632653,0.04992410187,0.2285714286,0.09123162696,0.2204081633,0.1011975038,0.2448979592,0.05821975433,0.1265306122,0.08884401817,0.1653061224,,,,,0.199526947,0.167346939
165,0.04436167,0.2081632653,0.0507674144,0.2285714286,0.09123162696,0.2244897959,0.1017034913,0.2448979592,0.05889281508,0.1265306122,0.08985360929,0.1673469388,,,,,0.199526947,0.169387755
166,0.04436167,0.2102040816,0.0507674144,0.2306122449,0.09359689137,0.2244897959,0.1023781413,0.2448979592,0.05889281508,0.1306122449,0.09271411745,0.1693877551,,,,,0.200540632,0.169387755
167,0.04470030477,0.2102040816,0.05110473942,0.2306122449,0.09359689137,0.2265306122,0.1042334289,0.2448979592,0.05922934545,0.1306122449,0.09406023894,0.1693877551,,,,,0.200540632,0.171428571
168,0.04470030477,0.212244898,0.05110473942,0.2326530612,0.09410373374,0.2265306122,0.1054140665,0.2469387755,0.05990240619,0.1306122449,0.09557462561,0.1775510204,,,,,0.203750634,0.171428571
169,0.04486962,0.2142857143,0.05144206443,0.2326530612,0.09410373374,0.2285714286,0.106257379,0.2489795918,0.06040720175,0.1306122449,0.09725727747,0.1775510204,,,,,0.203750634,0.173469388
170,0.04571622,0.2142857143,0.05144206443,0.2346938776,0.09579320831,0.2285714286,0.1071006915,0.2489795918,0.06057546694,0.1306122449,0.09860339896,0.1795918367,,,,,0.206115898,0.173469388
171,0.04571622,0.2163265306,0.05245403947,0.2346938776,0.09579320831,0.2306122449,0.107606679,0.2530612245,0.06091199731,0.1326530612,0.1007908464,0.1816326531,,,,,0.206115898,0.175510204
172,0.04588554,0.2163265306,0.05245403947,0.2408163265,0.09613110323,0.2306122449,0.1084499916,0.2551020408,0.06108026249,0.1346938776,0.1033148242,0.1816326531,,,,,0.20729853,0.175510204
173,0.04588554,0.2183673469,0.05262270197,0.2408163265,0.09613110323,0.2326530612,0.1094619666,0.2571428571,0.06141679287,0.1346938776,0.104997476,0.1816326531,,,,,0.20729853,0.17755102
174,0.04605486,0.2204081633,0.05296002699,0.2408163265,0.09967899983,0.2326530612,0.1097992916,0.2571428571,0.0622581188,0.1367346939,0.1083627797,0.1816326531,,,,,0.209156952,0.17755102
175,0.04605486,0.2244897959,0.053297352,0.2408163265,0.09967899983,0.2346938776,0.1103052791,0.2571428571,0.06293117954,0.1367346939,0.1102136968,0.1816326531,,,,,0.209156952,0.179591837
176,0.04656282,0.2244897959,0.053297352,0.2428571429,0.1005237371,0.2346938776,0.1108112667,0.2591836735,0.06309944472,0.1387755102,0.1127376746,0.187755102,,,,,0.210339584,0.179591837
177,0.04656282,0.2265306122,0.05616461461,0.2428571429,0.1005237371,0.2367346939,0.1121605667,0.2591836735,0.06377250547,0.1387755102,0.1150933872,0.187755102,,,,,0.210339584,0.181632653
178,0.04757873,0.2265306122,0.05616461461,0.2448979592,0.1010305795,0.2367346939,0.1128352167,0.2591836735,0.06394077065,0.1387755102,0.117617365,0.1897959184,,,,,0.211860112,0.181632653
179,0.04774805,0.2265306122,0.05768257716,0.2448979592,0.1010305795,0.2387755102,0.1133412043,0.2591836735,0.06394077065,0.1408163265,0.119468282,0.1897959184,,,,,0.211860112,0.183673469
180,0.04774805,0.2285714286,0.05768257716,0.2489795918,0.1020442642,0.2387755102,0.1136785293,0.2591836735,0.06410903584,0.1408163265,0.122160525,0.1918367347,,,,,0.218955905,0.183673469
181,0.04791737216,0.2285714286,0.05953786473,0.2489795918,0.1020442642,0.2408163265,0.1143531793,0.2612244898,0.06444556621,0.1428571429,0.124011442,0.1979591837,,,,,0.218955905,0.185714286
182,0.04825601,0.2285714286,0.05953786473,0.2510204082,0.1027200541,0.2408163265,0.1153651543,0.2612244898,0.0646138314,0.1448979592,0.1268719502,0.2020408163,,,,,0.220476432,0.185714286
183,0.04893328818,0.2285714286,0.05987518975,0.2510204082,0.1027200541,0.2469387755,0.1157024793,0.2612244898,0.06478209658,0.1448979592,0.1299007235,0.2102040816,,,,,0.220476432,0.187755102
184,0.04893328818,0.2306122449,0.05987518975,0.2551020408,0.103057949,0.2469387755,0.1187384045,0.2693877551,0.06495036177,0.1469387755,0.1329294969,0.212244898,,,,,0.222841696,0.187755102
185,0.04910261,0.2306122449,0.06038117726,0.2551020408,0.103057949,0.2489795918,0.1190757295,0.2693877551,0.06663301363,0.1489795918,0.1351169443,0.2163265306,,,,,0.222841696,0.189795918
186,0.04944125,0.2306122449,0.06071850228,0.2551020408,0.1055921608,0.2489795918,0.120256367,0.2693877551,0.06730607437,0.1489795918,0.1367995962,0.2224489796,,,,,0.224024328,0.189795918
187,0.04977988486,0.2306122449,0.06510372744,0.2551020408,0.1055921608,0.2510204082,0.1217743296,0.2693877551,0.06764260475,0.1489795918,0.1408379606,0.2244897959,,,,,0.224024328,0.191836735
188,0.04977988486,0.2326530612,0.06510372744,0.2571428571,0.1064368981,0.2510204082,0.1221116546,0.2693877551,0.06848393067,0.1489795918,0.1447080599,0.2265306122,,,,,0.22588275,0.191836735
189,0.0507958,0.2326530612,0.06527238995,0.2571428571,0.1064368981,0.2530612245,0.1227863046,0.2714285714,0.06865219586,0.1510204082,0.1462224466,0.2306122449,,,,,0.22588275,0.193877551
190,0.05113444,0.2326530612,0.06527238995,0.2591836735,0.107112688,0.2530612245,0.1237982796,0.2734693878,0.06865219586,0.1530612245,0.1494194851,0.2346938776,,,,,0.231458017,0.193877551
191,0.05113444,0.2346938776,0.06560971496,0.2591836735,0.107112688,0.2551020408,0.1243042672,0.2734693878,0.06915699142,0.1530612245,0.1521117281,0.2387755102,,,,,0.231458017,0.195918367
192,0.05181172,0.2346938776,0.06577837747,0.2591836735,0.1084642676,0.2551020408,0.1249789172,0.2775510204,0.06983005216,0.1530612245,0.1553087666,0.2408163265,,,,,0.231626964,0.195918367
193,0.05215036,0.2346938776,0.06577837747,0.2612244898,0.1084642676,0.2571428571,0.1251475797,0.2775510204,0.06999831735,0.1530612245,0.1593471311,0.2428571429,,,,,0.231626964,0.197959184
194,0.05231967491,0.2346938776,0.06628436499,0.2612244898,0.10897111,0.2571428571,0.1253162422,0.2795918367,0.07016658253,0.1551020408,0.1620393741,0.2428571429,,,,,0.232640649,0.197959184
195,0.05231967491,0.2367346939,0.06628436499,0.2673469388,0.10897111,0.2591836735,0.1273401923,0.2795918367,0.07033484772,0.1551020408,0.1648998822,0.2448979592,,,,,0.232640649,0.2
196,0.05367423,0.2367346939,0.0667903525,0.2673469388,0.1096468998,0.2591836735,0.1283521673,0.2836734694,0.07117617365,0.1551020408,0.1670873296,0.2510204082,,,,,0.237371178,0.2
197,0.05401287,0.2367346939,0.06712767752,0.2673469388,0.1096468998,0.2612244898,0.1285208298,0.2836734694,0.07134443884,0.1551020408,0.1716304897,0.2591836735,,,,,0.237371178,0.202040816
198,0.05469015,0.2367346939,0.06797099005,0.2673469388,0.1103226896,0.2612244898,0.1290268173,0.2836734694,0.07201749958,0.1551020408,0.1738179371,0.2632653061,,,,,0.23855381,0.202040816
199,0.05502878429,0.2367346939,0.06797099005,0.2693877551,0.1103226896,0.2632653061,0.1300387924,0.2836734694,0.07235402995,0.1551020408,0.1768467104,0.2653061224,,,,,0.23855381,0.204081633
200,0.05621402,0.2367346939,0.06847697757,0.2693877551,0.1106605846,0.2632653061,0.1315567549,0.2836734694,0.07252229514,0.1551020408,0.1807168097,0.2755102041,,,,,0.238722757,0.206122449
201,0.05621402,0.2428571429,0.06847697757,0.2714285714,0.1106605846,0.2653061224,0.1320627425,0.2836734694,0.07336362107,0.1551020408,0.1854282349,0.2755102041,,,,,0.241594864,0.206122449
202,0.05672198,0.2428571429,0.0693202901,0.2714285714,0.110829532,0.2653061224,0.132231405,0.2836734694,0.07353188625,0.1571428571,0.1889618038,0.2795918367,,,,,0.241594864,0.208163265
203,0.05672198,0.2448979592,0.0693202901,0.2755102041,0.110829532,0.2673469388,0.1324000675,0.2857142857,0.07370015144,0.1571428571,0.1940097594,0.2897959184,,,,,0.241932759,0.208163265
204,0.05722994,0.2448979592,0.07050092764,0.2755102041,0.1111674269,0.2673469388,0.133580705,0.2857142857,0.07403668181,0.1571428571,0.1987211846,0.2897959184,,,,,0.241932759,0.210204082
205,0.05773789367,0.2448979592,0.07050092764,0.2775510204,0.1111674269,0.2693877551,0.13459268,0.287755102,0.07437321218,0.1571428571,0.2030960794,0.293877551,,,,,0.242608549,0.210204082
206,0.05773789367,0.2469387755,0.07066959015,0.2775510204,0.1115053218,0.2693877551,0.1354359926,0.2897959184,0.07470974255,0.1571428571,0.2089853609,0.2979591837,,,,,0.242608549,0.212244898
207,0.05841517,0.2469387755,0.07083825266,0.2795918367,0.1115053218,0.2714285714,0.1356046551,0.2897959184,0.07504627293,0.1571428571,0.2125189298,0.3040816327,,,,,0.244129076,0.212244898
208,0.05841517,0.2489795918,0.07117557767,0.2795918367,0.1121811117,0.2714285714,0.1366166301,0.2959183673,0.07555106848,0.1591836735,0.2167255595,0.3102040816,,,,,0.244129076,0.214285714
209,0.05858449035,0.2489795918,0.07117557767,0.2816326531,0.1121811117,0.2734693878,0.1377972677,0.2979591837,0.07571933367,0.1612244898,0.2211004543,0.3142857143,,,,,0.259841189,0.214285714
210,0.05892313,0.2489795918,0.07134424018,0.2816326531,0.1123500591,0.2734693878,0.1383032552,0.2979591837,0.07605586404,0.1612244898,0.2279993269,0.3265306122,,,,,0.259841189,0.216326531
211,0.05909245,0.2489795918,0.07168156519,0.2816326531,0.1123500591,0.2755102041,0.1386405802,0.3,0.07639239441,0.1632653061,0.2338886084,0.3306122449,,,,,0.260516979,0.216326531
212,0.05909245,0.2510204082,0.07218755271,0.2816326531,0.1150532184,0.2755102041,0.1391465677,0.3,0.07706545516,0.1632653061,0.2377587077,0.3530612245,,,,,0.260516979,0.218367347
213,0.05926177,0.2510204082,0.07218755271,0.2836734694,0.1150532184,0.2775510204,0.1401585428,0.3020408163,0.0777385159,0.1734693878,0.2433114589,0.3591836735,,,,,0.261530664,0.218367347
214,0.05960040637,0.2510204082,0.07235621521,0.2836734694,0.1153911134,0.2775510204,0.1421824928,0.3020408163,0.07790678109,0.1775510204,0.24886421,0.3632653061,,,,,0.261530664,0.220408163
215,0.05993905,0.2510204082,0.07269354023,0.2836734694,0.1153911134,0.2795918367,0.1428571429,0.3020408163,0.07824331146,0.1775510204,0.2539121656,0.3714285714,,,,,0.262037506,0.220408163
216,0.05993905,0.2530612245,0.07269354023,0.2857142857,0.1182632201,0.2795918367,0.1438691179,0.3040816327,0.07857984183,0.1795918367,0.260642773,0.3795918367,,,,,0.262375401,0.220408163
217,0.06163224,0.2530612245,0.07286220273,0.2857142857,0.1182632201,0.2816326531,0.1445437679,0.3040816327,0.0789163722,0.1836734694,0.2655224634,0.3918367347,,,,,0.263895928,0.220408163
218,0.06163224,0.2551020408,0.07286220273,0.287755102,0.1192769049,0.2816326531,0.145555743,0.3040816327,0.07908463739,0.1836734694,0.2729261316,0.3959183673,,,,,0.263895928,0.22244898
219,0.06180156,0.2551020408,0.07421150278,0.287755102,0.1192769049,0.2836734694,0.146567718,0.3081632653,0.07942116776,0.1836734694,0.2786471479,0.4040816327,,,,,0.266092245,0.22244898
220,0.06180156,0.2571428571,0.07421150278,0.2897959184,0.1206284845,0.2836734694,0.146567718,0.3102040816,0.08026249369,0.187755102,0.2862190813,0.4183673469,,,,,0.266092245,0.224489796
221,0.06315611,0.2571428571,0.07438016529,0.2897959184,0.1206284845,0.2857142857,0.147242368,0.312244898,0.08043075888,0.187755102,0.2931179539,0.4285714286,,,,,0.268119615,0.224489796
222,0.06366407,0.2571428571,0.07438016529,0.293877551,0.1214732218,0.2857142857,0.1482543431,0.3142857143,0.08211341074,0.187755102,0.3010264176,0.4346938776,,,,,0.26845751,0.224489796
223,0.06417203,0.2571428571,0.07606679035,0.293877551,0.1214732218,0.287755102,0.1506156181,0.3142857143,0.08228167592,0.187755102,0.3069156991,0.4408163265,,,,,0.274370671,0.224489796
224,0.06451067,0.2571428571,0.07606679035,0.2959183673,0.1223179591,0.287755102,0.1511216057,0.3142857143,0.08261820629,0.187755102,0.3134780414,0.4469387755,,,,,0.274370671,0.226530612
225,0.06603454,0.2571428571,0.07691010288,0.2959183673,0.1223179591,0.2897959184,0.1517962557,0.3142857143,0.08312300185,0.187755102,0.3200403836,0.4612244898,,,,,0.274539618,0.226530612
226,0.06603454,0.2591836735,0.07691010288,0.2979591837,0.1270484879,0.2897959184,0.1528082307,0.3163265306,0.08329126704,0.187755102,0.3284536429,0.4775510204,,,,,0.274539618,0.228571429
227,0.06620386,0.2591836735,0.0772474279,0.2979591837,0.1270484879,0.2918367347,0.1536515433,0.3163265306,0.08463738852,0.187755102,0.3358573111,0.4897959184,,,,,0.276566988,0.228571429
228,0.06620386,0.2612244898,0.0772474279,0.3,0.1280621727,0.2918367347,0.1544948558,0.3204081633,0.08531044927,0.1918367347,0.3425879186,0.5020408163,,,,,0.276904883,0.228571429
229,0.06637318,0.2612244898,0.0774160904,0.3,0.1280621727,0.2959183673,0.1560128184,0.3224489796,0.08547871445,0.1918367347,0.3501598519,0.5265306122,,,,,0.277580672,0.228571429
230,0.06637318,0.2632653061,0.0774160904,0.3020408163,0.1294137523,0.2959183673,0.1566874684,0.3224489796,0.08648830557,0.1918367347,0.3580683157,0.5346938776,,,,,0.277580672,0.230612245
231,0.0673891,0.2632653061,0.07775341542,0.3020408163,0.1294137523,0.2979591837,0.1570247934,0.3244897959,0.08682483594,0.1959183673,0.3674911661,0.5551020408,,,,,0.277918567,0.230612245
232,0.0673891,0.2653061224,0.07775341542,0.3040816327,0.1314411218,0.2979591837,0.1571934559,0.3244897959,0.08699310113,0.1979591837,0.3779236076,0.5653061224,,,,,0.277918567,0.232653061
233,0.06755842,0.2653061224,0.07809074043,0.3040816327,0.1314411218,0.3,0.1580367684,0.3265306122,0.08783442706,0.2,0.384654215,0.5959183673,,,,,0.278763305,0.232653061
234,0.06755842,0.2673469388,0.07809074043,0.306122449,0.1329616489,0.3,0.1583740934,0.3265306122,0.08783442706,0.2040816327,0.3940770655,0.606122449,,,,,0.278763305,0.234693878
235,0.06840501,0.2673469388,0.08045201552,0.306122449,0.1329616489,0.3020408163,0.1585427559,0.3265306122,0.0885074878,0.2040816327,0.4031633855,0.6204081633,,,,,0.28636594,0.234693878
236,0.06840501,0.2693877551,0.08045201552,0.3081632653,0.1341442811,0.3020408163,0.158880081,0.3306122449,0.08867575299,0.2040816327,0.410903584,0.6367346939,,,,,0.28636594,0.236734694
237,0.06857433,0.2693877551,0.08078934053,0.3081632653,0.1341442811,0.3040816327,0.159217406,0.3306122449,0.08918054854,0.206122449,0.4186437826,0.6408163265,,,,,0.289406994,0.236734694
238,0.06857433,0.2714285714,0.08078934053,0.3102040816,0.1343132286,0.3040816327,0.1607353685,0.3306122449,0.08951707892,0.2081632653,0.4289079589,0.6510204082,,,,,0.289406994,0.23877551
239,0.06891297,0.2714285714,0.08112666554,0.3102040816,0.1343132286,0.306122449,0.1619160061,0.3367346939,0.08985360929,0.2081632653,0.4384990745,0.6653061224,,,,,0.291603311,0.23877551
240,0.06891297,0.2734693878,0.08129532805,0.312244898,0.1349890184,0.306122449,0.1622533311,0.3387755102,0.09002187447,0.2081632653,0.4469123338,0.6693877551,,,,,1,1
241,0.07009821,0.2734693878,0.08281329061,0.312244898,0.1349890184,0.3081632653,0.1627593186,0.3387755102,0.09103146559,0.2081632653,0.4561669191,0.6836734694,,,,,,
242,0.07009821,0.2755102041,0.08281329061,0.3142857143,0.1353269133,0.3081632653,0.1630966436,0.3387755102,0.09136799596,0.2081632653,0.4652532391,0.693877551,,,,,,
243,0.0709448,0.2755102041,0.08331927812,0.3142857143,0.1353269133,0.3102040816,0.1649519312,0.3387755102,0.09187279152,0.212244898,0.4746760895,0.7040816327,,,,,,
244,0.0709448,0.2795918367,0.08331927812,0.3163265306,0.1358337557,0.3102040816,0.1664698937,0.3408163265,0.09237758708,0.212244898,0.4817432273,0.712244898,,,,,,
245,0.07128344,0.2795918367,0.08416259066,0.3163265306,0.1358337557,0.312244898,0.1674818688,0.3428571429,0.09305064782,0.212244898,0.4933535252,0.7224489796,,,,,,
246,0.07128344,0.2816326531,0.08416259066,0.3183673469,0.1365095455,0.312244898,0.1700118064,0.3428571429,0.09439676931,0.2142857143,0.5000841326,0.7306122449,,,,,,
247,0.07145276,0.2816326531,0.08517456569,0.3183673469,0.1365095455,0.3142857143,0.1701804689,0.3448979592,0.09473329968,0.2142857143,0.5115261652,0.7408163265,,,,,,
248,0.07145276,0.2836734694,0.08517456569,0.3204081633,0.136678493,0.3142857143,0.1708551189,0.3448979592,0.09523809524,0.2163265306,0.5201076897,0.7448979592,,,,,,
249,0.0717914,0.2836734694,0.08652386574,0.3204081633,0.136678493,0.3183673469,0.1711924439,0.3448979592,0.09591115598,0.2163265306,0.5303718661,0.7632653061,,,,,,
250,0.07213004,0.2857142857,0.08686119076,0.3204081633,0.1383679676,0.3183673469,0.172541744,0.3448979592,0.09624768635,0.2183673469,0.5389533905,0.7673469388,,,,,,
251,0.07246868,0.2857142857,0.08702985326,0.3204081633,0.1383679676,0.3204081633,0.1730477315,0.3448979592,0.09658421673,0.2183673469,0.5509002187,0.7836734694,,,,,,
252,0.07314595,0.2857142857,0.08702985326,0.3224489796,0.1414090218,0.3204081633,0.1737223815,0.3469387755,0.0969207471,0.2183673469,0.559313478,0.7897959184,,,,,,
253,0.07314595,0.2897959184,0.0878731658,0.3224489796,0.1414090218,0.3224489796,0.1754090066,0.3469387755,0.09759380784,0.2183673469,0.5712603062,0.8081632653,,,,,,
254,0.07348459,0.2897959184,0.0878731658,0.3285714286,0.1415779693,0.3224489796,0.1755776691,0.3469387755,0.09793033821,0.2183673469,0.5813562174,0.8142857143,,,,,,
255,0.07348459,0.2918367347,0.08888514083,0.3285714286,0.1415779693,0.3244897959,0.1781076067,0.3489795918,0.09826686858,0.2183673469,0.5921251893,0.8244897959,,,,,,
256,0.07416187,0.2918367347,0.08888514083,0.3306122449,0.1420848116,0.3244897959,0.1791195817,0.3510204082,0.09860339896,0.2183673469,0.6037354871,0.8285714286,,,,,,
257,0.07416187,0.293877551,0.08939112835,0.3306122449,0.1420848116,0.3285714286,0.1794569067,0.3510204082,0.0992764597,0.2183673469,0.6121487464,0.8367346939,,,,,,
258,0.07450051,0.293877551,0.08939112835,0.3326530612,0.1456327082,0.3285714286,0.1804688818,0.3530612245,0.09978125526,0.2183673469,0.6222446576,0.8428571429,,,,,,
259,0.07450051,0.2959183673,0.09040310339,0.3326530612,0.1456327082,0.3306122449,0.1806375443,0.3530612245,0.1009591116,0.2183673469,0.631667508,0.8428571429,,,,,,
260,0.07500847,0.2959183673,0.09040310339,0.3346938776,0.1495184997,0.3306122449,0.1808062068,0.3551020408,0.1016321723,0.2224489796,0.6417634191,0.8510204082,,,,,,
261,0.07500847,0.2979591837,0.09090909091,0.3346938776,0.1495184997,0.3326530612,0.1824928318,0.3571428571,0.102305233,0.2265306122,0.650681474,0.8571428571,,,,,,
262,0.0753471,0.2979591837,0.09090909091,0.3367346939,0.1507011319,0.3326530612,0.1840107944,0.3571428571,0.1026417634,0.2265306122,0.6594312637,0.8673469388,,,,,,
263,0.07568574,0.2979591837,0.09107775342,0.3367346939,0.1507011319,0.3346938776,0.1856974195,0.3591836735,0.1036513545,0.2265306122,0.6691906445,0.8795918367,,,,,,
264,0.07687098,0.2979591837,0.09141507843,0.3367346939,0.1512079743,0.3346938776,0.1870467195,0.3591836735,0.1039878849,0.2265306122,0.6789500252,0.8836734694,,,,,,
265,0.07687098,0.3,0.09175240344,0.3367346939,0.1512079743,0.3367346939,0.1873840445,0.3591836735,0.1046609457,0.2265306122,0.6875315497,0.8918367347,,,,,,
266,0.07788689,0.3,0.09175240344,0.3387755102,0.1517148167,0.3367346939,0.1882273571,0.3591836735,0.1048292108,0.2285714286,0.6962813394,0.8959183673,,,,,,
267,0.07788689,0.3020408163,0.09242705347,0.3387755102,0.1517148167,0.3387755102,0.1883960196,0.3632653061,0.1051657412,0.2285714286,0.7045263335,0.8979591837,,,,,,
268,0.07805621,0.3020408163,0.09276437848,0.3387755102,0.1518837641,0.3387755102,0.1885646821,0.3632653061,0.105838802,0.2285714286,0.7126030624,0.906122449,,,,,,
269,0.07805621,0.3040816327,0.09377635352,0.3387755102,0.1518837641,0.3408163265,0.1894079946,0.3632653061,0.1060070671,0.2285714286,0.7228672388,0.9142857143,,,,,,
270,0.07907213,0.3040816327,0.09377635352,0.3408163265,0.152559554,0.3408163265,0.1895766571,0.3673469388,0.1063435975,0.2306122449,0.7317852936,0.9204081633,,,,,,
271,0.07907213,0.306122449,0.09411367853,0.3408163265,0.152559554,0.3428571429,0.1897453196,0.3673469388,0.1071849234,0.2306122449,0.7401985529,0.9224489796,,,,,,
272,0.07958009,0.306122449,0.09445100354,0.3408163265,0.1528974489,0.3428571429,0.1905886321,0.3673469388,0.1075214538,0.2306122449,0.7470974255,0.9326530612,,,,,,
273,0.07991873,0.306122449,0.09563164109,0.3408163265,0.1528974489,0.3448979592,0.1907572947,0.3673469388,0.107689719,0.2326530612,0.75567895,0.9408163265,,,,,,
274,0.08008805,0.306122449,0.09563164109,0.3448979592,0.1539111336,0.3448979592,0.1916006072,0.3693877551,0.1081945146,0.2346938776,0.761063436,0.9469387755,,,,,,
275,0.08008805,0.3081632653,0.0986675662,0.3448979592,0.1539111336,0.3469387755,0.1917692697,0.3693877551,0.1085310449,0.2346938776,0.7669527175,0.9551020408,,,,,,
276,0.08093464,0.3081632653,0.0986675662,0.3469387755,0.156276398,0.3469387755,0.1929499072,0.3693877551,0.1092041057,0.2346938776,0.772841999,0.9673469388,,,,,,
277,0.08093464,0.3102040816,0.09934221623,0.3469387755,0.156276398,0.3489795918,0.1936245573,0.3693877551,0.109540636,0.2346938776,0.7792360761,0.9795918367,,,,,,
278,0.08127328,0.3102040816,0.09934221623,0.3489795918,0.1564453455,0.3489795918,0.1948051948,0.3714285714,0.1100454316,0.2346938776,0.7852936227,0.9836734694,,,,,,
279,0.08161192,0.3102040816,0.09951087873,0.3489795918,0.1564453455,0.3510204082,0.1954798448,0.3734693878,0.1107184923,0.2346938776,0.7920242302,0.9836734694,,,,,,
280,0.08296647,0.3102040816,0.09951087873,0.3510204082,0.1583037675,0.3510204082,0.1968291449,0.3775510204,0.1110550227,0.2346938776,0.7962308598,0.9836734694,,,,,,
281,0.08296647,0.312244898,0.1005228538,0.3510204082,0.1583037675,0.3530612245,0.1969978074,0.3775510204,0.1115598183,0.2346938776,0.8031297325,0.9836734694,,,,,,
282,0.08330511,0.312244898,0.1005228538,0.3530612245,0.158472715,0.3530612245,0.1969978074,0.3795918367,0.112232879,0.2346938776,0.809019014,0.9836734694,,,,,,
283,0.08330511,0.3142857143,0.1020408163,0.3530612245,0.158472715,0.3571428571,0.1971664699,0.3795918367,0.1129059398,0.2346938776,0.8164226821,0.9857142857,,,,,,
284,0.08432103,0.3142857143,0.1020408163,0.3551020408,0.1586416624,0.3571428571,0.1985157699,0.3795918367,0.1134107353,0.2367346939,0.822648494,0.987755102,,,,,,
285,0.08432103,0.3183673469,0.1022094788,0.3551020408,0.1586416624,0.3591836735,0.1986844325,0.3795918367,0.1135790005,0.2367346939,0.8295473666,0.987755102,,,,,,
286,0.08567558,0.3183673469,0.1022094788,0.3571428571,0.1594863997,0.3591836735,0.2017203576,0.3857142857,0.1139155309,0.2367346939,0.8340905267,0.987755102,,,,,,
287,0.08567558,0.3224489796,0.1037274414,0.3571428571,0.1594863997,0.3612244898,0.2029009951,0.3857142857,0.1144203264,0.2367346939,0.8401480734,0.987755102,,,,,,
288,0.0858449,0.3224489796,0.1037274414,0.3591836735,0.1655685082,0.3612244898,0.2039129701,0.387755102,0.114925122,0.2408163265,0.8453642941,0.987755102,,,,,,
289,0.0858449,0.3244897959,0.1038961039,0.3591836735,0.1655685082,0.3632653061,0.2113341204,0.3918367347,0.1154299176,0.2408163265,0.8478882719,0.987755102,,,,,,
290,0.08618354,0.3244897959,0.1038961039,0.3612244898,0.172157459,0.3632653061,0.212177433,0.3918367347,0.1157664479,0.2408163265,0.8510853104,0.987755102,,,,,,
291,0.08635286,0.3244897959,0.1049080789,0.3612244898,0.172157459,0.3653061224,0.212514758,0.3918367347,0.1161029783,0.2428571429,0.8532727579,0.987755102,,,,,,
292,0.08635286,0.3265306122,0.1049080789,0.3632653061,0.1723264065,0.3653061224,0.214201383,0.3918367347,0.1162712435,0.2428571429,0.8552919401,0.987755102,,,,,,
293,0.08787674,0.3265306122,0.1064260415,0.3632653061,0.1723264065,0.3673469388,0.2148760331,0.393877551,0.116776039,0.2448979592,0.8578159179,0.987755102,,,,,,
294,0.08787674,0.3285714286,0.1064260415,0.3673469388,0.1724953539,0.3673469388,0.2162253331,0.3959183673,0.1169443042,0.2448979592,0.8598351001,0.987755102,,,,,,
295,0.08889265,0.3285714286,0.1082813291,0.3673469388,0.1724953539,0.3693877551,0.2163939956,0.3959183673,0.1172808346,0.2448979592,0.861517752,0.987755102,,,,,,
296,0.08889265,0.3306122449,0.1086186541,0.3673469388,0.1728332489,0.3693877551,0.2168999831,0.3959183673,0.1172808346,0.2489795918,0.8632004038,0.987755102,,,,,,
297,0.08906197,0.3306122449,0.1097992916,0.3673469388,0.1728332489,0.3714285714,0.2172373081,0.3959183673,0.117617365,0.2489795918,0.8638734646,0.987755102,,,,,,
298,0.08906197,0.3326530612,0.1097992916,0.3693877551,0.1735090387,0.3714285714,0.2177432957,0.3959183673,0.1177856302,0.2489795918,0.8640417298,0.987755102,,,,,,
299,0.08956993,0.3326530612,0.1114859167,0.3693877551,0.1735090387,0.3734693878,0.2189239332,0.4,0.1181221605,0.2489795918,1,1,,,,,,
300,0.08990857,0.3326530612,0.1114859167,0.3714285714,0.1740158811,0.3734693878,0.2194299207,0.4020408163,0.1191317516,0.2489795918,,,,,,,,
301,0.08990857,0.3346938776,0.1128352167,0.3714285714,0.1740158811,0.3755102041,0.2197672457,0.4020408163,0.1199730776,0.2489795918,,,,,,,,
302,0.09058584,0.3346938776,0.1128352167,0.3755102041,0.174353776,0.3755102041,0.2212852083,0.4020408163,0.1209826687,0.2489795918,,,,,,,,
303,0.09058584,0.33673469,0.1131725417,0.3755102041,0.174353776,0.3775510204,0.2224658458,0.4040816327,0.1211509339,0.2489795918,,,,,,,,
304,0.0910938,0.33673469,0.1133412043,0.3775510204,0.1760432505,0.3775510204,0.2228031709,0.406122449,0.1216557294,0.2489795918,,,,,,,,
305,0.0910938,0.3387755102,0.1136785293,0.3775510204,0.1760432505,0.3795918367,0.2246584584,0.4081632653,0.1218239946,0.2489795918,,,,,,,,
306,0.09244836,0.3387755102,0.1162084669,0.3775510204,0.1768879878,0.3795918367,0.2251644459,0.4102040816,0.1231701161,0.2530612245,,,,,,,,
307,0.09244836,0.3408163265,0.1162084669,0.3795918367,0.1768879878,0.3816326531,0.2276943835,0.412244898,0.124011442,0.2530612245,,,,,,,,
308,0.09261768,0.3408163265,0.1163771294,0.3795918367,0.1800979895,0.3816326531,0.2282003711,0.412244898,0.1245162376,0.2530612245,,,,,,,,
309,0.09261768,0.3428571429,0.1167144544,0.3795918367,0.1800979895,0.3836734694,0.2285376961,0.412244898,0.1250210331,0.2551020408,,,,,,,,
310,0.09481883,0.3428571429,0.1172204419,0.3795918367,0.1806048319,0.3836734694,0.2293810086,0.4142857143,0.1258623591,0.2591836735,,,,,,,,
311,0.09515747,0.3428571429,0.1172204419,0.3816326531,0.1806048319,0.3857142857,0.2297183336,0.4142857143,0.1268719502,0.2612244898,,,,,,,,
312,0.09549611,0.3428571429,0.1187384045,0.3816326531,0.1816185166,0.3857142857,0.2302243211,0.4142857143,0.1275450109,0.2632653061,,,,,,,,
313,0.09549611,0.3469387755,0.1187384045,0.3836734694,0.1816185166,0.387755102,0.2314049587,0.4142857143,0.1278815413,0.2632653061,,,,,,,,
314,0.09685066,0.3469387755,0.119244392,0.3836734694,0.1829700963,0.387755102,0.2325855962,0.4204081633,0.1288911324,0.2673469388,,,,,,,,
315,0.09685066,0.3489795918,0.119244392,0.3857142857,0.1829700963,0.3897959184,0.2327542587,0.4204081633,0.1295641932,0.2673469388,,,,,,,,
316,0.09735862,0.3489795918,0.1234609546,0.3857142857,0.1831390438,0.3897959184,0.2337662338,0.4204081633,0.1304055191,0.2673469388,,,,,,,,
317,0.09735862,0.3510204082,0.1234609546,0.387755102,0.1831390438,0.393877551,0.2344408838,0.4204081633,0.1310785798,0.2693877551,,,,,,,,
318,0.09854385,0.3510204082,0.1246415922,0.387755102,0.1841527285,0.393877551,0.2362961714,0.4224489796,0.1317516406,0.2693877551,,,,,,,,
319,0.09854385,0.3530612245,0.1246415922,0.3897959184,0.1841527285,0.3959183673,0.239838084,0.4265306122,0.1327612317,0.2693877551,,,,,,,,
320,0.09955977,0.3530612245,0.1273401923,0.3897959184,0.1853353607,0.3959183673,0.2400067465,0.4265306122,0.1329294969,0.2693877551,,,,,,,,
321,0.09955977,0.3571428571,0.1276775173,0.3897959184,0.1853353607,0.3979591837,0.240512734,0.4285714286,0.1332660273,0.2714285714,,,,,,,,
322,0.09972909,0.3571428571,0.133580705,0.3897959184,0.1863490454,0.3979591837,0.2425366841,0.4285714286,0.1341073532,0.2734693878,,,,,,,,
323,0.09972909,0.3591836735,0.133580705,0.3918367347,0.1863490454,0.4,0.2428740091,0.4285714286,0.1346121487,0.2734693878,,,,,,,,
324,0.1004063664,0.3591836735,0.1337493675,0.3918367347,0.1885453624,0.4,0.2443919717,0.4306122449,0.1347804139,0.2755102041,,,,,,,,
325,0.1004063664,0.36326531,0.1337493675,0.393877551,0.1885453624,0.4020408163,0.2462472592,0.4326530612,0.135790005,0.2755102041,,,,,,,,
326,0.1005756857,0.36326531,0.1340866925,0.393877551,0.1929379963,0.4020408163,0.2469219093,0.4326530612,0.136631331,0.2755102041,,,,,,,,
327,0.1005756857,0.3653061224,0.1340866925,0.3979591837,0.1929379963,0.4040816327,0.2484398718,0.4326530612,0.1369678613,0.2795918367,,,,,,,,
328,0.1012529631,0.3653061224,0.1347613426,0.3979591837,0.1937827336,0.4040816327,0.2487771968,0.4326530612,0.1373043917,0.2795918367,,,,,,,,
329,0.1015916018,0.3653061224,0.1347613426,0.4,0.1937827336,0.406122449,0.2494518469,0.4326530612,0.1379774525,0.2816326531,,,,,,,,
330,0.1022688791,0.3653061224,0.1349300051,0.4,0.1956411556,0.406122449,0.2499578344,0.4346938776,0.138482248,0.2857142857,,,,,,,,
331,0.1022688791,0.3693877551,0.1349300051,0.4020408163,0.1956411556,0.4081632653,0.2514757969,0.4367346939,0.1386505132,0.287755102,,,,,,,,
332,0.1029461565,0.3714285714,0.1356046551,0.4020408163,0.1964858929,0.4081632653,0.252150447,0.4408163265,0.1394918391,0.287755102,,,,,,,,
333,0.1036234338,0.3714285714,0.1359419801,0.4020408163,0.1964858929,0.412244898,0.2533310845,0.4408163265,0.1405014303,0.2897959184,,,,,,,,
334,0.1036234338,0.3755102041,0.1364479676,0.4020408163,0.1993579997,0.412244898,0.2540057345,0.4428571429,0.1406696954,0.2897959184,,,,,,,,
335,0.1039620725,0.3755102041,0.1364479676,0.4040816327,0.1993579997,0.4163265306,0.2550177096,0.4448979592,0.1420158169,0.2918367347,,,,,,,,
336,0.1043007111,0.3755102041,0.1369539551,0.4040816327,0.2017232641,0.4163265306,0.2573789847,0.4489795918,0.1428571429,0.2918367347,,,,,,,,
337,0.1046393498,0.3755102041,0.1369539551,0.406122449,0.2017232641,0.4183673469,0.2585596222,0.4530612245,0.1433619384,0.2918367347,,,,,,,,
338,0.1059939045,0.3755102041,0.1374599427,0.406122449,0.2018922115,0.4183673469,0.2595715972,0.4551020408,0.143866734,0.293877551,,,,,,,,
339,0.1059939045,0.3775510204,0.1374599427,0.4081632653,0.2018922115,0.4224489796,0.2615955473,0.4551020408,0.1443715295,0.293877551,,,,,,,,
340,0.1063325432,0.3775510204,0.1379659302,0.4081632653,0.2037506336,0.4224489796,0.2621015348,0.4551020408,0.1458859162,0.293877551,,,,,,,,
341,0.1068405012,0.3775510204,0.1379659302,0.4102040816,0.2037506336,0.4244897959,0.2627761849,0.4551020408,0.1465589769,0.293877551,,,,,,,,
342,0.1071791399,0.3775510204,0.1384719177,0.4102040816,0.203919581,0.4244897959,0.2631135099,0.4571428571,0.1477368332,0.293877551,,,,,,,,
343,0.1085336945,0.3775510204,0.1388092427,0.4102040816,0.203919581,0.4265306122,0.266149435,0.4591836735,0.1480733636,0.293877551,,,,,,,,
344,0.1085336945,0.3795918367,0.1396525552,0.4102040816,0.2062848454,0.4265306122,0.2669927475,0.4612244898,0.1494194851,0.293877551,,,,,,,,
345,0.1092109719,0.3795918367,0.1396525552,0.412244898,0.2062848454,0.4285714286,0.2683420476,0.4612244898,0.1497560155,0.2959183673,,,,,,,,
346,0.1092109719,0.3816326531,0.1413391803,0.412244898,0.2064537929,0.4285714286,0.2686793726,0.4612244898,0.1507656066,0.2959183673,,,,,,,,
347,0.1097189299,0.3816326531,0.1413391803,0.4142857143,0.2064537929,0.4306122449,0.2703659976,0.4612244898,0.151102137,0.2959183673,,,,,,,,
348,0.1100575686,0.3816326531,0.1415078428,0.4142857143,0.2086501098,0.4306122449,0.2710406477,0.4632653061,0.1521117281,0.2959183673,,,,,,,,
349,0.1105655266,0.3816326531,0.1415078428,0.4163265306,0.2086501098,0.4326530612,0.2725586102,0.4673469388,0.1532895844,0.2959183673,,,,,,,,
350,0.1109041653,0.3816326531,0.1438691179,0.4163265306,0.2110153742,0.4326530612,0.2734019228,0.4673469388,0.1539626451,0.2959183673,,,,,,,,
351,0.1112428039,0.3816326531,0.1438691179,0.4183673469,0.2110153742,0.4346938776,0.2752572103,0.4673469388,0.1549722362,0.3,,,,,,,,
352,0.11158144,0.3816326531,0.1443751054,0.4183673469,0.212029059,0.4346938776,0.2771124979,0.4693877551,0.1551405014,0.3,,,,,,,,
353,0.1125973586,0.3816326531,0.1445437679,0.4204081633,0.212029059,0.4367346939,0.2784617979,0.4693877551,0.1554770318,0.3020408163,,,,,,,,
354,0.1129359973,0.3816326531,0.1450497554,0.4204081633,0.2130427437,0.4367346939,0.280485748,0.4693877551,0.155645297,0.3020408163,,,,,,,,
355,0.113274636,0.3816326531,0.1450497554,0.4224489796,0.2130427437,0.4408163265,0.2809917355,0.4693877551,0.1569914185,0.306122449,,,,,,,,
356,0.113274636,0.3836734694,0.146230393,0.4224489796,0.2150701132,0.4408163265,0.2816663856,0.4693877551,0.1585058051,0.306122449,,,,,,,,
357,0.1136132746,0.3836734694,0.146230393,0.4244897959,0.2150701132,0.4428571429,0.2826783606,0.4693877551,0.1591788659,0.306122449,,,,,,,,
358,0.1136132746,0.3857142857,0.1474110305,0.4244897959,0.2152390607,0.4428571429,0.2841963232,0.4693877551,0.1603567222,0.306122449,,,,,,,,
359,0.113782594,0.3857142857,0.1474110305,0.4265306122,0.2152390607,0.4448979592,0.2848709732,0.4714285714,0.1611980481,0.306122449,,,,,,,,
360,0.113782594,0.3897959184,0.147579693,0.4265306122,0.2170974827,0.4448979592,0.2867262608,0.4714285714,0.1611980481,0.3081632653,,,,,,,,
361,0.11479851,0.3897959184,0.1482543431,0.4265306122,0.2170974827,0.4469387755,0.2880755608,0.4714285714,0.1620393741,0.3102040816,,,,,,,,
362,0.11479851,0.393877551,0.1484230056,0.4265306122,0.2204764318,0.4469387755,0.2911114859,0.4755102041,0.1628807,0.3102040816,,,,,,,,
363,0.1151371487,0.393877551,0.1484230056,0.4285714286,0.2204764318,0.4489795918,0.292798111,0.4775510204,0.1632172304,0.3102040816,,,,,,,,
364,0.1159837453,0.393877551,0.1489289931,0.4285714286,0.2219969589,0.4489795918,0.2939787485,0.4775510204,0.1637220259,0.312244898,,,,,,,,
365,0.1159837453,0.3959183673,0.1489289931,0.4306122449,0.2219969589,0.4510204082,0.2943160735,0.4795918367,0.1640585563,0.312244898,,,,,,,,
366,0.1169996614,0.3959183673,0.1492663181,0.4306122449,0.2233485386,0.4510204082,0.2987012987,0.4836734694,0.164731617,0.3163265306,,,,,,,,
367,0.1169996614,0.3979591837,0.1492663181,0.4326530612,0.2233485386,0.4530612245,0.3003879238,0.4857142857,0.165572943,0.3163265306,,,,,,,,
368,0.1171689807,0.4,0.1494349806,0.4326530612,0.2252069606,0.4530612245,0.3012312363,0.487755102,0.1672555948,0.3163265306,,,,,,,,
369,0.1181848967,0.4,0.1497723056,0.4326530612,0.2252069606,0.4551020408,0.3019058863,0.487755102,0.1677603904,0.3163265306,,,,,,,,
370,0.1181848967,0.406122449,0.1507842807,0.4326530612,0.2284169623,0.4551020408,0.3029178614,0.487755102,0.1684334511,0.3163265306,,,,,,,,
371,0.1188621741,0.406122449,0.1507842807,0.4346938776,0.2284169623,0.4571428571,0.3032551864,0.493877551,0.1699478378,0.3163265306,,,,,,,,
372,0.1188621741,0.412244898,0.1544948558,0.4346938776,0.2287548572,0.4571428571,0.3047731489,0.493877551,0.1704526334,0.3183673469,,,,,,,,
373,0.1190314934,0.412244898,0.1544948558,0.4367346939,0.2287548572,0.4591836735,0.3084837241,0.4959183673,0.1716304897,0.3183673469,,,,,,,,
374,0.1190314934,0.4142857143,0.1560128184,0.4367346939,0.2294306471,0.4591836735,0.3110136617,0.5,0.172808346,0.3204081633,,,,,,,,
375,0.1192008127,0.4142857143,0.1561814809,0.4387755102,0.2294306471,0.4612244898,0.3121942992,0.5,0.1733131415,0.3204081633,,,,,,,,
376,0.1193701321,0.4163265306,0.1571934559,0.4387755102,0.2311201216,0.4612244898,0.3128689492,0.5,0.1739862023,0.3204081633,,,,,,,,
377,0.1212326448,0.4163265306,0.1575307809,0.4387755102,0.2311201216,0.4632653061,0.3153988868,0.5,0.1748275282,0.3204081633,,,,,,,,
378,0.1215712834,0.4163265306,0.1587114185,0.4387755102,0.2319648589,0.4632653061,0.3157362118,0.5020408163,0.1758371193,0.3224489796,,,,,,,,
379,0.1225871995,0.4163265306,0.1587114185,0.4408163265,0.2319648589,0.4673469388,0.3170855119,0.506122449,0.1761736497,0.3224489796,,,,,,,,
380,0.1229258381,0.4163265306,0.160229381,0.4408163265,0.2336543335,0.4673469388,0.3214707371,0.5081632653,0.1771832408,0.3224489796,,,,,,,,
381,0.1230951575,0.4163265306,0.160229381,0.4448979592,0.2336543335,0.4693877551,0.3219767246,0.5081632653,0.1781928319,0.3244897959,,,,,,,,
382,0.1230951575,0.4183673469,0.1619160061,0.4448979592,0.237540125,0.4693877551,0.3219767246,0.5102040816,0.1788658926,0.3244897959,,,,,,,,
383,0.1234337961,0.4204081633,0.1619160061,0.4489795918,0.237540125,0.4714285714,0.3223140496,0.512244898,0.1790341578,0.3244897959,,,,,,,,
384,0.1234337961,0.4244897959,0.1620846686,0.4489795918,0.2387227572,0.4714285714,0.3224827121,0.512244898,0.1795389534,0.3265306122,,,,,,,,
385,0.1236031155,0.4244897959,0.1622533311,0.4510204082,0.2387227572,0.4734693878,0.3250126497,0.5142857143,0.1798754838,0.3265306122,,,,,,,,
386,0.1236031155,0.4265306122,0.1636026311,0.4510204082,0.2402432843,0.4734693878,0.3250126497,0.5163265306,0.1808850749,0.3265306122,,,,,,,,
387,0.1239417541,0.4265306122,0.1637712936,0.4530612245,0.2402432843,0.4755102041,0.3270365998,0.5204081633,0.1815581356,0.3285714286,,,,,,,,
388,0.1239417541,0.4285714286,0.1637712936,0.4551020408,0.2429464437,0.4755102041,0.3287232248,0.5204081633,0.1822311964,0.3285714286,,,,,,,,
389,0.1246190315,0.4285714286,0.1656265812,0.4551020408,0.2429464437,0.4775510204,0.332771125,0.5285714286,0.1830725223,0.3285714286,,,,,,,,
390,0.1246190315,0.4306122449,0.1656265812,0.4571428571,0.2432843386,0.4775510204,0.3353010626,0.5346938776,0.1840821134,0.3285714286,,,,,,,,
391,0.1251269895,0.4306122449,0.1674818688,0.4571428571,0.2432843386,0.4795918367,0.3356383876,0.5367346939,0.1844186438,0.3306122449,,,,,,,,
392,0.1256349475,0.4306122449,0.1674818688,0.4591836735,0.2439601284,0.4795918367,0.3358070501,0.5367346939,0.1849234393,0.3306122449,,,,,,,,
393,0.1268201829,0.4306122449,0.1679878563,0.4591836735,0.2439601284,0.4816326531,0.3373250126,0.5367346939,0.1854282349,0.3346938776,,,,,,,,
394,0.1269895022,0.4326530612,0.1679878563,0.4612244898,0.2446359182,0.4816326531,0.3386743127,0.5367346939,0.1857647653,0.3346938776,,,,,,,,
395,0.1276667795,0.4326530612,0.1683251813,0.4612244898,0.2446359182,0.4836734694,0.346095463,0.5448979592,0.186437826,0.3346938776,,,,,,,,
396,0.1276667795,0.4346938776,0.1686625063,0.4612244898,0.2459874979,0.4836734694,0.346432788,0.5448979592,0.1882887431,0.3367346939,,,,,,,,
397,0.1310531663,0.4346938776,0.1688311688,0.4612244898,0.2459874979,0.4857142857,0.3481194131,0.5469387755,0.1887935386,0.3367346939,,,,,,,,
398,0.1310531663,0.4367346939,0.1688311688,0.4632653061,0.2527453962,0.4857142857,0.3526733007,0.5551020408,0.189130069,0.3367346939,,,,,,,,
399,0.132407721,0.4367346939,0.1693371564,0.4632653061,0.2527453962,0.487755102,0.3541912633,0.5551020408,0.1906444557,0.3387755102,,,,,,,,
400,0.132407721,0.4387755102,0.1693371564,0.4653061224,0.2569690826,0.487755102,0.3550345758,0.5551020408,0.190980986,0.3387755102,,,,,,,,
401,0.1341009143,0.4387755102,0.1708551189,0.4653061224,0.2569690826,0.4897959184,0.3552032383,0.5551020408,0.1916540468,0.3387755102,,,,,,,,
402,0.1342702337,0.4408163265,0.1708551189,0.4673469388,0.2584896097,0.4897959184,0.3558778883,0.5551020408,0.1921588423,0.3408163265,,,,,,,,
403,0.1356247884,0.4408163265,0.1710237814,0.4673469388,0.2584896097,0.493877551,0.3562152134,0.5591836735,0.1930001683,0.3408163265,,,,,,,,
404,0.135963427,0.4408163265,0.1713611064,0.4673469388,0.2667680351,0.493877551,0.3567212009,0.5591836735,0.1941780246,0.3408163265,,,,,,,,
405,0.136979343,0.4408163265,0.1713611064,0.4693877551,0.2667680351,0.4959183673,0.3577331759,0.5632653061,0.1948510853,0.3428571429,,,,,,,,
406,0.136979343,0.4428571429,0.172541744,0.4693877551,0.2682885623,0.4959183673,0.358745151,0.5632653061,0.1961972068,0.3469387755,,,,,,,,
407,0.1388418557,0.4428571429,0.172541744,0.4714285714,0.2682885623,0.4979591837,0.3602631135,0.5632653061,0.1972067979,0.3469387755,,,,,,,,
408,0.1388418557,0.4448979592,0.1727104065,0.4714285714,0.2684575097,0.4979591837,0.3606004385,0.5632653061,0.1973750631,0.3469387755,,,,,,,,
409,0.1391804944,0.4448979592,0.1727104065,0.4734693878,0.2684575097,0.5,0.3661663012,0.5693877551,0.1992259801,0.3469387755,,,,,,,,
410,0.1391804944,0.4469387755,0.1733850565,0.4734693878,0.2689643521,0.5,0.3671782763,0.5693877551,0.2004038364,0.3510204082,,,,,,,,
411,0.1401964104,0.4469387755,0.1733850565,0.4755102041,0.2689643521,0.5020408163,0.3693708889,0.5714285714,0.2012451624,0.3510204082,,,,,,,,
412,0.1405350491,0.4469387755,0.174228369,0.4755102041,0.2694711945,0.5020408163,0.3717321639,0.5734693878,0.2025912839,0.3510204082,,,,,,,,
413,0.1415509651,0.4469387755,0.174228369,0.4775510204,0.2694711945,0.5040816327,0.3735874515,0.5755102041,0.202759549,0.3530612245,,,,,,,,
414,0.1423975618,0.4469387755,0.174565694,0.4775510204,0.2718364589,0.5040816327,0.3761173891,0.5795918367,0.2037691402,0.3591836735,,,,,,,,
415,0.1423975618,0.4489795918,0.1772642941,0.4775510204,0.2718364589,0.506122449,0.3767920391,0.5795918367,0.2041056705,0.3591836735,,,,,,,,
416,0.1434134778,0.4489795918,0.1772642941,0.4816326531,0.2721743538,0.506122449,0.3779726767,0.5816326531,0.2052835268,0.3591836735,,,,,,,,
417,0.1437521165,0.4489795918,0.1774329567,0.4816326531,0.2721743538,0.5081632653,0.3781413392,0.5816326531,0.2066296483,0.3591836735,,,,,,,,
418,0.1439214358,0.4489795918,0.1776016192,0.4836734694,0.2728501436,0.5081632653,0.3788159892,0.5816326531,0.2069661787,0.3591836735,,,,,,,,
419,0.1439214358,0.4510204082,0.1782762692,0.4836734694,0.2728501436,0.5102040816,0.3803339518,0.5816326531,0.2076392394,0.3632653061,,,,,,,,
420,0.1440907552,0.4510204082,0.1782762692,0.487755102,0.2745396182,0.5102040816,0.3806712768,0.5836734694,0.2088170957,0.3632653061,,,,,,,,
421,0.1440907552,0.4551020408,0.1799628942,0.487755102,0.2745396182,0.512244898,0.3837072019,0.5857142857,0.2101632172,0.3632653061,,,,,,,,
422,0.14595327,0.4551020408,0.1803002193,0.487755102,0.2760601453,0.512244898,0.3840445269,0.5857142857,0.2111728083,0.3632653061,,,,,,,,
423,0.1461225872,0.4571428571,0.1804688818,0.487755102,0.2760601453,0.5142857143,0.3845505144,0.5918367347,0.2116776039,0.3632653061,,,,,,,,
424,0.1469691839,0.4571428571,0.1806375443,0.4897959184,0.2777496199,0.5142857143,0.386405802,0.5918367347,0.2123506646,0.3653061224,,,,,,,,
425,0.1469691839,0.4591836735,0.1806375443,0.4918367347,0.2777496199,0.5163265306,0.3907910272,0.6040816327,0.2147063773,0.3673469388,,,,,,,,
426,0.14764646,0.4591836735,0.1814808568,0.4918367347,0.2785943572,0.5163265306,0.3918030022,0.606122449,0.2155477032,0.3673469388,,,,,,,,
427,0.14764646,0.4612244898,0.1814808568,0.493877551,0.2785943572,0.5183673469,0.3948389273,0.606122449,0.2165572943,0.3673469388,,,,,,,,
428,0.1483237386,0.4612244898,0.1835048069,0.493877551,0.2789322521,0.5183673469,0.3968628774,0.606122449,0.2168938247,0.3693877551,,,,,,,,
429,0.1483237386,0.46326531,0.1835048069,0.4979591837,0.2789322521,0.5244897959,0.3970315399,0.606122449,0.218071681,0.3693877551,,,,,,,,
430,0.1486623772,0.46326531,0.1838421319,0.4979591837,0.2828180436,0.5244897959,0.3973688649,0.606122449,0.2189130069,0.3693877551,,,,,,,,
431,0.1490010159,0.46326531,0.1838421319,0.5,0.2828180436,0.5285714286,0.3978748524,0.6081632653,0.2200908632,0.3693877551,,,,,,,,
432,0.1491703353,0.46326531,0.1840107944,0.5,0.2831559385,0.5285714286,0.398718165,0.6081632653,0.2216052499,0.3693877551,,,,,,,,
433,0.1491703353,0.4673469388,0.1840107944,0.5040816327,0.2831559385,0.5326530612,0.4022600776,0.6102040816,0.2224465758,0.3693877551,,,,,,,,
434,0.1491703353,0.4714285714,0.1841794569,0.5040816327,0.2841696232,0.5326530612,0.4032720526,0.6102040816,0.2239609625,0.3775510204,,,,,,,,
435,0.1495089739,0.4714285714,0.1841794569,0.506122449,0.2841696232,0.5346938776,0.4044526902,0.6102040816,0.224465758,0.3775510204,,,,,,,,
436,0.1498476126,0.4714285714,0.1850227694,0.506122449,0.289238047,0.5346938776,0.4066453027,0.6142857143,0.2256436143,0.3795918367,,,,,,,,
437,0.1501862513,0.4714285714,0.1851914319,0.5081632653,0.289238047,0.5387755102,0.4078259403,0.6183673469,0.2266532055,0.3795918367,,,,,,,,
438,0.1501862513,0.4734693878,0.185528757,0.5081632653,0.2916033114,0.5387755102,0.4079946028,0.6183673469,0.2281675921,0.3816326531,,,,,,,,
439,0.1505248899,0.4734693878,0.185528757,0.5102040816,0.2916033114,0.5408163265,0.4106932029,0.6224489796,0.2288406529,0.3836734694,,,,,,,,
440,0.1508635286,0.4734693878,0.185866082,0.5102040816,0.2922791012,0.5408163265,0.4111991904,0.6224489796,0.2301867744,0.3836734694,,,,,,,,
441,0.1508635286,0.4755102041,0.185866082,0.512244898,0.2922791012,0.5428571429,0.4113678529,0.6224489796,0.2322059566,0.3836734694,,,,,,,,
442,0.151540806,0.4755102041,0.1867093945,0.512244898,0.2934617334,0.5428571429,0.413391803,0.6244897959,0.2337203433,0.3836734694,,,,,,,,
443,0.1518794446,0.4755102041,0.1870467195,0.512244898,0.2934617334,0.5448979592,0.4169337156,0.6306122449,0.2338886084,0.3836734694,,,,,,,,
444,0.1522180833,0.4755102041,0.187215382,0.512244898,0.2941375232,0.5448979592,0.4187890032,0.6326530612,0.2354029951,0.3836734694,,,,,,,,
445,0.1522180833,0.4795918367,0.187215382,0.5142857143,0.2941375232,0.5469387755,0.4192949907,0.6326530612,0.2365808514,0.3857142857,,,,,,,,
446,0.1537419573,0.4795918367,0.1887333446,0.5142857143,0.2958269978,0.5469387755,0.4206442908,0.6346938776,0.2375904425,0.3857142857,,,,,,,,
447,0.154080596,0.4795918367,0.1890706696,0.5142857143,0.2958269978,0.5489795918,0.4211502783,0.6346938776,0.2396096248,0.3857142857,,,,,,,,
448,0.1552658314,0.4795918367,0.1922752572,0.5142857143,0.2966717351,0.5489795918,0.4224995783,0.6346938776,0.2406192159,0.387755102,,,,,,,,
449,0.1552658314,0.4836734694,0.1926125822,0.5142857143,0.2966717351,0.5510204082,0.4246921909,0.6387755102,0.2414605418,0.387755102,,,,,,,,
450,0.1574669827,0.4836734694,0.1934558948,0.5142857143,0.2997127893,0.5510204082,0.425366841,0.6387755102,0.2426383981,0.3897959184,,,,,,,,
451,0.1574669827,0.4857142857,0.1936245573,0.5163265306,0.2997127893,0.5530612245,0.4280654411,0.6448979592,0.2439845196,0.3897959184,,,,,,,,
452,0.1579749407,0.4857142857,0.1942992073,0.5163265306,0.3000506842,0.5530612245,0.4311013662,0.6469387755,0.2460037018,0.3918367347,,,,,,,,
453,0.1583135794,0.4857142857,0.1942992073,0.5183673469,0.3000506842,0.5551020408,0.4327879912,0.6469387755,0.2476863537,0.393877551,,,,,,,,
454,0.1584828987,0.4857142857,0.1964918199,0.5183673469,0.3014022639,0.5551020408,0.4354865913,0.6489795918,0.2490324752,0.393877551,,,,,,,,
455,0.1584828987,0.487755102,0.1966604824,0.5204081633,0.3014022639,0.5591836735,0.4366672289,0.6489795918,0.2500420663,0.393877551,,,,,,,,
456,0.1596681341,0.487755102,0.1971664699,0.5204081633,0.3042743707,0.5591836735,0.439365829,0.6489795918,0.2512199226,0.393877551,,,,,,,,
457,0.1596681341,0.4897959184,0.1975037949,0.5204081633,0.3042743707,0.5653061224,0.4398718165,0.6489795918,0.2525660441,0.4,,,,,,,,
458,0.1598374534,0.4897959184,0.1980097824,0.5204081633,0.3044433181,0.5653061224,0.4415584416,0.6489795918,0.25340737,0.4040816327,,,,,,,,
459,0.1598374534,0.4918367347,0.1980097824,0.5224489796,0.3044433181,0.5673469388,0.4439197166,0.6489795918,0.2539121656,0.4081632653,,,,,,,,
460,0.1600067728,0.4918367347,0.19919042,0.5224489796,0.3066396351,0.5673469388,0.4471243043,0.6510204082,0.2545852263,0.4081632653,,,,,,,,
461,0.1600067728,0.493877551,0.19919042,0.5244897959,0.3066396351,0.5693877551,0.4504975544,0.6571428571,0.2557630826,0.4102040816,,,,,,,,
462,0.1608533695,0.493877551,0.1993590825,0.5244897959,0.3084980571,0.5693877551,0.4513408669,0.6591836735,0.2576139997,0.412244898,,,,,,,,
463,0.1611920081,0.493877551,0.1996964075,0.5244897959,0.3084980571,0.5714285714,0.4548827796,0.6632653061,0.2586235908,0.4142857143,,,,,,,,
464,0.1615306468,0.4959183673,0.2022263451,0.5244897959,0.3098496368,0.5714285714,0.4560634171,0.6653061224,0.2611475686,0.4142857143,,,,,,,,
465,0.1615306468,0.4979591837,0.2022263451,0.5265306122,0.3098496368,0.5734693878,0.4577500422,0.6673469388,0.2618206293,0.4183673469,,,,,,,,
466,0.1616999661,0.4979591837,0.2054309327,0.5265306122,0.3103564791,0.5734693878,0.4580873672,0.6673469388,0.2638398115,0.4183673469,,,,,,,,
467,0.1620386048,0.4979591837,0.2054309327,0.5306122449,0.3103564791,0.5755102041,0.4590993422,0.6673469388,0.2645128723,0.4204081633,,,,,,,,
468,0.1630545208,0.4979591837,0.2074548828,0.5306122449,0.3113701639,0.5755102041,0.4597739922,0.6673469388,0.2655224634,0.4244897959,,,,,,,,
469,0.1630545208,0.5,0.2074548828,0.5326530612,0.3113701639,0.5775510204,0.4601113173,0.6714285714,0.2665320545,0.4244897959,,,,,,,,
470,0.1639011175,0.5,0.2082981953,0.5326530612,0.3125527961,0.5775510204,0.4639905549,0.6734693878,0.2687195019,0.4285714286,,,,,,,,
471,0.1642397562,0.5,0.2082981953,0.5346938776,0.3125527961,0.5795918367,0.46770113,0.6755102041,0.2710752145,0.4285714286,,,,,,,,
472,0.1647477142,0.5,0.2108281329,0.5346938776,0.3133975334,0.5795918367,0.4685444426,0.6755102041,0.272421336,0.4285714286,,,,,,,,
473,0.1647477142,0.5020408163,0.2108281329,0.5367346939,0.3133975334,0.5816326531,0.4727610052,0.6775510204,0.2734309271,0.4285714286,,,,,,,,
474,0.1659329495,0.5020408163,0.2109967954,0.5367346939,0.3142422707,0.5816326531,0.4752909428,0.6795918367,0.275113579,0.4285714286,,,,,,,,
475,0.1659329495,0.5040816327,0.2109967954,0.5387755102,0.3142422707,0.5836734694,0.4759655928,0.6816326531,0.2766279657,0.4285714286,,,,,,,,
476,0.1667795462,0.5040816327,0.213189408,0.5387755102,0.3154249029,0.5836734694,0.4801821555,0.6816326531,0.2774692916,0.4306122449,,,,,,,,
477,0.16694887,0.506122449,0.213526733,0.5387755102,0.3154249029,0.587755102,0.4828807556,0.6857142857,0.2794884738,0.4306122449,,,,,,,,
478,0.16694887,0.5102040816,0.213526733,0.5408163265,0.3172833249,0.587755102,0.4843987182,0.687755102,0.2808345953,0.4326530612,,,,,,,,
479,0.1676261429,0.5102040816,0.2147073706,0.5408163265,0.3172833249,0.5897959184,0.4872659808,0.6897959184,0.2816759213,0.4346938776,,,,,,,,
480,0.1676261429,0.5142857143,0.2148760331,0.5428571429,0.3191417469,0.5897959184,0.4884466183,0.6918367347,0.2820124516,0.4346938776,,,,,,,,
481,0.1684727396,0.5142857143,0.2148760331,0.5448979592,0.3191417469,0.5918367347,0.4889526058,0.6918367347,0.2825172472,0.4367346939,,,,,,,,
482,0.1684727396,0.5163265306,0.2162253331,0.5448979592,0.3279270147,0.5918367347,0.4896272559,0.6959183673,0.2836951035,0.4387755102,,,,,,,,
483,0.1686420589,0.5163265306,0.2165626581,0.5448979592,0.3279270147,0.593877551,0.4919885309,0.7040816327,0.285041225,0.4408163265,,,,,,,,
484,0.1686420589,0.5224489796,0.2180806207,0.5448979592,0.3280959622,0.593877551,0.4941811435,0.706122449,0.2858825509,0.4428571429,,,,,,,,
485,0.1689806976,0.5224489796,0.2180806207,0.5469387755,0.3280959622,0.5959183673,0.4962050936,0.706122449,0.2873969376,0.4448979592,,,,,,,,
486,0.1689806976,0.5244897959,0.2190925957,0.5469387755,0.3282649096,0.5959183673,0.5022769438,0.7081632653,0.2884065287,0.4448979592,,,,,,,,
487,0.1710125296,0.5244897959,0.2192612582,0.5489795918,0.3282649096,0.5979591837,0.5036262439,0.7081632653,0.2897526502,0.4448979592,,,,,,,,
488,0.1710125296,0.5265306122,0.2197672457,0.5489795918,0.3291096469,0.5979591837,0.506324844,0.7102040816,0.2909305065,0.4448979592,,,,,,,,
489,0.1713511683,0.5265306122,0.2197672457,0.5510204082,0.3291096469,0.6,0.5090234441,0.7102040816,0.292276628,0.4448979592,,,,,,,,
490,0.171689807,0.5265306122,0.2206105583,0.5510204082,0.3292785944,0.6,0.5093607691,0.7102040816,0.2936227495,0.4469387755,,,,,,,,
491,0.1718591263,0.5265306122,0.2206105583,0.5530612245,0.3292785944,0.6020408163,0.5112160567,0.712244898,0.2946323406,0.4469387755,,,,,,,,
492,0.1718591263,0.5285714286,0.2253331084,0.5530612245,0.3302922791,0.6020408163,0.5115533817,0.712244898,0.2969880532,0.4489795918,,,,,,,,
493,0.1723670843,0.5285714286,0.2253331084,0.5551020408,0.3302922791,0.6040816327,0.5135773318,0.712244898,0.2983341747,0.4510204082,,,,,,,,
494,0.1725364037,0.5306122449,0.2256704335,0.5551020408,0.3311370164,0.6040816327,0.5149266318,0.712244898,0.2998485613,0.4530612245,,,,,,,,
495,0.1725364037,0.5326530612,0.2256704335,0.5571428571,0.3311370164,0.606122449,0.5176252319,0.7163265306,0.3015312132,0.4530612245,,,,,,,,
496,0.173721639,0.5326530612,0.2290436836,0.5571428571,0.3343470181,0.606122449,0.518974532,0.7163265306,0.3045599865,0.4530612245,,,,,,,,
497,0.173721639,0.53673469,0.2293810086,0.5571428571,0.3343470181,0.6102040816,0.5225164446,0.7204081633,0.3048965169,0.4530612245,,,,,,,,
498,0.1743989164,0.53673469,0.2295496711,0.5571428571,0.3360364927,0.6102040816,0.5258896947,0.7265306122,0.306747434,0.4551020408,,,,,,,,
499,0.1743989164,0.5387755102,0.2295496711,0.5591836735,0.3360364927,0.612244898,0.5311182324,0.7387755102,0.3084300858,0.4571428571,,,,,,,,
500,0.1755841517,0.5387755102,0.2314049587,0.5591836735,0.3370501774,0.612244898,0.5314555574,0.7387755102,0.3097762073,0.4571428571,,,,,,,,
501,0.175753471,0.5408163265,0.2314049587,0.5612244898,0.3370501774,0.6142857143,0.533310845,0.7387755102,0.3111223288,0.4591836735,,,,,,,,
502,0.1759227904,0.5408163265,0.2327542587,0.5612244898,0.3380638621,0.6142857143,0.5341541575,0.7428571429,0.3124684503,0.4591836735,,,,,,,,
503,0.1759227904,0.5428571429,0.2327542587,0.5632653061,0.3380638621,0.6163265306,0.5358407826,0.7428571429,0.3134780414,0.4673469388,,,,,,,,
504,0.1776159837,0.5428571429,0.2334289088,0.5632653061,0.338739652,0.6163265306,0.5397200202,0.7448979592,0.3151606933,0.4693877551,,,,,,,,
505,0.1776159837,0.5448979592,0.2334289088,0.5653061224,0.338739652,0.6183673469,0.5405633328,0.7448979592,0.3173481407,0.4693877551,,,,,,,,
506,0.1777853031,0.5448979592,0.2335975713,0.5653061224,0.3399222842,0.6183673469,0.5415753078,0.7448979592,0.3183577318,0.4734693878,,,,,,,,
507,0.1777853031,0.5469387755,0.2335975713,0.5673469388,0.3399222842,0.6204081633,0.5500084331,0.7510204082,0.3191990577,0.4734693878,,,,,,,,
508,0.1781239418,0.5469387755,0.2342722213,0.5673469388,0.3419496537,0.6204081633,0.5510204082,0.7510204082,0.3207134444,0.4755102041,,,,,,,,
509,0.1781239418,0.5489795918,0.2342722213,0.5693877551,0.3419496537,0.6244897959,0.5586102209,0.7551020408,0.3234056874,0.4755102041,,,,,,,,
510,0.1791398578,0.5489795918,0.2362961714,0.5693877551,0.3426254435,0.6244897959,0.5601281835,0.7551020408,0.324920074,0.4755102041,,,,,,,,
511,0.1794784964,0.5489795918,0.2364648339,0.5714285714,0.3426254435,0.6265306122,0.560971496,0.7551020408,0.3260979303,0.4755102041,,,,,,,,
512,0.1799864545,0.5489795918,0.2364648339,0.5734693878,0.3441459706,0.6265306122,0.5631641086,0.7571428571,0.3266027259,0.4795918367,,,,,,,,
513,0.1801557738,0.5510204082,0.2376454714,0.5734693878,0.3441459706,0.6285714286,0.5636700961,0.7571428571,0.3277805822,0.4795918367,,,,,,,,
514,0.1804944125,0.5510204082,0.2376454714,0.5755102041,0.3453286028,0.6285714286,0.5646820712,0.7571428571,0.3294632341,0.4795918367,,,,,,,,
515,0.1804944125,0.5530612245,0.239500759,0.5755102041,0.3453286028,0.6306122449,0.5650193962,0.7571428571,0.3306410904,0.4795918367,,,,,,,,
516,0.1806637318,0.5530612245,0.239838084,0.5755102041,0.3458354452,0.6306122449,0.5662000337,0.7571428571,0.3314824163,0.4795918367,,,,,,,,
517,0.1810023705,0.5530612245,0.239838084,0.5775510204,0.3458354452,0.6326530612,0.5699106089,0.7591836735,0.332996803,0.4836734694,,,,,,,,
518,0.1811716898,0.5530612245,0.2400067465,0.5775510204,0.3470180774,0.6326530612,0.572271884,0.7632653061,0.3353525156,0.4857142857,,,,,,,,
519,0.1811716898,0.5571428571,0.2403440715,0.5775510204,0.3470180774,0.6346938776,0.5741271715,0.7693877551,0.3365303719,0.487755102,,,,,,,,
520,0.1825262445,0.5571428571,0.240512734,0.5775510204,0.3476938672,0.6346938776,0.5791870467,0.7775510204,0.3372034326,0.4897959184,,,,,,,,
521,0.1830342025,0.5571428571,0.240512734,0.5795918367,0.3476938672,0.6367346939,0.5842469219,0.7836734694,0.3388860845,0.4897959184,,,,,,,,
522,0.1837114799,0.5571428571,0.2410187215,0.5795918367,0.3493833418,0.6367346939,0.585596222,0.7897959184,0.3397274104,0.4897959184,,,,,,,,
523,0.1837114799,0.5591836735,0.2410187215,0.5816326531,0.3493833418,0.6387755102,0.5911620847,0.7979591837,0.3410735319,0.4897959184,,,,,,,,
524,0.1843887572,0.5591836735,0.2413560466,0.5816326531,0.3498901842,0.6387755102,0.5920053972,0.7979591837,0.342083123,0.4897959184,,,,,,,,
525,0.1847273959,0.5591836735,0.2415247091,0.5836734694,0.3498901842,0.6408163265,0.5957159723,0.8,0.3429244489,0.4918367347,,,,,,,,
526,0.1848967152,0.5591836735,0.2447292967,0.5836734694,0.362392296,0.6408163265,0.5982459099,0.8,0.344775366,0.4918367347,,,,,,,,
527,0.1852353539,0.5591836735,0.2447292967,0.5857142857,0.362392296,0.6428571429,0.5990892225,0.8040816327,0.3456166919,0.4918367347,,,,,,,,
528,0.18540467,0.5591836735,0.2448979592,0.5857142857,0.3632370333,0.6428571429,0.5994265475,0.8040816327,0.3472993438,0.4918367347,,,,,,,,
529,0.1855739925,0.5612244898,0.2452352842,0.5857142857,0.3632370333,0.6448979592,0.6001011975,0.8040816327,0.3498233216,0.493877551,,,,,,,,
530,0.18625127,0.5612244898,0.2465845842,0.5857142857,0.3650954553,0.6448979592,0.6038117726,0.8081632653,0.352010769,0.493877551,,,,,,,,
531,0.1865899086,0.5612244898,0.2465845842,0.587755102,0.3650954553,0.6469387755,0.6080283353,0.8102040816,0.3530203601,0.4979591837,,,,,,,,
532,0.1870978666,0.5612244898,0.2469219093,0.587755102,0.3667849299,0.6469387755,0.6130882105,0.8102040816,0.353861686,0.5,,,,,,,,
533,0.1870978666,0.56326531,0.2475965593,0.587755102,0.3667849299,0.6489795918,0.614268848,0.8102040816,0.3548712771,0.506122449,,,,,,,,
534,0.1874365052,0.56326531,0.2479338843,0.587755102,0.3676296672,0.6489795918,0.6154494856,0.812244898,0.3563856638,0.5081632653,,,,,,,,
535,0.1881137826,0.5653061224,0.2487771968,0.587755102,0.3676296672,0.6510204082,0.6174734357,0.8142857143,0.3570587245,0.5102040816,,,,,,,,
536,0.1896376566,0.5653061224,0.2491145218,0.587755102,0.3699949316,0.6510204082,0.6210153483,0.8183673469,0.3585731112,0.5102040816,,,,,,,,
537,0.1896376566,0.5693877551,0.2508011469,0.587755102,0.3699949316,0.6530612245,0.627255861,0.8224489796,0.3597509675,0.512244898,,,,,,,,
538,0.1899762953,0.5693877551,0.2508011469,0.5897959184,0.3718533536,0.6530612245,0.6274245235,0.8224489796,0.3602557631,0.512244898,,,,,,,,
539,0.1899762953,0.5714285714,0.2509698094,0.5897959184,0.3718533536,0.6551020408,0.6302917861,0.8224489796,0.3624432105,0.5163265306,,,,,,,,
540,0.1904842533,0.5714285714,0.2509698094,0.593877551,0.3726980909,0.6551020408,0.6307977737,0.8224489796,0.3641258624,0.5163265306,,,,,,,,
541,0.1904842533,0.57346939,0.2518131219,0.593877551,0.3726980909,0.6571428571,0.6343396863,0.8224489796,0.3653037187,0.5183673469,,,,,,,,
542,0.192854724,0.57346939,0.252150447,0.593877551,0.3732049333,0.6571428571,0.6355203238,0.8265306122,0.3661450446,0.5183673469,,,,,,,,
543,0.192854724,0.5775510204,0.252487772,0.593877551,0.3732049333,0.6591836735,0.6367009614,0.8326530612,0.3681642268,0.5183673469,,,,,,,,
544,0.1931933627,0.5775510204,0.252825097,0.593877551,0.3733738807,0.6591836735,0.6420981616,0.8367346939,0.3695103483,0.5204081633,,,,,,,,
545,0.1931933627,0.5795918367,0.252825097,0.5959183673,0.3733738807,0.6612244898,0.6495193119,0.8387755102,0.3706882046,0.5265306122,,,,,,,,
546,0.1940399594,0.5795918367,0.253162422,0.5959183673,0.3747254604,0.6612244898,0.6550851746,0.8408163265,0.3718660609,0.5285714286,,,,,,,,
547,0.1940399594,0.5816326531,0.253837072,0.5959183673,0.3747254604,0.6632653061,0.6562658121,0.8408163265,0.3727073868,0.5285714286,,,,,,,,
548,0.1942092787,0.5816326531,0.253837072,0.5979591837,0.3781044095,0.6632653061,0.6579524372,0.8448979592,0.373716978,0.5326530612,,,,,,,,
549,0.1945479174,0.5816326531,0.254174397,0.5979591837,0.3781044095,0.6653061224,0.6613256873,0.8489795918,0.3762409557,0.5346938776,,,,,,,,
550,0.1945479174,0.5836734694,0.254174397,0.6,0.3808075688,0.6653061224,0.6623376623,0.8551020408,0.3769140165,0.5346938776,,,,,,,,
551,0.1982729428,0.5836734694,0.2583909597,0.6,0.3808075688,0.6673469388,0.6625063248,0.8551020408,0.3789331987,0.5367346939,,,,,,,,
552,0.1986115814,0.5836734694,0.2587282847,0.6,0.38604494,0.6673469388,0.6645302749,0.8571428571,0.3807841158,0.5367346939,,,,,,,,
553,0.1986115814,0.5857142857,0.2594029347,0.6,0.38604494,0.6693877551,0.6689155001,0.8571428571,0.3812889113,0.5367346939,,,,,,,,
554,0.1999661361,0.5857142857,0.2594029347,0.6020408163,0.3863828349,0.6693877551,0.6711081127,0.8612244898,0.3836446239,0.5367346939,,,,,,,,
555,0.1999661361,0.587755102,0.2602462473,0.6020408163,0.3863828349,0.6714285714,0.6717827627,0.8612244898,0.384654215,0.5367346939,,,,,,,,
556,0.2006434135,0.587755102,0.2604149098,0.6040816327,0.3887480993,0.6714285714,0.6727947377,0.8653061224,0.3861686017,0.5367346939,,,,,,,,
557,0.2008127328,0.5897959184,0.2629448474,0.6040816327,0.3887480993,0.6755102041,0.6837578006,0.8693877551,0.3871781928,0.5387755102,,,,,,,,
558,0.2008127328,0.5918367347,0.2629448474,0.606122449,0.3889170468,0.6755102041,0.6846011132,0.8693877551,0.3878512536,0.5408163265,,,,,,,,
559,0.2011513715,0.5918367347,0.2632821724,0.606122449,0.3889170468,0.6775510204,0.6847697757,0.8693877551,0.390038701,0.5428571429,,,,,,,,
560,0.2013206908,0.5918367347,0.2636194974,0.606122449,0.3897617841,0.6775510204,0.6903356384,0.8775510204,0.3937405351,0.5428571429,,,,,,,,
561,0.2013206908,0.593877551,0.2648001349,0.606122449,0.3897617841,0.6795918367,0.6915162759,0.8795918367,0.3960962477,0.5428571429,,,,,,,,
562,0.2016593295,0.593877551,0.2649687974,0.6081632653,0.3906065214,0.6795918367,0.6964074886,0.8816326531,0.3994615514,0.5469387755,,,,,,,,
563,0.2018286488,0.5959183673,0.26716141,0.6081632653,0.3906065214,0.6836734694,0.6977567887,0.8857142857,0.4008076729,0.5469387755,,,,,,,,
564,0.2019979682,0.5959183673,0.26716141,0.6102040816,0.3907754688,0.6836734694,0.6982627762,0.8857142857,0.4023220596,0.5469387755,,,,,,,,
565,0.20216729,0.5979591837,0.2696913476,0.6102040816,0.3907754688,0.6857142857,0.6997807387,0.887755102,0.4036681811,0.5469387755,,,,,,,,
566,0.2028445648,0.5979591837,0.2696913476,0.612244898,0.3958438925,0.6857142857,0.7036599764,0.8979591837,0.4055190981,0.5489795918,,,,,,,,
567,0.2028445648,0.6,0.2698600101,0.612244898,0.3958438925,0.687755102,0.7083825266,0.9,0.4065286892,0.5510204082,,,,,,,,
568,0.2035218422,0.6,0.2698600101,0.6142857143,0.3975333671,0.687755102,0.7181649519,0.906122449,0.4077065455,0.5551020408,,,,,,,,
569,0.20386048,0.6020408163,0.2712093102,0.6142857143,0.3975333671,0.6897959184,0.719851577,0.906122449,0.4102305233,0.5571428571,,,,,,,,
570,0.2052150356,0.6020408163,0.2715466352,0.6142857143,0.3985470519,0.6897959184,0.720188902,0.906122449,0.4119131752,0.5612244898,,,,,,,,
571,0.2055536742,0.6020408163,0.2722212852,0.6142857143,0.3985470519,0.6918367347,0.721200877,0.9081632653,0.4137640922,0.5632653061,,,,,,,,
572,0.2058923129,0.6020408163,0.2722212852,0.6163265306,0.3998986315,0.6918367347,0.7222128521,0.9081632653,0.4152784789,0.5653061224,,,,,,,,
573,0.2058923129,0.6040816327,0.2727272727,0.6163265306,0.3998986315,0.693877551,0.7227188396,0.9081632653,0.4166246004,0.5673469388,,,,,,,,
574,0.2074161869,0.6040816327,0.2730645977,0.6163265306,0.4010812637,0.693877551,0.7255861022,0.9163265306,0.4179707219,0.5714285714,,,,,,,,
575,0.2074161869,0.606122449,0.2750885478,0.6163265306,0.4010812637,0.6959183673,0.7262607522,0.9224489796,0.4206629648,0.5714285714,,,,,,,,
576,0.2092786996,0.606122449,0.2750885478,0.6183673469,0.401926001,0.6959183673,0.7276100523,0.9224489796,0.4213360256,0.5734693878,,,,,,,,
577,0.2092786996,0.6081632653,0.2766065104,0.6183673469,0.401926001,0.7,0.7308146399,0.9224489796,0.4231869426,0.5755102041,,,,,,,,
578,0.2096173383,0.6081632653,0.2769438354,0.6183673469,0.4020949485,0.7,0.7350312026,0.9224489796,0.4245330641,0.5775510204,,,,,,,,
579,0.209955977,0.6081632653,0.2774498229,0.6183673469,0.4020949485,0.7020408163,0.7365491651,0.9265306122,0.4263839812,0.5816326531,,,,,,,,
580,0.2102946156,0.6081632653,0.2774498229,0.6224489796,0.4026017908,0.7020408163,0.7375611402,0.9346938776,0.4304223456,0.5857142857,,,,,,,,
581,0.2102946156,0.612244898,0.2777871479,0.6224489796,0.4026017908,0.7040816327,0.7400910778,0.9346938776,0.4319367323,0.5897959184,,,,,,,,
582,0.210463935,0.612244898,0.2779558104,0.6244897959,0.4029396858,0.7040816327,0.7510541407,0.9367346939,0.4337876493,0.5897959184,,,,,,,,
583,0.210463935,0.6142857143,0.279811098,0.6244897959,0.4029396858,0.706122449,0.7518974532,0.9387755102,0.4349655056,0.5897959184,,,,,,,,
584,0.2108025737,0.6142857143,0.280148423,0.6244897959,0.4044602129,0.706122449,0.7522347782,0.9387755102,0.4368164227,0.5897959184,,,,,,,,
585,0.212495767,0.6142857143,0.2809917355,0.6244897959,0.4044602129,0.7081632653,0.7534154158,0.9387755102,0.4381625442,0.5897959184,,,,,,,,
586,0.2128344057,0.6142857143,0.2813290605,0.6244897959,0.4046291603,0.7081632653,0.7540900658,0.9387755102,0.4390038701,0.5897959184,,,,,,,,
587,0.2136810024,0.6142857143,0.2813290605,0.6265306122,0.4046291603,0.7102040816,0.7567886659,0.9387755102,0.4410230523,0.5897959184,,,,,,,,
588,0.2138503217,0.6163265306,0.2814977231,0.6265306122,0.4058117925,0.7102040816,0.7572946534,0.9387755102,0.442537439,0.5918367347,,,,,,,,
589,0.2145275991,0.6163265306,0.2818350481,0.6265306122,0.4058117925,0.712244898,0.760499241,0.9408163265,0.4442200909,0.5918367347,,,,,,,,
590,0.2145275991,0.6183673469,0.2836903356,0.6265306122,0.4064875824,0.712244898,0.7606679035,0.9408163265,0.4453979472,0.593877551,,,,,,,,
591,0.2150355571,0.6183673469,0.2836903356,0.6285714286,0.4064875824,0.7142857143,0.7662337662,0.9530612245,0.4467440687,0.5979591837,,,,,,,,
592,0.2150355571,0.6204081633,0.2841963232,0.6285714286,0.4083460044,0.7142857143,0.7680890538,0.9530612245,0.4474171294,0.5979591837,,,,,,,,
593,0.2163901118,0.6204081633,0.2841963232,0.6306122449,0.4083460044,0.7163265306,0.7733175915,0.9551020408,0.4487632509,0.6020408163,,,,,,,,
594,0.2163901118,0.6224489796,0.2885815483,0.6306122449,0.4098665315,0.7163265306,0.7750042166,0.9571428571,0.4511189635,0.6020408163,,,,,,,,
595,0.2167287504,0.6224489796,0.2885815483,0.6326530612,0.4098665315,0.7183673469,0.7798954292,0.9571428571,0.452465085,0.6040816327,,,,,,,,
596,0.2172367084,0.6224489796,0.2894248609,0.6326530612,0.4166244298,0.7183673469,0.7903525046,0.9591836735,0.4553255931,0.6040816327,,,,,,,,
597,0.2179139858,0.6224489796,0.2894248609,0.6346938776,0.4166244298,0.7204081633,0.7911958172,0.9591836735,0.4568399798,0.6102040816,,,,,,,,
598,0.2182526244,0.6224489796,0.2917861359,0.6346938776,0.4191586417,0.7204081633,0.7925451172,0.9591836735,0.4595322228,0.6102040816,,,,,,,,
599,0.2204537758,0.6224489796,0.2919547984,0.6367346939,0.4191586417,0.7224489796,0.7940630798,0.9591836735,0.461551405,0.612244898,,,,,,,,
600,0.2204537758,0.6244897959,0.2919547984,0.6387755102,0.4228754857,0.7224489796,0.79946028,0.9612244898,0.4634023221,0.612244898,,,,,,,,
601,0.2218083305,0.6244897959,0.2943160735,0.6387755102,0.4228754857,0.7244897959,0.80013493,0.9612244898,0.4645801784,0.6183673469,,,,,,,,
602,0.2221469692,0.6244897959,0.2943160735,0.6408163265,0.4245649603,0.7244897959,0.8031708551,0.9612244898,0.4662628302,0.6204081633,,,,,,,,
603,0.2245174399,0.6244897959,0.2992072862,0.6408163265,0.4245649603,0.7285714286,0.8035081801,0.9612244898,0.4684502776,0.6265306122,,,,,,,,
604,0.2245174399,0.6265306122,0.2995446112,0.6408163265,0.4250718027,0.7285714286,0.8053634677,0.9612244898,0.4692916036,0.6326530612,,,,,,,,
605,0.2251947172,0.6265306122,0.2995446112,0.6428571429,0.4250718027,0.7306122449,0.8087367178,0.9612244898,0.4709742554,0.6326530612,,,,,,,,
606,0.2251947172,0.6285714286,0.2997132737,0.6428571429,0.4257475925,0.7306122449,0.8089053803,0.9612244898,0.4719838465,0.6326530612,,,,,,,,
607,0.2258719946,0.6285714286,0.2997132737,0.6448979592,0.4257475925,0.7346938776,0.8114353179,0.9693877551,0.4745078243,0.6346938776,,,,,,,,
608,0.2262106333,0.6306122449,0.3005565863,0.6448979592,0.4265923298,0.7346938776,0.814471243,0.9693877551,0.4763587414,0.6367346939,,,,,,,,
609,0.2265492719,0.6306122449,0.3007252488,0.6469387755,0.4265923298,0.7367346939,0.8158205431,0.9693877551,0.4780413932,0.6367346939,,,,,,,,
610,0.228073146,0.6306122449,0.3013998988,0.6469387755,0.4292954891,0.7367346939,0.8331927812,0.9714285714,0.4793875147,0.6387755102,,,,,,,,
611,0.228073146,0.6326530612,0.3013998988,0.6489795918,0.4292954891,0.7387755102,0.8336987688,0.9714285714,0.4800605755,0.6408163265,,,,,,,,
612,0.2284117846,0.6326530612,0.3017372238,0.6489795918,0.431829701,0.7387755102,0.8347107438,0.9714285714,0.4807336362,0.6408163265,,,,,,,,
613,0.2284117846,0.6346938776,0.3019058863,0.6510204082,0.431829701,0.7408163265,0.839770619,0.9795918367,0.4820797577,0.6428571429,,,,,,,,
614,0.228581104,0.6346938776,0.3024118738,0.6510204082,0.4326744382,0.7408163265,0.8414572441,0.9836734694,0.4839306747,0.6469387755,,,,,,,,
615,0.2289197426,0.6346938776,0.3027491989,0.6510204082,0.4326744382,0.7428571429,0.8453364817,0.9836734694,0.4862863873,0.6530612245,,,,,,,,
616,0.231120894,0.6346938776,0.3037611739,0.6510204082,0.4352086501,0.7428571429,0.8463484567,0.9836734694,0.4883055696,0.6571428571,,,,,,,,
617,0.2314595327,0.6346938776,0.3037611739,0.6530612245,0.4352086501,0.7448979592,1,1,0.490493017,0.6591836735,,,,,,,,
618,0.231628852,0.6346938776,0.305447799,0.6530612245,0.4379118094,0.7448979592,,,0.4918391385,0.6612244898,,,,,,,,
619,0.231628852,0.63673469,0.305447799,0.6551020408,0.4379118094,0.7469387755,,,0.4941948511,0.6693877551,,,,,,,,
620,0.2346766001,0.63673469,0.3059537865,0.6551020408,0.4384186518,0.7469387755,,,0.4960457681,0.6714285714,,,,,,,,
621,0.2350152387,0.63673469,0.3059537865,0.6571428571,0.4384186518,0.7489795918,,,0.4972236244,0.6714285714,,,,,,,,
622,0.2358618354,0.63673469,0.3062911115,0.6571428571,0.4402770738,0.7489795918,,,0.4987380111,0.6714285714,,,,,,,,
623,0.2358618354,0.6387755102,0.3066284365,0.6571428571,0.4402770738,0.7510204082,,,0.499579337,0.6734693878,,,,,,,,
624,0.2367084321,0.6387755102,0.3079777365,0.6571428571,0.4409528637,0.7510204082,,,0.5015985193,0.6734693878,,,,,,,,
625,0.2367084321,0.6408163265,0.3083150616,0.6571428571,0.4409528637,0.7530612245,,,0.5027763756,0.6734693878,,,,,,,,
626,0.2372163901,0.6408163265,0.3086523866,0.6571428571,0.4429802331,0.7530612245,,,0.5042907622,0.6734693878,,,,,,,,
627,0.2375550288,0.6408163265,0.3086523866,0.6591836735,0.4429802331,0.7551020408,,,0.5066464748,0.6734693878,,,,,,,,
628,0.2382323061,0.6408163265,0.3093270366,0.6591836735,0.4458523399,0.7551020408,,,0.5086656571,0.6795918367,,,,,,,,
629,0.2394175415,0.6408163265,0.3096643616,0.6591836735,0.4458523399,0.7571428571,,,0.5120309608,0.6836734694,,,,,,,,
630,0.2397561802,0.6408163265,0.3103390116,0.6591836735,0.4465281298,0.7571428571,,,0.5138818778,0.6857142857,,,,,,,,
631,0.2406027768,0.6408163265,0.3103390116,0.6612244898,0.4465281298,0.7591836735,,,0.514891469,0.687755102,,,,,,,,
632,0.2409414155,0.6408163265,0.3108449992,0.6612244898,0.4480486569,0.7591836735,,,0.5162375904,0.6897959184,,,,,,,,
633,0.2421266509,0.6408163265,0.3108449992,0.6632653061,0.4480486569,0.7632653061,,,0.5177519771,0.6897959184,,,,,,,,
634,0.2421266509,0.6428571429,0.3121942992,0.6632653061,0.4485554992,0.7632653061,,,0.5201076897,0.6918367347,,,,,,,,
635,0.2424652895,0.6428571429,0.3121942992,0.6673469388,0.4485554992,0.7653061224,,,0.5216220764,0.693877551,,,,,,,,
636,0.2428039282,0.6428571429,0.3143869118,0.6673469388,0.453623923,0.7653061224,,,0.5238095238,0.6959183673,,,,,,,,
637,0.2428039282,0.6448979592,0.3143869118,0.6693877551,0.453623923,0.7673469388,,,0.5256604409,0.6959183673,,,,,,,,
638,0.2431425669,0.6448979592,0.3180974869,0.6693877551,0.4537928704,0.7673469388,,,0.5293622749,0.7,,,,,,,,
639,0.2431425669,0.6469387755,0.3184348119,0.6693877551,0.4537928704,0.7693877551,,,0.5317179875,0.7020408163,,,,,,,,
640,0.2448357602,0.6469387755,0.3184348119,0.6714285714,0.4556512924,0.7693877551,,,0.5328958438,0.7020408163,,,,,,,,
641,0.2448357602,0.6489795918,0.320796087,0.6714285714,0.4556512924,0.7734693878,,,0.5364294128,0.7040816327,,,,,,,,
642,0.2451743989,0.6489795918,0.320796087,0.6734693878,0.4603818213,0.7734693878,,,0.5382803298,0.7040816327,,,,,,,,
643,0.2456823569,0.6489795918,0.3218080621,0.6734693878,0.4603818213,0.7755102041,,,0.5396264513,0.7040816327,,,,,,,,
644,0.2470369116,0.6489795918,0.3218080621,0.6755102041,0.4622402433,0.7755102041,,,0.5416456335,0.7040816327,,,,,,,,
645,0.2470369116,0.6530612245,0.3229886996,0.6755102041,0.4622402433,0.7775510204,,,0.5434965506,0.7102040816,,,,,,,,
646,0.2475448696,0.6530612245,0.3233260246,0.6755102041,0.4629160331,0.7775510204,,,0.5446744069,0.7102040816,,,,,,,,
647,0.2475448696,0.6551020408,0.3246753247,0.6755102041,0.4629160331,0.7795918367,,,0.5468618543,0.7102040816,,,,,,,,
648,0.2478835083,0.6551020408,0.3248439872,0.6775510204,0.4642676128,0.7795918367,,,0.5497223624,0.7183673469,,,,,,,,
649,0.2499153403,0.6551020408,0.3263619497,0.6775510204,0.4642676128,0.7816326531,,,0.5517415447,0.7204081633,,,,,,,,
650,0.2499153403,0.6571428571,0.3266992748,0.6795918367,0.4695049839,0.7816326531,,,0.5530876662,0.7204081633,,,,,,,,
651,0.250253979,0.6571428571,0.3268679373,0.6816326531,0.4695049839,0.7836734694,,,0.5539289921,0.7224489796,,,,,,,,
652,0.2505926177,0.6571428571,0.3268679373,0.6836734694,0.4727149856,0.7836734694,,,0.555611644,0.7244897959,,,,,,,,
653,0.2521164917,0.6571428571,0.3282172373,0.6836734694,0.4727149856,0.7857142857,,,0.5577990914,0.7244897959,,,,,,,,
654,0.2521164917,0.6591836735,0.3282172373,0.6857142857,0.4745734077,0.7857142857,,,0.5598182736,0.7306122449,,,,,,,,
655,0.252285811,0.6591836735,0.3324338,0.6857142857,0.4745734077,0.787755102,,,0.5625105166,0.7346938776,,,,,,,,
656,0.2524551304,0.6612244898,0.3324338,0.687755102,0.4838655178,0.787755102,,,0.5638566381,0.7346938776,,,,,,,,
657,0.2524551304,0.6653061224,0.3329397875,0.687755102,0.4838655178,0.7897959184,,,0.5663806159,0.7367346939,,,,,,,,
658,0.2536403657,0.6653061224,0.3329397875,0.6897959184,0.4842034127,0.7897959184,,,0.5705872455,0.7408163265,,,,,,,,
659,0.2538096851,0.6673469388,0.3381683252,0.6897959184,0.4842034127,0.7918367347,,,0.5717651018,0.7408163265,,,,,,,,
660,0.2544869624,0.6673469388,0.3381683252,0.6918367347,0.4857239399,0.7918367347,,,0.5736160188,0.7469387755,,,,,,,,
661,0.2544869624,0.6714285714,0.3383369877,0.6918367347,0.4857239399,0.793877551,,,0.5747938751,0.7489795918,,,,,,,,
662,0.2548256011,0.6714285714,0.3383369877,0.693877551,0.4923128907,0.793877551,,,0.5769813226,0.7530612245,,,,,,,,
663,0.2558415171,0.6714285714,0.3415415753,0.693877551,0.4923128907,0.7959183673,,,0.5779909137,0.7551020408,,,,,,,,
664,0.2561801558,0.6714285714,0.3415415753,0.6959183673,0.4965365771,0.7959183673,,,0.5798418307,0.7571428571,,,,,,,,
665,0.2563494751,0.6714285714,0.3418789003,0.6959183673,0.4965365771,0.7979591837,,,0.5808514218,0.7612244898,,,,,,,,
666,0.2563494751,0.67346939,0.3418789003,0.7,0.4983949992,0.7979591837,,,0.5827023389,0.7653061224,,,,,,,,
667,0.25668811,0.67346939,0.3428908754,0.7,0.4983949992,0.8,,,0.5840484604,0.7653061224,,,,,,,,
668,0.2582119878,0.67346939,0.3432282004,0.7,0.5051528974,0.8,,,0.5860676426,0.7734693878,,,,,,,,
669,0.2585506265,0.67346939,0.3435655254,0.7,0.5051528974,0.8020408163,,,0.5897694767,0.7734693878,,,,,,,,
670,0.2595665425,0.67346939,0.3435655254,0.7020408163,0.5071802669,0.8020408163,,,0.5912838634,0.7755102041,,,,,,,,
671,0.2599051812,0.67346939,0.3452521504,0.7020408163,0.5071802669,0.8040816327,,,0.5959952886,0.7775510204,,,,,,,,
672,0.2600745,0.67346939,0.3452521504,0.7040816327,0.5075181619,0.8040816327,,,0.5968366145,0.7795918367,,,,,,,,
673,0.2600745,0.6755102041,0.346770113,0.7040816327,0.5075181619,0.806122449,,,0.5991923271,0.7857142857,,,,,,,,
674,0.2607517779,0.6755102041,0.346770113,0.706122449,0.5142760601,0.806122449,,,0.5998653879,0.7897959184,,,,,,,,
675,0.2610904165,0.6755102041,0.3487940631,0.706122449,0.5142760601,0.8102040816,,,0.6015480397,0.7918367347,,,,,,,,
676,0.2631222486,0.6755102041,0.3487940631,0.7081632653,0.5144450076,0.8102040816,,,0.6039037523,0.793877551,,,,,,,,
677,0.2634608872,0.6755102041,0.3493000506,0.7081632653,0.5144450076,0.812244898,,,0.6059229345,0.7979591837,,,,,,,,
678,0.2643074839,0.6755102041,0.3493000506,0.7102040816,0.5154586923,0.812244898,,,0.6086151775,0.7979591837,,,,,,,,
679,0.2646461226,0.6755102041,0.3514926632,0.7102040816,0.5154586923,0.8142857143,,,0.6109708901,0.8,,,,,,,,
680,0.2656620386,0.6755102041,0.3518299882,0.7102040816,0.5173171144,0.8142857143,,,0.6134948679,0.8,,,,,,,,
681,0.2663393159,0.6755102041,0.3526733007,0.7102040816,0.5173171144,0.8183673469,,,0.6141679287,0.8,,,,,,,,
682,0.2682018286,0.6755102041,0.3526733007,0.712244898,0.5191755364,0.8183673469,,,0.6166919064,0.8,,,,,,,,
683,0.2687097867,0.6755102041,0.3531792882,0.712244898,0.5191755364,0.8204081633,,,0.6175332324,0.8020408163,,,,,,,,
684,0.268879106,0.6755102041,0.3535166133,0.712244898,0.5196823788,0.8204081633,,,0.6193841494,0.8020408163,,,,,,,,
685,0.268879106,0.6775510204,0.3535166133,0.7142857143,0.5196823788,0.8224489796,,,0.6212350665,0.806122449,,,,,,,,
686,0.2695563833,0.6775510204,0.3540226008,0.7142857143,0.5198513262,0.8224489796,,,0.6219081272,0.8081632653,,,,,,,,
687,0.2695563833,0.6795918367,0.3540226008,0.7163265306,0.5198513262,0.8244897959,,,0.6242638398,0.8163265306,,,,,,,,
688,0.269895022,0.6795918367,0.3548659133,0.7163265306,0.5210339584,0.8244897959,,,0.6283022043,0.8285714286,,,,,,,,
689,0.269895022,0.6816326531,0.3548659133,0.7183673469,0.5210339584,0.8265306122,,,0.6299848561,0.8326530612,,,,,,,,
690,0.2720961734,0.6816326531,0.3557092258,0.7183673469,0.5222165906,0.8265306122,,,0.6323405687,0.8367346939,,,,,,,,
691,0.2720961734,0.6836734694,0.3557092258,0.7204081633,0.5222165906,0.8285714286,,,0.6328453643,0.8367346939,,,,,,,,
692,0.2727734507,0.6836734694,0.3573958509,0.7204081633,0.5257644872,0.8285714286,,,0.6357058725,0.8367346939,,,,,,,,
693,0.2729427701,0.6836734694,0.3573958509,0.7224489796,0.5257644872,0.8306122449,,,0.638902911,0.8387755102,,,,,,,,
694,0.2729427701,0.6857142857,0.3577331759,0.7224489796,0.5279608042,0.8306122449,,,0.6399125021,0.8408163265,,,,,,,,
695,0.27429732,0.6857142857,0.3577331759,0.7244897959,0.5279608042,0.8326530612,,,0.6419316843,0.8469387755,,,,,,,,
696,0.2746359634,0.6857142857,0.3627930511,0.7244897959,0.536746072,0.8326530612,,,0.6437826014,0.8510204082,,,,,,,,
697,0.2758211988,0.6857142857,0.3627930511,0.7265306122,0.536746072,0.8346938776,,,0.6447921925,0.8510204082,,,,,,,,
698,0.2758211988,0.687755102,0.3629617136,0.7265306122,0.540462916,0.8346938776,,,0.6501766784,0.8551020408,,,,,,,,
699,0.2761598375,0.687755102,0.3629617136,0.7285714286,0.540462916,0.8367346939,,,0.6515227999,0.8571428571,,,,,,,,
700,0.2761598375,0.68979592,0.3658289762,0.7285714286,0.5418144957,0.8367346939,,,0.6535419822,0.8591836735,,,,,,,,
701,0.2775143921,0.68979592,0.3658289762,0.7306122449,0.5418144957,0.8387755102,,,0.6555611644,0.8673469388,,,,,,,,
702,0.2775143921,0.6918367347,0.3661663012,0.7306122449,0.5436729177,0.8387755102,,,0.6570755511,0.8693877551,,,,,,,,
703,0.27768371,0.6918367347,0.3661663012,0.7326530612,0.5436729177,0.8408163265,,,0.6595995289,0.8714285714,,,,,,,,
704,0.2780223502,0.6918367347,0.3693708889,0.7326530612,0.5446866025,0.8408163265,,,0.6621235066,0.8714285714,,,,,,,,
705,0.2793769,0.6918367347,0.3697082139,0.7326530612,0.5446866025,0.8428571429,,,0.6634696281,0.8714285714,,,,,,,,
706,0.2798848629,0.6918367347,0.3700455389,0.7326530612,0.5453623923,0.8428571429,,,0.6656570756,0.8714285714,,,,,,,,
707,0.2812394175,0.6918367347,0.3700455389,0.7367346939,0.5453623923,0.8448979592,,,0.6671714622,0.8714285714,,,,,,,,
708,0.2814087369,0.6918367347,0.3719008264,0.7367346939,0.5473897618,0.8448979592,,,0.6757529867,0.8755102041,,,,,,,,
709,0.2814087369,0.693877551,0.3722381515,0.7367346939,0.5473897618,0.8469387755,,,0.6767625778,0.8795918367,,,,,,,,
710,0.2817473756,0.693877551,0.373081464,0.7367346939,0.5512755533,0.8469387755,,,0.6782769645,0.8816326531,,,,,,,,
711,0.2820860142,0.693877551,0.373418789,0.7367346939,0.5512755533,0.8489795918,,,0.6799596164,0.8836734694,,,,,,,,
712,0.2820860142,0.6959183673,0.3752740766,0.7367346939,0.5549923974,0.8489795918,,,0.682315329,0.8857142857,,,,,,,,
713,0.2822553336,0.6959183673,0.3752740766,0.7387755102,0.5549923974,0.8510204082,,,0.6834931853,0.8857142857,,,,,,,,
714,0.2822553336,0.6979591837,0.3783100017,0.7387755102,0.5561750296,0.8510204082,,,0.6855123675,0.887755102,,,,,,,,
715,0.2834405689,0.6979591837,0.3783100017,0.7408163265,0.5561750296,0.8530612245,,,0.6873632845,0.887755102,,,,,,,,
716,0.2834405689,0.7,0.3820205768,0.7408163265,0.5666497719,0.8530612245,,,0.6897189971,0.8897959184,,,,,,,,
717,0.2844564849,0.7,0.3820205768,0.7428571429,0.5666497719,0.8551020408,,,0.6912333838,0.8897959184,,,,,,,,
718,0.2847951236,0.7,0.3833698769,0.7428571429,0.5700287211,0.8551020408,,,0.6971226653,0.8897959184,,,,,,,,
719,0.2863189976,0.7,0.3833698769,0.7448979592,0.5700287211,0.8571428571,,,0.6984687868,0.8918367347,,,,,,,,
720,0.2863189976,0.7040816327,0.3842131894,0.7448979592,0.5818550431,0.8571428571,,,0.7001514387,0.9,,,,,,,,
721,0.2868269556,0.7040816327,0.3843818519,0.7469387755,0.5818550431,0.8591836735,,,0.7011610298,0.9,,,,,,,,
722,0.2871655943,0.7040816327,0.3847191769,0.7469387755,0.5825308329,0.8591836735,,,0.7035167424,0.9,,,,,,,,
723,0.2881815103,0.7040816327,0.385393827,0.7469387755,0.5825308329,0.8612244898,,,0.7043580683,0.9081632653,,,,,,,,
724,0.288520149,0.7040816327,0.3858998145,0.7469387755,0.5826997804,0.8612244898,,,0.7060407202,0.9081632653,,,,,,,,
725,0.2886894683,0.7040816327,0.3887670771,0.7469387755,0.5826997804,0.8632653061,,,0.7080599024,0.9102040816,,,,,,,,
726,0.2886894683,0.706122449,0.3889357396,0.7489795918,0.5832066227,0.8632653061,,,0.7087329631,0.9102040816,,,,,,,,
727,0.2924144937,0.706122449,0.3891044021,0.7489795918,0.5832066227,0.8653061224,,,0.7109204106,0.912244898,,,,,,,,
728,0.2925838131,0.7081632653,0.3892730646,0.7510204082,0.586247677,0.8653061224,,,0.7213528521,0.9142857143,,,,,,,,
729,0.2930917711,0.7081632653,0.3902850396,0.7510204082,0.586247677,0.8673469388,,,0.7240450951,0.9183673469,,,,,,,,
730,0.2937690484,0.7081632653,0.3906223646,0.7510204082,0.5865855719,0.8673469388,,,0.7252229514,0.9204081633,,,,,,,,
731,0.2954622418,0.7081632653,0.3919716647,0.7510204082,0.5865855719,0.8693877551,,,0.7265690729,0.9285714286,,,,,,,,
732,0.2956315611,0.71020408,0.3919716647,0.7530612245,0.5892887312,0.8693877551,,,0.727578664,0.9285714286,,,,,,,,
733,0.2959701998,0.71020408,0.3928149772,0.7530612245,0.5892887312,0.8714285714,,,0.7299343766,0.9285714286,,,,,,,,
734,0.2959701998,0.712244898,0.3928149772,0.7551020408,0.5903024159,0.8714285714,,,0.7324583544,0.9367346939,,,,,,,,
735,0.2963088385,0.712244898,0.3931523022,0.7551020408,0.5903024159,0.8734693878,,,0.7331314151,0.9367346939,,,,,,,,
736,0.2966474771,0.7142857143,0.3933209647,0.7571428571,0.5904713634,0.8734693878,,,0.7351505973,0.9489795918,,,,,,,,
737,0.2971554352,0.7142857143,0.3938269523,0.7571428571,0.5904713634,0.8755102041,,,0.7364967188,0.9489795918,,,,,,,,
738,0.2971554352,0.7163265306,0.3938269523,0.7591836735,0.5928366278,0.8755102041,,,1,1,,,,,,,,
739,0.2973247545,0.7163265306,0.3951762523,0.7591836735,0.5928366278,0.8775510204,,,,,,,,,,,,
740,0.2976633932,0.7163265306,0.3955135773,0.7591836735,0.5946950498,0.8775510204,,,,,,,,,,,,
741,0.2978327125,0.7163265306,0.3955135773,0.7612244898,0.5946950498,0.8795918367,,,,,,,,,,,,
742,0.2981713512,0.7163265306,0.3972002024,0.7612244898,0.595877682,0.8795918367,,,,,,,,,,,,
743,0.2988486285,0.7163265306,0.3975375274,0.7612244898,0.595877682,0.8816326531,,,,,,,,,,,,
744,0.2991872672,0.7163265306,0.3980435149,0.7612244898,0.5967224193,0.8816326531,,,,,,,,,,,,
745,0.2996952252,0.7163265306,0.3983808399,0.7612244898,0.5967224193,0.8836734694,,,,,,,,,,,,
746,0.3020656959,0.7163265306,0.3995614775,0.7612244898,0.5968913668,0.8836734694,,,,,,,,,,,,
747,0.3020656959,0.7183673469,0.3998988025,0.7612244898,0.5968913668,0.8857142857,,,,,,,,,,,,
748,0.3047748053,0.7183673469,0.3998988025,0.7632653061,0.6077040041,0.8857142857,,,,,,,,,,,,
749,0.305113444,0.7183673469,0.400742115,0.7632653061,0.6077040041,0.887755102,,,,,,,,,,,,
750,0.305113444,0.7204081633,0.400742115,0.7653061224,0.608041899,0.887755102,,,,,,,,,,,,
751,0.3054520826,0.7224489796,0.4029347276,0.7653061224,0.608041899,0.8897959184,,,,,,,,,,,,
752,0.3069759567,0.7224489796,0.4032720526,0.7653061224,0.6088866363,0.8897959184,,,,,,,,,,,,
753,0.3073145953,0.7224489796,0.4047900152,0.7653061224,0.6088866363,0.8918367347,,,,,,,,,,,,
754,0.3090077887,0.7224489796,0.4047900152,0.7673469388,0.6095624261,0.8918367347,,,,,,,,,,,,
755,0.3090077887,0.7244897959,0.4059706527,0.7673469388,0.6095624261,0.893877551,,,,,,,,,,,,
756,0.309685066,0.7244897959,0.4063079777,0.7673469388,0.6104071634,0.893877551,,,,,,,,,,,,
757,0.3100237047,0.7244897959,0.4066453027,0.7673469388,0.6104071634,0.8959183673,,,,,,,,,,,,
758,0.3108703014,0.7244897959,0.4066453027,0.7693877551,0.6109140057,0.8959183673,,,,,,,,,,,,
759,0.3122248561,0.7244897959,0.4068139653,0.7693877551,0.6109140057,0.8979591837,,,,,,,,,,,,
760,0.3135794108,0.7244897959,0.4071512903,0.7693877551,0.6124345329,0.8979591837,,,,,,,,,,,,
761,0.3139180494,0.7244897959,0.4079946028,0.7693877551,0.6124345329,0.9,,,,,,,,,,,,
762,0.3140873688,0.7244897959,0.4083319278,0.7693877551,0.6144619023,0.9,,,,,,,,,,,,
763,0.3144260075,0.7244897959,0.4093439029,0.7693877551,0.6144619023,0.9040816327,,,,,,,,,,,,
764,0.3157805621,0.7244897959,0.4093439029,0.7714285714,0.6159824295,0.9040816327,,,,,,,,,,,,
765,0.3161192008,0.7244897959,0.4095125654,0.7714285714,0.6159824295,0.906122449,,,,,,,,,,,,
766,0.3169657975,0.7244897959,0.4095125654,0.7734693878,0.6185166413,0.906122449,,,,,,,,,,,,
767,0.3169657975,0.72653061,0.4103558779,0.7734693878,0.6185166413,0.9081632653,,,,,,,,,,,,
768,0.3208601422,0.72653061,0.4103558779,0.7755102041,0.6227403278,0.9081632653,,,,,,,,,,,,
769,0.3208601422,0.7285714286,0.4118738404,0.7755102041,0.6227403278,0.9102040816,,,,,,,,,,,,
770,0.3215374196,0.7285714286,0.4122111655,0.7755102041,0.6269640142,0.9102040816,,,,,,,,,,,,
771,0.3218760582,0.7285714286,0.413054478,0.7755102041,0.6269640142,0.912244898,,,,,,,,,,,,
772,0.3225533356,0.7285714286,0.413054478,0.7775510204,0.6271329616,0.912244898,,,,,,,,,,,,
773,0.3228919743,0.7285714286,0.4132231405,0.7775510204,0.6271329616,0.9142857143,,,,,,,,,,,,
774,0.3244158483,0.7285714286,0.4132231405,0.7795918367,0.6286534888,0.9142857143,,,,,,,,,,,,
775,0.3244158483,0.7306122449,0.4145724405,0.7795918367,0.6286534888,0.9183673469,,,,,,,,,,,,
776,0.324754487,0.7306122449,0.4147411031,0.7816326531,0.6288224362,0.9183673469,,,,,,,,,,,,
777,0.325262445,0.7306122449,0.4160904031,0.7816326531,0.6288224362,0.9204081633,,,,,,,,,,,,
778,0.3256010836,0.7306122449,0.4164277281,0.7816326531,0.6333840176,0.9204081633,,,,,,,,,,,,
779,0.3259397223,0.7306122449,0.4169337156,0.7816326531,0.6333840176,0.9224489796,,,,,,,,,,,,
780,0.3259397223,0.7326530612,0.4172710406,0.7816326531,0.6374387565,0.9224489796,,,,,,,,,,,,
781,0.3269556383,0.7326530612,0.4174397032,0.7816326531,0.6374387565,0.9244897959,,,,,,,,,,,,
782,0.3274635963,0.7346938776,0.4177770282,0.7816326531,0.6408177057,0.9244897959,,,,,,,,,,,,
783,0.327802235,0.7346938776,0.4179456907,0.7816326531,0.6408177057,0.9265306122,,,,,,,,,,,,
784,0.3281408737,0.7346938776,0.4179456907,0.7836734694,0.6418313904,0.9265306122,,,,,,,,,,,,
785,0.3281408737,0.73673469,0.4192949907,0.7836734694,0.6418313904,0.9285714286,,,,,,,,,,,,
786,0.3286488317,0.73673469,0.4192949907,0.787755102,0.6452103396,0.9285714286,,,,,,,,,,,,
787,0.3286488317,0.7387755102,0.4199696407,0.787755102,0.6452103396,0.9306122449,,,,,,,,,,,,
788,0.3289874704,0.7387755102,0.4203069658,0.787755102,0.6487582362,0.9306122449,,,,,,,,,,,,
789,0.3289874704,0.7408163265,0.4223309158,0.787755102,0.6487582362,0.9326530612,,,,,,,,,,,,
790,0.3303420251,0.7408163265,0.4226682409,0.787755102,0.6556850819,0.9326530612,,,,,,,,,,,,
791,0.3306806637,0.7408163265,0.4236802159,0.787755102,0.6556850819,0.9346938776,,,,,,,,,,,,
792,0.33220454,0.7408163265,0.4236802159,0.7897959184,0.6560229769,0.9346938776,,,,,,,,,,,,
793,0.3325431764,0.7408163265,0.4241862034,0.7897959184,0.6560229769,0.9367346939,,,,,,,,,,,,
794,0.3332204538,0.7408163265,0.4241862034,0.7918367347,0.6661598243,0.9367346939,,,,,,,,,,,,
795,0.3332204538,0.7428571429,0.427728116,0.7918367347,0.6661598243,0.9387755102,,,,,,,,,,,,
796,0.33389773,0.7428571429,0.4284027661,0.7918367347,0.6663287718,0.9387755102,,,,,,,,,,,,
797,0.3342363698,0.7428571429,0.4292460786,0.7918367347,0.6663287718,0.9408163265,,,,,,,,,,,,
798,0.33474433,0.7428571429,0.4295834036,0.7918367347,0.6744382497,0.9408163265,,,,,,,,,,,,
799,0.3354216051,0.7428571429,0.4299207286,0.7918367347,0.6744382497,0.9428571429,,,,,,,,,,,,
800,0.3360988825,0.7428571429,0.4299207286,0.793877551,0.679337726,0.9428571429,,,,,,,,,,,,
801,0.3366068405,0.7428571429,0.4312700287,0.793877551,0.679337726,0.9448979592,,,,,,,,,,,,
802,0.3371147985,0.7428571429,0.4312700287,0.7959183673,0.688967731,0.9448979592,,,,,,,,,,,,
803,0.3371147985,0.74693878,0.4314386912,0.7959183673,0.688967731,0.9469387755,,,,,,,,,,,,
804,0.3376227565,0.74693878,0.4314386912,0.7979591837,0.6894745734,0.9469387755,,,,,,,,,,,,
805,0.3384693532,0.74693878,0.4322820037,0.7979591837,0.6894745734,0.9489795918,,,,,,,,,,,,
806,0.3388079919,0.74693878,0.4326193287,0.7979591837,0.7040040547,0.9489795918,,,,,,,,,,,,
807,0.3401625466,0.74693878,0.4336313038,0.7979591837,0.7040040547,0.9510204082,,,,,,,,,,,,
808,0.3401625466,0.7489795918,0.4339686288,0.7979591837,0.7053556344,0.9510204082,,,,,,,,,,,,
809,0.3406705046,0.7489795918,0.4349806038,0.7979591837,0.7053556344,0.9530612245,,,,,,,,,,,,
810,0.3411784626,0.7489795918,0.4353179288,0.7979591837,0.7097482683,0.9530612245,,,,,,,,,,,,
811,0.3428716559,0.7489795918,0.4354865913,0.7979591837,0.7097482683,0.9551020408,,,,,,,,,,,,
812,0.3428716559,0.7510204082,0.4358239163,0.7979591837,0.7110998479,0.9551020408,,,,,,,,,,,,
813,0.3440568913,0.7510204082,0.4370045539,0.7979591837,0.7110998479,0.9571428571,,,,,,,,,,,,
814,0.3440568913,0.75306122,0.4370045539,0.8,0.7151545869,0.9571428571,,,,,,,,,,,,
815,0.3445648493,0.75306122,0.4376792039,0.8,0.7151545869,0.9591836735,,,,,,,,,,,,
816,0.345411446,0.75306122,0.4380165289,0.8,0.7183645886,0.9591836735,,,,,,,,,,,,
817,0.3457500847,0.75306122,0.439028504,0.8,0.7183645886,0.9612244898,,,,,,,,,,,,
818,0.3457500847,0.7551020408,0.439703154,0.8,0.7193782734,0.9612244898,,,,,,,,,,,,
819,0.346427362,0.7551020408,0.4415584416,0.8,0.7193782734,0.9632653061,,,,,,,,,,,,
820,0.34693532,0.7551020408,0.4415584416,0.8020408163,0.7208988005,0.9632653061,,,,,,,,,,,,
821,0.3501523874,0.7551020408,0.4429077416,0.8020408163,0.7208988005,0.9653061224,,,,,,,,,,,,
822,0.3503217067,0.7571428571,0.4432450666,0.8020408163,0.7232640649,0.9653061224,,,,,,,,,,,,
823,0.3521842194,0.7571428571,0.4439197166,0.8020408163,0.7232640649,0.9673469388,,,,,,,,,,,,
824,0.3525228581,0.7571428571,0.4442570417,0.8020408163,0.7448893394,0.9673469388,,,,,,,,,,,,
825,0.3526921774,0.7571428571,0.4445943667,0.8020408163,0.7448893394,0.9693877551,,,,,,,,,,,,
826,0.3526921774,0.7612244898,0.4452690167,0.8020408163,0.7453961818,0.9693877551,,,,,,,,,,,,
827,0.35320014,0.7612244898,0.4464496542,0.8020408163,0.7453961818,0.9714285714,,,,,,,,,,,,
828,0.35320014,0.76326531,0.4464496542,0.8040816327,0.7482682886,0.9714285714,,,,,,,,,,,,
829,0.3533694548,0.76326531,0.4486422668,0.8040816327,0.7482682886,0.9734693878,,,,,,,,,,,,
830,0.3537080935,0.76326531,0.4486422668,0.806122449,0.7514782903,0.9734693878,,,,,,,,,,,,
831,0.3555706062,0.76326531,0.4493169168,0.806122449,0.7514782903,0.9755102041,,,,,,,,,,,,
832,0.3555706062,0.7653061224,0.4493169168,0.8081632653,0.7678661936,0.9755102041,,,,,,,,,,,,
833,0.3562478835,0.7653061224,0.4506662169,0.8081632653,0.7678661936,0.9775510204,,,,,,,,,,,,
834,0.3569251609,0.7653061224,0.4506662169,0.8102040816,0.7725967224,0.9775510204,,,,,,,,,,,,
835,0.3584490349,0.7653061224,0.4511722044,0.8102040816,0.7725967224,0.9795918367,,,,,,,,,,,,
836,0.3584490349,0.7673469388,0.4515095294,0.8102040816,0.7764825139,0.9795918367,,,,,,,,,,,,
837,0.3591263122,0.7673469388,0.452015517,0.8102040816,0.7764825139,0.9816326531,,,,,,,,,,,,
838,0.3594649509,0.7673469388,0.452015517,0.812244898,0.786112519,0.9816326531,,,,,,,,,,,,
839,0.3611581443,0.7673469388,0.452352842,0.812244898,0.786112519,0.9836734694,,,,,,,,,,,,
840,0.3616661023,0.7673469388,0.453364817,0.812244898,0.7891535732,0.9836734694,,,,,,,,,,,,
841,0.3626820183,0.7673469388,0.453702142,0.812244898,0.7891535732,0.9857142857,,,,,,,,,,,,
842,0.363020657,0.7673469388,0.4538708045,0.812244898,0.8271667511,0.9857142857,,,,,,,,,,,,
843,0.3638672536,0.7673469388,0.4538708045,0.8142857143,0.8271667511,0.987755102,,,,,,,,,,,,
844,0.3642058923,0.7673469388,0.4550514421,0.8142857143,0.8312214901,0.987755102,,,,,,,,,,,,
845,0.3648831697,0.7673469388,0.4553887671,0.8142857143,0.8312214901,0.9897959184,,,,,,,,,,,,
846,0.3648831697,0.7693877551,0.4577500422,0.8142857143,0.8677141409,0.9897959184,,,,,,,,,,,,
847,0.367084321,0.7693877551,0.4577500422,0.8163265306,0.8677141409,0.9918367347,,,,,,,,,,,,
848,0.367592279,0.7693877551,0.4582560297,0.8163265306,0.8881567832,0.9918367347,,,,,,,,,,,,
849,0.3679309177,0.7693877551,0.4585933547,0.8163265306,0.8881567832,0.9959183673,,,,,,,,,,,,
850,0.3689468337,0.7693877551,0.4601113173,0.8163265306,0.9153573239,0.9959183673,,,,,,,,,,,,
851,0.3692854724,0.7693877551,0.4602799798,0.8183673469,0.9153573239,0.9979591837,,,,,,,,,,,,
852,0.3714866238,0.7693877551,0.4604486423,0.8183673469,0.916877851,0.9979591837,,,,,,,,,,,,
853,0.3714866238,0.7714285714,0.4604486423,0.8204081633,0.916877851,1,,,,,,,,,,,,
854,0.3718252624,0.7714285714,0.4619666048,0.8204081633,0.9983105254,1,,,,,,,,,,,,
855,0.3723332205,0.77346939,0.4623039298,0.8204081633,1,1,,,,,,,,,,,,
856,0.3730104978,0.77346939,0.4668578175,0.8204081633,,,,,,,,,,,,,,
857,0.37334914,0.77346939,0.4671951425,0.8204081633,,,,,,,,,,,,,,
858,0.3736877751,0.77346939,0.4675324675,0.8204081633,,,,,,,,,,,,,,
859,0.3736877751,0.7755102041,0.4675324675,0.8224489796,,,,,,,,,,,,,,
860,0.3747036912,0.7755102041,0.4702310676,0.8224489796,,,,,,,,,,,,,,
861,0.3747036912,0.7775510204,0.4705683926,0.8224489796,,,,,,,,,,,,,,
862,0.3765662039,0.7775510204,0.4717490302,0.8224489796,,,,,,,,,,,,,,
863,0.3765662039,0.7795918367,0.4719176927,0.8244897959,,,,,,,,,,,,,,
864,0.3796139519,0.7795918367,0.4741103053,0.8244897959,,,,,,,,,,,,,,
865,0.3796139519,0.7816326531,0.4744476303,0.8244897959,,,,,,,,,,,,,,
866,0.3804605486,0.7816326531,0.4749536178,0.8244897959,,,,,,,,,,,,,,
867,0.3823230613,0.7816326531,0.4752909428,0.8244897959,,,,,,,,,,,,,,
868,0.3826617,0.7816326531,0.4757969303,0.8244897959,,,,,,,,,,,,,,
869,0.3870640027,0.7816326531,0.4757969303,0.8265306122,,,,,,,,,,,,,,
870,0.3874026414,0.7816326531,0.4773148929,0.8265306122,,,,,,,,,,,,,,
871,0.3877412801,0.7816326531,0.4773148929,0.8285714286,,,,,,,,,,,,,,
872,0.3880799187,0.7816326531,0.4781582054,0.8285714286,,,,,,,,,,,,,,
873,0.3887571961,0.7816326531,0.4784955304,0.8285714286,,,,,,,,,,,,,,
874,0.3887571961,0.7836734694,0.480013493,0.8285714286,,,,,,,,,,,,,,
875,0.38926515,0.7836734694,0.480350818,0.8285714286,,,,,,,,,,,,,,
876,0.3896037928,0.7836734694,0.4813627931,0.8285714286,,,,,,,,,,,,,,
877,0.3911276668,0.7836734694,0.4817001181,0.8285714286,,,,,,,,,,,,,,
878,0.3911276668,0.787755102,0.4832180806,0.8285714286,,,,,,,,,,,,,,
879,0.3921435828,0.787755102,0.4832180806,0.8306122449,,,,,,,,,,,,,,
880,0.3926515408,0.787755102,0.4833867431,0.8306122449,,,,,,,,,,,,,,
881,0.3928208601,0.78979592,0.4838927306,0.8306122449,,,,,,,,,,,,,,
882,0.3931594988,0.78979592,0.4874346433,0.8306122449,,,,,,,,,,,,,,
883,0.3936674568,0.78979592,0.4874346433,0.8326530612,,,,,,,,,,,,,,
884,0.3948526922,0.78979592,0.4884466183,0.8326530612,,,,,,,,,,,,,,
885,0.3951913308,0.78979592,0.4884466183,0.8346938776,,,,,,,,,,,,,,
886,0.3955299695,0.78979592,0.4904705684,0.8346938776,,,,,,,,,,,,,,
887,0.3955299695,0.7918367347,0.4904705684,0.8367346939,,,,,,,,,,,,,,
888,0.3968845242,0.7918367347,0.4908078934,0.8367346939,,,,,,,,,,,,,,
889,0.3968845242,0.793877551,0.4909765559,0.8367346939,,,,,,,,,,,,,,
890,0.3973924822,0.793877551,0.4913138809,0.8367346939,,,,,,,,,,,,,,
891,0.3975618016,0.7959183673,0.4918198684,0.8367346939,,,,,,,,,,,,,,
892,0.3987470369,0.7959183673,0.4918198684,0.8387755102,,,,,,,,,,,,,,
893,0.3987470369,0.7979591837,0.492325856,0.8387755102,,,,,,,,,,,,,,
894,0.3994243143,0.7979591837,0.492663181,0.8387755102,,,,,,,,,,,,,,
895,0.3997629529,0.7979591837,0.493000506,0.8387755102,,,,,,,,,,,,,,
896,0.4004402303,0.7979591837,0.4935064935,0.8387755102,,,,,,,,,,,,,,
897,0.4004402303,0.8,0.4938438185,0.8387755102,,,,,,,,,,,,,,
898,0.401286827,0.8,0.4946871311,0.8387755102,,,,,,,,,,,,,,
899,0.4016254656,0.8,0.4946871311,0.8408163265,,,,,,,,,,,,,,
900,0.403826617,0.8,0.4956991061,0.8408163265,,,,,,,,,,,,,,
901,0.4041652557,0.8,0.4956991061,0.8428571429,,,,,,,,,,,,,,
902,0.4045038943,0.8,0.4968797436,0.8428571429,,,,,,,,,,,,,,
903,0.404842533,0.8,0.4968797436,0.8448979592,,,,,,,,,,,,,,
904,0.404842533,0.8020408163,0.4972170686,0.8448979592,,,,,,,,,,,,,,
905,0.4075516424,0.8020408163,0.5009276438,0.8448979592,,,,,,,,,,,,,,
906,0.4075516424,0.8040816327,0.5012649688,0.8448979592,,,,,,,,,,,,,,
907,0.4089061971,0.8040816327,0.5041322314,0.8448979592,,,,,,,,,,,,,,
908,0.4089061971,0.806122449,0.5044695564,0.8448979592,,,,,,,,,,,,,,
909,0.40941416,0.806122449,0.5061561815,0.8448979592,,,,,,,,,,,,,,
910,0.4097527938,0.806122449,0.5064935065,0.8448979592,,,,,,,,,,,,,,
911,0.4102607518,0.806122449,0.507336819,0.8448979592,,,,,,,,,,,,,,
912,0.4105993905,0.806122449,0.507336819,0.8469387755,,,,,,,,,,,,,,
913,0.4116153065,0.806122449,0.5075054815,0.8469387755,,,,,,,,,,,,,,
914,0.4116153065,0.8081632653,0.5075054815,0.8489795918,,,,,,,,,,,,,,
915,0.4122925838,0.8081632653,0.5091921066,0.8489795918,,,,,,,,,,,,,,
916,0.4122925838,0.81020408,0.5095294316,0.8489795918,,,,,,,,,,,,,,
917,0.4124619031,0.812244898,0.5100354191,0.8489795918,,,,,,,,,,,,,,
918,0.4128005418,0.812244898,0.5103727441,0.8489795918,,,,,,,,,,,,,,
919,0.4138164578,0.812244898,0.5112160567,0.8489795918,,,,,,,,,,,,,,
920,0.4160176092,0.812244898,0.5115533817,0.8489795918,,,,,,,,,,,,,,
921,0.4161869285,0.8142857143,0.5122280317,0.8489795918,,,,,,,,,,,,,,
922,0.4166948866,0.8142857143,0.5125653567,0.8489795918,,,,,,,,,,,,,,
923,0.4170335252,0.8142857143,0.5132400067,0.8489795918,,,,,,,,,,,,,,
924,0.4178801219,0.8142857143,0.5135773318,0.8489795918,,,,,,,,,,,,,,
925,0.4182187606,0.8142857143,0.5137459943,0.8489795918,,,,,,,,,,,,,,
926,0.4207585506,0.8142857143,0.5137459943,0.8510204082,,,,,,,,,,,,,,
927,0.4210971893,0.8142857143,0.5144206443,0.8510204082,,,,,,,,,,,,,,
928,0.4212665086,0.8142857143,0.5147579693,0.8510204082,,,,,,,,,,,,,,
929,0.4216051473,0.8142857143,0.5149266318,0.8510204082,,,,,,,,,,,,,,
930,0.4258381307,0.8142857143,0.5149266318,0.8530612245,,,,,,,,,,,,,,
931,0.42617677,0.8142857143,0.5167819194,0.8530612245,,,,,,,,,,,,,,
932,0.4280392821,0.8142857143,0.5167819194,0.8551020408,,,,,,,,,,,,,,
933,0.4283779208,0.8142857143,0.519649182,0.8551020408,,,,,,,,,,,,,,
934,0.4299017948,0.8142857143,0.519649182,0.8571428571,,,,,,,,,,,,,,
935,0.4299017948,0.8183673469,0.520323832,0.8571428571,,,,,,,,,,,,,,
936,0.4317643075,0.8183673469,0.520323832,0.8591836735,,,,,,,,,,,,,,
937,0.4317643075,0.8204081633,0.5280823073,0.8591836735,,,,,,,,,,,,,,
938,0.4329495428,0.8204081633,0.5280823073,0.8612244898,,,,,,,,,,,,,,
939,0.4332881815,0.8204081633,0.5287569573,0.8612244898,,,,,,,,,,,,,,
940,0.4353200135,0.8204081633,0.5287569573,0.8632653061,,,,,,,,,,,,,,
941,0.4353200135,0.8224489796,0.5292629448,0.8632653061,,,,,,,,,,,,,,
942,0.4356586522,0.8224489796,0.5292629448,0.8653061224,,,,,,,,,,,,,,
943,0.4359972909,0.8224489796,0.5302749199,0.8653061224,,,,,,,,,,,,,,
944,0.4381984423,0.8224489796,0.5302749199,0.8673469388,,,,,,,,,,,,,,
945,0.4381984423,0.8244897959,0.5348288076,0.8673469388,,,,,,,,,,,,,,
946,0.4388757196,0.8244897959,0.5351661326,0.8673469388,,,,,,,,,,,,,,
947,0.4392143583,0.8244897959,0.5375274077,0.8673469388,,,,,,,,,,,,,,
948,0.4397223163,0.8244897959,0.5375274077,0.8693877551,,,,,,,,,,,,,,
949,0.4398916356,0.8244897959,0.5378647327,0.8693877551,,,,,,,,,,,,,,
950,0.4398916356,0.8285714286,0.5378647327,0.8714285714,,,,,,,,,,,,,,
951,0.4402302743,0.8285714286,0.5397200202,0.8714285714,,,,,,,,,,,,,,
952,0.4402302743,0.8306122449,0.5397200202,0.8734693878,,,,,,,,,,,,,,
953,0.4422621063,0.8306122449,0.5403946703,0.8734693878,,,,,,,,,,,,,,
954,0.442600745,0.8306122449,0.5403946703,0.8755102041,,,,,,,,,,,,,,
955,0.4434473417,0.8306122449,0.5429246079,0.8755102041,,,,,,,,,,,,,,
956,0.44378598,0.8306122449,0.5429246079,0.8775510204,,,,,,,,,,,,,,
957,0.444124619,0.8306122449,0.5434305954,0.8775510204,,,,,,,,,,,,,,
958,0.4444632577,0.8306122449,0.5437679204,0.8775510204,,,,,,,,,,,,,,
959,0.4448018964,0.8306122449,0.5461291955,0.8775510204,,,,,,,,,,,,,,
960,0.445140535,0.8306122449,0.5464665205,0.8775510204,,,,,,,,,,,,,,
961,0.4461564511,0.8306122449,0.5474784955,0.8775510204,,,,,,,,,,,,,,
962,0.44632577,0.8326530612,0.5478158205,0.8775510204,,,,,,,,,,,,,,
963,0.4466644091,0.8326530612,0.5481531456,0.8775510204,,,,,,,,,,,,,,
964,0.4470030477,0.8326530612,0.5481531456,0.8795918367,,,,,,,,,,,,,,
965,0.4503894345,0.8326530612,0.5486591331,0.8795918367,,,,,,,,,,,,,,
966,0.4508973925,0.8326530612,0.5489964581,0.8795918367,,,,,,,,,,,,,,
967,0.4512360312,0.8326530612,0.5511890707,0.8795918367,,,,,,,,,,,,,,
968,0.4515746698,0.8326530612,0.5511890707,0.8816326531,,,,,,,,,,,,,,
969,0.4520826278,0.8326530612,0.5523697082,0.8816326531,,,,,,,,,,,,,,
970,0.4525905858,0.8326530612,0.5527070332,0.8816326531,,,,,,,,,,,,,,
971,0.4541144599,0.8326530612,0.5548996458,0.8816326531,,,,,,,,,,,,,,
972,0.4541144599,0.8346938776,0.5555742958,0.8816326531,,,,,,,,,,,,,,
973,0.4542837792,0.8346938776,0.5567549334,0.8816326531,,,,,,,,,,,,,,
974,0.4551303759,0.8346938776,0.5570922584,0.8816326531,,,,,,,,,,,,,,
975,0.4552996952,0.8346938776,0.5575982459,0.8816326531,,,,,,,,,,,,,,
976,0.4552996952,0.8367346939,0.5579355709,0.8816326531,,,,,,,,,,,,,,
977,0.4569928886,0.8367346939,0.558947546,0.8816326531,,,,,,,,,,,,,,
978,0.4569928886,0.8387755102,0.559622196,0.8816326531,,,,,,,,,,,,,,
979,0.4571622079,0.8387755102,0.5646820712,0.8816326531,,,,,,,,,,,,,,
980,0.4575008466,0.8387755102,0.5650193962,0.8816326531,,,,,,,,,,,,,,
981,0.4585167626,0.8387755102,0.5662000337,0.8816326531,,,,,,,,,,,,,,
982,0.4590247206,0.8387755102,0.5662000337,0.8836734694,,,,,,,,,,,,,,
983,0.45919404,0.8387755102,0.5668746838,0.8836734694,,,,,,,,,,,,,,
984,0.4595326786,0.8387755102,0.5672120088,0.8836734694,,,,,,,,,,,,,,
985,0.459701998,0.8387755102,0.5699106089,0.8836734694,,,,,,,,,,,,,,
986,0.460209956,0.8387755102,0.5700792714,0.8857142857,,,,,,,,,,,,,,
987,0.46173383,0.8387755102,0.5702479339,0.8857142857,,,,,,,,,,,,,,
988,0.46173383,0.8408163265,0.5704165964,0.887755102,,,,,,,,,,,,,,
989,0.4620724687,0.8408163265,0.573283859,0.887755102,,,,,,,,,,,,,,
990,0.4620724687,0.8428571429,0.573621184,0.887755102,,,,,,,,,,,,,,
991,0.4625804267,0.8428571429,0.574295834,0.887755102,,,,,,,,,,,,,,
992,0.4629190654,0.8428571429,0.574633159,0.887755102,,,,,,,,,,,,,,
993,0.463257704,0.8428571429,0.5758137966,0.887755102,,,,,,,,,,,,,,
994,0.4644429394,0.8428571429,0.5758137966,0.8897959184,,,,,,,,,,,,,,
995,0.4644429394,0.8469387755,0.5759824591,0.8897959184,,,,,,,,,,,,,,
996,0.46478158,0.8469387755,0.5763197841,0.8897959184,,,,,,,,,,,,,,
997,0.4652895361,0.8469387755,0.5766571091,0.8897959184,,,,,,,,,,,,,,
998,0.4657974941,0.8469387755,0.5766571091,0.8918367347,,,,,,,,,,,,,,
999,0.4659668134,0.8489795918,0.5803676843,0.8918367347,,,,,,,,,,,,,,
1000,0.4668134101,0.8489795918,0.5805363468,0.893877551,,,,,,,,,,,,,,
1001,0.4673213681,0.8530612245,0.5828976219,0.893877551,,,,,,,,,,,,,,
1002,0.4678293261,0.8530612245,0.5832349469,0.893877551,,,,,,,,,,,,,,
1003,0.4678293261,0.8551020408,0.5840782594,0.893877551,,,,,,,,,,,,,,
1004,0.4685066035,0.8551020408,0.5840782594,0.8959183673,,,,,,,,,,,,,,
1005,0.4685066035,0.8571428571,0.5854275595,0.8959183673,,,,,,,,,,,,,,
1006,0.4688452421,0.8571428571,0.5857648845,0.8959183673,,,,,,,,,,,,,,
1007,0.4693532001,0.8571428571,0.5889694721,0.8959183673,,,,,,,,,,,,,,
1008,0.4693532001,0.8591836735,0.5894754596,0.8959183673,,,,,,,,,,,,,,
1009,0.4700304775,0.8591836735,0.5913307472,0.8959183673,,,,,,,,,,,,,,
1010,0.4705384355,0.8591836735,0.5916680722,0.8959183673,,,,,,,,,,,,,,
1011,0.4737555029,0.8591836735,0.5941980098,0.8959183673,,,,,,,,,,,,,,
1012,0.4740941416,0.8591836735,0.5945353348,0.8959183673,,,,,,,,,,,,,,
1013,0.4749407382,0.8591836735,0.5947039973,0.8959183673,,,,,,,,,,,,,,
1014,0.4749407382,0.8612244898,0.5947039973,0.8979591837,,,,,,,,,,,,,,
1015,0.4752793769,0.8612244898,0.5975712599,0.8979591837,,,,,,,,,,,,,,
1016,0.4756180156,0.8612244898,0.5975712599,0.9,,,,,,,,,,,,,,
1017,0.4773112089,0.8612244898,0.5987518975,0.9,,,,,,,,,,,,,,
1018,0.4779884863,0.8612244898,0.5990892225,0.9,,,,,,,,,,,,,,
1019,0.47815781,0.8612244898,0.59959521,0.9,,,,,,,,,,,,,,
1020,0.47815781,0.86326531,0.59959521,0.9020408163,,,,,,,,,,,,,,
1021,0.4805282763,0.86326531,0.6011131725,0.9020408163,,,,,,,,,,,,,,
1022,0.4805282763,0.8653061224,0.6011131725,0.9040816327,,,,,,,,,,,,,,
1023,0.4817135117,0.8653061224,0.6014504976,0.9040816327,,,,,,,,,,,,,,
1024,0.4817135117,0.8673469388,0.6019564851,0.9040816327,,,,,,,,,,,,,,
1025,0.4822214697,0.8673469388,0.6019564851,0.906122449,,,,,,,,,,,,,,
1026,0.4825601084,0.8673469388,0.6022938101,0.906122449,,,,,,,,,,,,,,
1027,0.4861158144,0.8673469388,0.6080283353,0.906122449,,,,,,,,,,,,,,
1028,0.4864544531,0.8673469388,0.6083656603,0.906122449,,,,,,,,,,,,,,
1029,0.4895022012,0.8673469388,0.6087029853,0.906122449,,,,,,,,,,,,,,
1030,0.4898408398,0.8673469388,0.6090403103,0.906122449,,,,,,,,,,,,,,
1031,0.4901794785,0.8673469388,0.6102209479,0.906122449,,,,,,,,,,,,,,
1032,0.4905181172,0.8673469388,0.6105582729,0.906122449,,,,,,,,,,,,,,
1033,0.4908567558,0.8673469388,0.6107269354,0.906122449,,,,,,,,,,,,,,
1034,0.4918726719,0.8673469388,0.6110642604,0.906122449,,,,,,,,,,,,,,
1035,0.4918726719,0.8693877551,0.6124135605,0.906122449,,,,,,,,,,,,,,
1036,0.4977988486,0.8693877551,0.6124135605,0.9081632653,,,,,,,,,,,,,,
1037,0.4977988486,0.8714285714,0.6130882105,0.9081632653,,,,,,,,,,,,,,
1038,0.4998306807,0.8714285714,0.6184854107,0.9081632653,,,,,,,,,,,,,,
1039,0.5001693193,0.8714285714,0.6188227357,0.9081632653,,,,,,,,,,,,,,
1040,0.5018625127,0.8714285714,0.6203406983,0.9081632653,,,,,,,,,,,,,,
1041,0.50253979,0.8714285714,0.6203406983,0.9102040816,,,,,,,,,,,,,,
1042,0.5028784287,0.8714285714,0.6208466858,0.9102040816,,,,,,,,,,,,,,
1043,0.5032170674,0.8714285714,0.6211840108,0.9102040816,,,,,,,,,,,,,,
1044,0.5037250254,0.8714285714,0.6223646483,0.9102040816,,,,,,,,,,,,,,
1045,0.5040636641,0.8714285714,0.6223646483,0.912244898,,,,,,,,,,,,,,
1046,0.5044023027,0.8714285714,0.6237139484,0.912244898,,,,,,,,,,,,,,
1047,0.5044023027,0.8734693878,0.6243885984,0.912244898,,,,,,,,,,,,,,
1048,0.5045716221,0.8734693878,0.626918536,0.912244898,,,,,,,,,,,,,,
1049,0.5049102608,0.8734693878,0.627255861,0.912244898,,,,,,,,,,,,,,
1050,0.5055875381,0.8734693878,0.6306291111,0.912244898,,,,,,,,,,,,,,
1051,0.5059261768,0.8734693878,0.6309664362,0.912244898,,,,,,,,,,,,,,
1052,0.50761937,0.8734693878,0.6316410862,0.912244898,,,,,,,,,,,,,,
1053,0.50761937,0.8755102041,0.6319784112,0.912244898,,,,,,,,,,,,,,
1054,0.5079580088,0.8755102041,0.6323157362,0.912244898,,,,,,,,,,,,,,
1055,0.50846597,0.8755102041,0.6323157362,0.9142857143,,,,,,,,,,,,,,
1056,0.5091432442,0.8755102041,0.6367009614,0.9142857143,,,,,,,,,,,,,,
1057,0.5098205215,0.8755102041,0.6367009614,0.9163265306,,,,,,,,,,,,,,
1058,0.5103284795,0.8755102041,0.6383875864,0.9163265306,,,,,,,,,,,,,,
1059,0.5103284795,0.8775510204,0.6383875864,0.9183673469,,,,,,,,,,,,,,
1060,0.5108364375,0.8775510204,0.6385562489,0.9183673469,,,,,,,,,,,,,,
1061,0.5108364375,0.8795918367,0.6385562489,0.9204081633,,,,,,,,,,,,,,
1062,0.5123603115,0.8795918367,0.6387249115,0.9204081633,,,,,,,,,,,,,,
1063,0.5126989502,0.8795918367,0.6387249115,0.9224489796,,,,,,,,,,,,,,
1064,0.5182864883,0.8795918367,0.6397368865,0.9224489796,,,,,,,,,,,,,,
1065,0.518625127,0.8795918367,0.6400742115,0.9224489796,,,,,,,,,,,,,,
1066,0.5233660684,0.8795918367,0.6419294991,0.9224489796,,,,,,,,,,,,,,
1067,0.5235353877,0.8816326531,0.6419294991,0.9244897959,,,,,,,,,,,,,,
1068,0.5245513038,0.8816326531,0.6420981616,0.9244897959,,,,,,,,,,,,,,
1069,0.5245513038,0.8836734694,0.6424354866,0.9244897959,,,,,,,,,,,,,,
1070,0.5250592618,0.8836734694,0.6436161241,0.9244897959,,,,,,,,,,,,,,
1071,0.5253979004,0.8836734694,0.6439534491,0.9244897959,,,,,,,,,,,,,,
1072,0.5255672198,0.8836734694,0.6441221117,0.9244897959,,,,,,,,,,,,,,
1073,0.5260751778,0.8836734694,0.6444594367,0.9244897959,,,,,,,,,,,,,,
1074,0.5267524551,0.8836734694,0.6449654242,0.9244897959,,,,,,,,,,,,,,
1075,0.5267524551,0.8857142857,0.6453027492,0.9244897959,,,,,,,,,,,,,,
1076,0.5269217745,0.8857142857,0.6469893743,0.9244897959,,,,,,,,,,,,,,
1077,0.5272604131,0.8857142857,0.6473266993,0.9244897959,,,,,,,,,,,,,,
1078,0.5275990518,0.8857142857,0.6486759993,0.9244897959,,,,,,,,,,,,,,
1079,0.5279376905,0.8857142857,0.6490133243,0.9244897959,,,,,,,,,,,,,,
1080,0.5350491026,0.8857142857,0.6523865745,0.9244897959,,,,,,,,,,,,,,
1081,0.5350491026,0.887755102,0.6523865745,0.9265306122,,,,,,,,,,,,,,
1082,0.53521842,0.887755102,0.6527238995,0.9265306122,,,,,,,,,,,,,,
1083,0.53521842,0.88979592,0.653904537,0.9265306122,,,,,,,,,,,,,,
1084,0.5364036573,0.88979592,0.653904537,0.9285714286,,,,,,,,,,,,,,
1085,0.536742296,0.88979592,0.6549165121,0.9285714286,,,,,,,,,,,,,,
1086,0.5370809346,0.88979592,0.6549165121,0.9306122449,,,,,,,,,,,,,,
1087,0.5374195733,0.88979592,0.6550851746,0.9306122449,,,,,,,,,,,,,,
1088,0.5375888927,0.88979592,0.6554224996,0.9306122449,,,,,,,,,,,,,,
1089,0.5375888927,0.8918367347,0.6576151122,0.9306122449,,,,,,,,,,,,,,
1090,0.53826617,0.8918367347,0.6579524372,0.9306122449,,,,,,,,,,,,,,
1091,0.5386048087,0.8918367347,0.6581210997,0.9306122449,,,,,,,,,,,,,,
1092,0.5401286827,0.8918367347,0.6584584247,0.9306122449,,,,,,,,,,,,,,
1093,0.5401286827,0.8959183673,0.6587957497,0.9306122449,,,,,,,,,,,,,,
1094,0.5404673214,0.8959183673,0.6591330747,0.9306122449,,,,,,,,,,,,,,
1095,0.5404673214,0.8979591837,0.6594703997,0.9306122449,,,,,,,,,,,,,,
1096,0.5409752794,0.8979591837,0.6594703997,0.9326530612,,,,,,,,,,,,,,
1097,0.5421605147,0.8979591837,0.665879575,0.9326530612,,,,,,,,,,,,,,
1098,0.5426684727,0.9,0.6662169,0.9326530612,,,,,,,,,,,,,,
1099,0.5430071114,0.9,0.6662169,0.9346938776,,,,,,,,,,,,,,
1100,0.5445309854,0.9,0.6695901501,0.9346938776,,,,,,,,,,,,,,
1101,0.5452082628,0.9,0.6695901501,0.9367346939,,,,,,,,,,,,,,
1102,0.5470707755,0.9,0.6726260752,0.9367346939,,,,,,,,,,,,,,
1103,0.5474094142,0.9020408163,0.6729634002,0.9367346939,,,,,,,,,,,,,,
1104,0.5475787335,0.9020408163,0.6731320627,0.9367346939,,,,,,,,,,,,,,
1105,0.5482560108,0.9020408163,0.6734693878,0.9367346939,,,,,,,,,,,,,,
1106,0.5487639688,0.9020408163,0.6738067128,0.9367346939,,,,,,,,,,,,,,
1107,0.5491026075,0.9020408163,0.6743127003,0.9367346939,,,,,,,,,,,,,,
1108,0.5492719269,0.9020408163,0.6778546129,0.9367346939,,,,,,,,,,,,,,
1109,0.5496105655,0.9020408163,0.6781919379,0.9367346939,,,,,,,,,,,,,,
1110,0.5499492042,0.9020408163,0.681227863,0.9367346939,,,,,,,,,,,,,,
1111,0.55028784,0.9040816327,0.6815651881,0.9367346939,,,,,,,,,,,,,,
1112,0.5504571622,0.9040816327,0.6832518131,0.9367346939,,,,,,,,,,,,,,
1113,0.5509651202,0.9040816327,0.6835891381,0.9367346939,,,,,,,,,,,,,,
1114,0.5516423976,0.9040816327,0.6866250632,0.9367346939,,,,,,,,,,,,,,
1115,0.5523196749,0.9040816327,0.6869623883,0.9367346939,,,,,,,,,,,,,,
1116,0.5528276329,0.9040816327,0.6881430258,0.9367346939,,,,,,,,,,,,,,
1117,0.5528276329,0.906122449,0.6884803508,0.9367346939,,,,,,,,,,,,,,
1118,0.5555367423,0.906122449,0.6899983134,0.9367346939,,,,,,,,,,,,,,
1119,0.555875381,0.906122449,0.6903356384,0.9367346939,,,,,,,,,,,,,,
1120,0.556891297,0.906122449,0.6911789509,0.9367346939,,,,,,,,,,,,,,
1121,0.5575685743,0.906122449,0.6911789509,0.9387755102,,,,,,,,,,,,,,
1122,0.5585844903,0.906122449,0.6916849384,0.9387755102,,,,,,,,,,,,,,
1123,0.558923129,0.906122449,0.6916849384,0.9408163265,,,,,,,,,,,,,,
1124,0.5592617677,0.906122449,0.6920222635,0.9408163265,,,,,,,,,,,,,,
1125,0.5596004064,0.906122449,0.6930342385,0.9408163265,,,,,,,,,,,,,,
1126,0.5606163224,0.906122449,0.6933715635,0.9408163265,,,,,,,,,,,,,,
1127,0.5611242804,0.906122449,0.6974194637,0.9408163265,,,,,,,,,,,,,,
1128,0.5614629191,0.906122449,0.6979254512,0.9408163265,,,,,,,,,,,,,,
1129,0.5619708771,0.906122449,0.6986001012,0.9408163265,,,,,,,,,,,,,,
1130,0.5626481544,0.906122449,0.6989374262,0.9408163265,,,,,,,,,,,,,,
1131,0.5629867931,0.906122449,0.7012987013,0.9408163265,,,,,,,,,,,,,,
1132,0.5636640704,0.906122449,0.7012987013,0.9428571429,,,,,,,,,,,,,,
1133,0.5640027091,0.906122449,0.7018046888,0.9428571429,,,,,,,,,,,,,,
1134,0.5645106671,0.906122449,0.7021420138,0.9428571429,,,,,,,,,,,,,,
1135,0.5648493058,0.906122449,0.7036599764,0.9428571429,,,,,,,,,,,,,,
1136,0.5650186251,0.906122449,0.7036599764,0.9448979592,,,,,,,,,,,,,,
1137,0.5653572638,0.906122449,0.7039973014,0.9448979592,,,,,,,,,,,,,,
1138,0.5656959025,0.906122449,0.7053466015,0.9448979592,,,,,,,,,,,,,,
1139,0.5663731798,0.906122449,0.7056839265,0.9448979592,,,,,,,,,,,,,,
1140,0.5673890958,0.906122449,0.707201889,0.9448979592,,,,,,,,,,,,,,
1141,0.5673890958,0.9081632653,0.707539214,0.9448979592,,,,,,,,,,,,,,
1142,0.5684050119,0.9081632653,0.7083825266,0.9448979592,,,,,,,,,,,,,,
1143,0.56874365,0.9081632653,0.7087198516,0.9448979592,,,,,,,,,,,,,,
1144,0.5717913986,0.9081632653,0.7099004891,0.9448979592,,,,,,,,,,,,,,
1145,0.57213004,0.9081632653,0.7102378141,0.9448979592,,,,,,,,,,,,,,
1146,0.5724686759,0.9081632653,0.7120931017,0.9448979592,,,,,,,,,,,,,,
1147,0.5728073146,0.9081632653,0.7120931017,0.9469387755,,,,,,,,,,,,,,
1148,0.5741618693,0.9081632653,0.7136110643,0.9469387755,,,,,,,,,,,,,,
1149,0.574500508,0.9081632653,0.7139483893,0.9469387755,,,,,,,,,,,,,,
1150,0.57466983,0.9081632653,0.7142857143,0.9469387755,,,,,,,,,,,,,,
1151,0.575008466,0.9081632653,0.7146230393,0.9469387755,,,,,,,,,,,,,,
1152,0.5753471046,0.9081632653,0.7161410019,0.9469387755,,,,,,,,,,,,,,
1153,0.57805621,0.912244898,0.7164783269,0.9469387755,,,,,,,,,,,,,,
1154,0.5816119201,0.912244898,0.7173216394,0.9469387755,,,,,,,,,,,,,,
1155,0.5819505588,0.912244898,0.7173216394,0.9489795918,,,,,,,,,,,,,,
1156,0.5826278361,0.912244898,0.7200202395,0.9489795918,,,,,,,,,,,,,,
1157,0.5829664748,0.912244898,0.7200202395,0.9510204082,,,,,,,,,,,,,,
1158,0.5839823908,0.912244898,0.7215382021,0.9510204082,,,,,,,,,,,,,,
1159,0.5839823908,0.9142857143,0.7222128521,0.9510204082,,,,,,,,,,,,,,
1160,0.5856755842,0.9142857143,0.7232248271,0.9510204082,,,,,,,,,,,,,,
1161,0.5856755842,0.9163265306,0.7232248271,0.9530612245,,,,,,,,,,,,,,
1162,0.5858449035,0.9163265306,0.7242368022,0.9530612245,,,,,,,,,,,,,,
1163,0.5861835422,0.9163265306,0.7244054647,0.9551020408,,,,,,,,,,,,,,
1164,0.5866915002,0.9163265306,0.7247427897,0.9551020408,,,,,,,,,,,,,,
1165,0.5871994582,0.9163265306,0.7247427897,0.9571428571,,,,,,,,,,,,,,
1166,0.5878767355,0.9163265306,0.7260920897,0.9571428571,,,,,,,,,,,,,,
1167,0.5878767355,0.9183673469,0.7267667398,0.9571428571,,,,,,,,,,,,,,
1168,0.5894006095,0.9183673469,0.7267667398,0.9591836735,,,,,,,,,,,,,,
1169,0.58973925,0.9183673469,0.7271040648,0.9591836735,,,,,,,,,,,,,,
1170,0.5917710803,0.9183673469,0.7274413898,0.9591836735,,,,,,,,,,,,,,
1171,0.5919403996,0.9204081633,0.7281160398,0.9591836735,,,,,,,,,,,,,,
1172,0.5919403996,0.9224489796,0.7284533648,0.9591836735,,,,,,,,,,,,,,
1173,0.594649509,0.9224489796,0.7318266149,0.9591836735,,,,,,,,,,,,,,
1174,0.5949881476,0.9224489796,0.73216394,0.9591836735,,,,,,,,,,,,,,
1175,0.597189299,0.9224489796,0.7340192275,0.9591836735,,,,,,,,,,,,,,
1176,0.5980358957,0.9224489796,0.7343565525,0.9591836735,,,,,,,,,,,,,,
1177,0.59820522,0.9224489796,0.7348625401,0.9591836735,,,,,,,,,,,,,,
1178,0.5985438537,0.9224489796,0.7351998651,0.9591836735,,,,,,,,,,,,,,
1179,0.59905181,0.9224489796,0.7363805026,0.9591836735,,,,,,,,,,,,,,
1180,0.5992211311,0.9244897959,0.7363805026,0.9612244898,,,,,,,,,,,,,,
1181,0.6031154758,0.9244897959,0.7377298027,0.9612244898,,,,,,,,,,,,,,
1182,0.6034541145,0.9244897959,0.7380671277,0.9612244898,,,,,,,,,,,,,,
1183,0.6049779885,0.9244897959,0.7384044527,0.9612244898,,,,,,,,,,,,,,
1184,0.6049779885,0.92653061,0.7387417777,0.9612244898,,,,,,,,,,,,,,
1185,0.6054859465,0.92653061,0.747512228,0.9612244898,,,,,,,,,,,,,,
1186,0.6058245852,0.92653061,0.747849553,0.9612244898,,,,,,,,,,,,,,
1187,0.6087030139,0.92653061,0.7481868781,0.9612244898,,,,,,,,,,,,,,
1188,0.6090416526,0.92653061,0.7488615281,0.9612244898,,,,,,,,,,,,,,
1189,0.6093802912,0.92653061,0.7500421656,0.9612244898,,,,,,,,,,,,,,
1190,0.6097189299,0.92653061,0.7500421656,0.9632653061,,,,,,,,,,,,,,
1191,0.6110734846,0.92653061,0.7515601282,0.9632653061,,,,,,,,,,,,,,
1192,0.6119200813,0.9285714286,0.7515601282,0.9653061224,,,,,,,,,,,,,,
1193,0.61327464,0.9285714286,0.7527407657,0.9653061224,,,,,,,,,,,,,,
1194,0.6136132746,0.9285714286,0.7527407657,0.9673469388,,,,,,,,,,,,,,
1195,0.613782594,0.9285714286,0.7544273908,0.9673469388,,,,,,,,,,,,,,
1196,0.61412123,0.9285714286,0.7547647158,0.9673469388,,,,,,,,,,,,,,
1197,0.615306468,0.9285714286,0.7554393658,0.9673469388,,,,,,,,,,,,,,
1198,0.6159837453,0.9285714286,0.7557766908,0.9673469388,,,,,,,,,,,,,,
1199,0.6164917034,0.9285714286,0.7576319784,0.9673469388,,,,,,,,,,,,,,
1200,0.6200474094,0.9285714286,0.7579693034,0.9673469388,,,,,,,,,,,,,,
1201,0.6200474094,0.9306122449,0.7586439534,0.9673469388,,,,,,,,,,,,,,
1202,0.6203860481,0.9306122449,0.7589812785,0.9673469388,,,,,,,,,,,,,,
1203,0.6214019641,0.9306122449,0.7589812785,0.9693877551,,,,,,,,,,,,,,
1204,0.6217406028,0.9306122449,0.759824591,0.9693877551,,,,,,,,,,,,,,
1205,0.6234337961,0.9306122449,0.760499241,0.9693877551,,,,,,,,,,,,,,
1206,0.6239417541,0.9306122449,0.7635351661,0.9693877551,,,,,,,,,,,,,,
1207,0.6242803928,0.9306122449,0.7642098162,0.9693877551,,,,,,,,,,,,,,
1208,0.6242803928,0.9326530612,0.7648844662,0.9693877551,,,,,,,,,,,,,,
1209,0.6251269895,0.9326530612,0.7652217912,0.9693877551,,,,,,,,,,,,,,
1210,0.6263122249,0.9326530612,0.7662337662,0.9693877551,,,,,,,,,,,,,,
1211,0.6264815442,0.9346938776,0.7662337662,0.9714285714,,,,,,,,,,,,,,
1212,0.62749746,0.9346938776,0.7665710912,0.9714285714,,,,,,,,,,,,,,
1213,0.6278360989,0.9346938776,0.7669084163,0.9714285714,,,,,,,,,,,,,,
1214,0.6281747376,0.9346938776,0.7680890538,0.9714285714,,,,,,,,,,,,,,
1215,0.6285133762,0.9346938776,0.7684263788,0.9714285714,,,,,,,,,,,,,,
1216,0.6307145276,0.9346938776,0.7689323663,0.9714285714,,,,,,,,,,,,,,
1217,0.6312224856,0.9346938776,0.7689323663,0.9734693878,,,,,,,,,,,,,,
1218,0.6313918049,0.9346938776,0.7691010288,0.9734693878,,,,,,,,,,,,,,
1219,0.63173044,0.9346938776,0.7694383539,0.9734693878,,,,,,,,,,,,,,
1220,0.6332543176,0.9346938776,0.7697756789,0.9734693878,,,,,,,,,,,,,,
1221,0.633931595,0.9346938776,0.7701130039,0.9734693878,,,,,,,,,,,,,,
1222,0.63427023,0.9346938776,0.7706189914,0.9734693878,,,,,,,,,,,,,,
1223,0.6346088723,0.9346938776,0.7709563164,0.9734693878,,,,,,,,,,,,,,
1224,0.634947511,0.9346938776,0.7714623039,0.9734693878,,,,,,,,,,,,,,
1225,0.635455469,0.9346938776,0.7717996289,0.9734693878,,,,,,,,,,,,,,
1226,0.6361327464,0.9346938776,0.772811604,0.9734693878,,,,,,,,,,,,,,
1227,0.636471385,0.9346938776,0.7729802665,0.9755102041,,,,,,,,,,,,,,
1228,0.636979343,0.9346938776,0.7766908416,0.9755102041,,,,,,,,,,,,,,
1229,0.6379952591,0.9346938776,0.7770281666,0.9755102041,,,,,,,,,,,,,,
1230,0.6381645784,0.9346938776,0.7778714792,0.9755102041,,,,,,,,,,,,,,
1231,0.6385032171,0.9346938776,0.7778714792,0.9775510204,,,,,,,,,,,,,,
1232,0.6395191331,0.9346938776,0.7785461292,0.9775510204,,,,,,,,,,,,,,
1233,0.6398577718,0.9346938776,0.7788834542,0.9775510204,,,,,,,,,,,,,,
1234,0.6401964104,0.9346938776,0.7802327543,0.9775510204,,,,,,,,,,,,,,
1235,0.6407043684,0.9346938776,0.7805700793,0.9775510204,,,,,,,,,,,,,,
1236,0.6425668811,0.9346938776,0.7815820543,0.9775510204,,,,,,,,,,,,,,
1237,0.6425668811,0.93673469,0.7819193793,0.9775510204,,,,,,,,,,,,,,
1238,0.6429055198,0.93673469,0.7831000169,0.9775510204,,,,,,,,,,,,,,
1239,0.6430748391,0.93673469,0.7834373419,0.9775510204,,,,,,,,,,,,,,
1240,0.6464612259,0.93673469,0.7841119919,0.9775510204,,,,,,,,,,,,,,
1241,0.64764646,0.93673469,0.7846179794,0.9775510204,,,,,,,,,,,,,,
1242,0.6479850999,0.93673469,0.7847866419,0.9775510204,,,,,,,,,,,,,,
1243,0.651032848,0.93673469,0.785461292,0.9775510204,,,,,,,,,,,,,,
1244,0.6513714866,0.93673469,0.7856299545,0.9795918367,,,,,,,,,,,,,,
1245,0.651540806,0.93673469,0.787147917,0.9795918367,,,,,,,,,,,,,,
1246,0.6518794446,0.93673469,0.787485242,0.9795918367,,,,,,,,,,,,,,
1247,0.652048764,0.93673469,0.7879912295,0.9795918367,,,,,,,,,,,,,,
1248,0.65306468,0.93673469,0.7883285546,0.9795918367,,,,,,,,,,,,,,
1249,0.65306468,0.9387755102,0.7890032046,0.9795918367,,,,,,,,,,,,,,
1250,0.653572638,0.9387755102,0.7896778546,0.9795918367,,,,,,,,,,,,,,
1251,0.6542499153,0.9387755102,0.7908584922,0.9795918367,,,,,,,,,,,,,,
1252,0.6549271927,0.9387755102,0.7911958172,0.9795918367,,,,,,,,,,,,,,
1253,0.6554351507,0.9387755102,0.7942317423,0.9795918367,,,,,,,,,,,,,,
1254,0.6557737894,0.9387755102,0.7949063923,0.9795918367,,,,,,,,,,,,,,
1255,0.65611243,0.9387755102,0.7967616799,0.9795918367,,,,,,,,,,,,,,
1256,0.6574669827,0.9387755102,0.7970990049,0.9795918367,,,,,,,,,,,,,,
1257,0.6578056214,0.9387755102,0.7984483049,0.9795918367,,,,,,,,,,,,,,
1258,0.6591601761,0.9387755102,0.79878563,0.9795918367,,,,,,,,,,,,,,
1259,0.6594988148,0.9387755102,0.8009782425,0.9795918367,,,,,,,,,,,,,,
1260,0.6598374534,0.9387755102,0.8013155675,0.9795918367,,,,,,,,,,,,,,
1261,0.66017609,0.9387755102,0.8026648676,0.9795918367,,,,,,,,,,,,,,
1262,0.6606840501,0.9387755102,0.8026648676,0.9816326531,,,,,,,,,,,,,,
1263,0.66102269,0.9387755102,0.8030021926,0.9816326531,,,,,,,,,,,,,,
1264,0.6611920081,0.9387755102,0.8030021926,0.9836734694,,,,,,,,,,,,,,
1265,0.6625465628,0.9387755102,0.8058694552,0.9836734694,,,,,,,,,,,,,,
1266,0.6640704368,0.9387755102,0.8062067802,0.9836734694,,,,,,,,,,,,,,
1267,0.66440908,0.9387755102,0.8078934053,0.9836734694,,,,,,,,,,,,,,
1268,0.6688113783,0.9387755102,0.8078934053,0.9857142857,,,,,,,,,,,,,,
1269,0.6693193363,0.9387755102,0.8095800304,0.9857142857,,,,,,,,,,,,,,
1270,0.6698272943,0.9387755102,0.8099173554,0.9857142857,,,,,,,,,,,,,,
1271,0.6705045716,0.9387755102,0.8104233429,0.9857142857,,,,,,,,,,,,,,
1272,0.6710125296,0.9387755102,0.8107606679,0.9857142857,,,,,,,,,,,,,,
1273,0.6713511683,0.9387755102,0.8112666554,0.9857142857,,,,,,,,,,,,,,
1274,0.6718591263,0.9387755102,0.8117726429,0.9857142857,,,,,,,,,,,,,,
1275,0.672197765,0.9387755102,0.812447293,0.9857142857,,,,,,,,,,,,,,
1276,0.6723670843,0.9387755102,0.812784618,0.9857142857,,,,,,,,,,,,,,
1277,0.6728750423,0.9387755102,0.813459268,0.9857142857,,,,,,,,,,,,,,
1278,0.673721639,0.9387755102,0.814133918,0.9857142857,,,,,,,,,,,,,,
1279,0.674229597,0.9387755102,0.814471243,0.9857142857,,,,,,,,,,,,,,
1280,0.675245513,0.9408163265,0.8149772306,0.9857142857,,,,,,,,,,,,,,
1281,0.675753471,0.9408163265,0.8156518806,0.9857142857,,,,,,,,,,,,,,
1282,0.6766000677,0.9408163265,0.8168325181,0.9857142857,,,,,,,,,,,,,,
1283,0.6767693871,0.9408163265,0.8171698431,0.9857142857,,,,,,,,,,,,,,
1284,0.6771080257,0.9408163265,0.8202057683,0.9857142857,,,,,,,,,,,,,,
1285,0.6771080257,0.9428571429,0.8203744308,0.987755102,,,,,,,,,,,,,,
1286,0.6791398578,0.9428571429,0.8232416934,0.987755102,,,,,,,,,,,,,,
1287,0.6794784964,0.9428571429,0.8235790184,0.987755102,,,,,,,,,,,,,,
1288,0.6794784964,0.9448979592,0.8245909934,0.987755102,,,,,,,,,,,,,,
1289,0.6796478158,0.9448979592,0.8249283184,0.987755102,,,,,,,,,,,,,,
1290,0.6801557738,0.9448979592,0.826446281,0.987755102,,,,,,,,,,,,,,
1291,0.6804944125,0.9448979592,0.826783606,0.987755102,,,,,,,,,,,,,,
1292,0.6808330511,0.9469387755,0.8276269185,0.987755102,,,,,,,,,,,,,,
1293,0.6818489672,0.9469387755,0.8279642435,0.987755102,,,,,,,,,,,,,,
1294,0.6821876058,0.9469387755,0.8286388936,0.987755102,,,,,,,,,,,,,,
1295,0.6832035218,0.9469387755,0.8289762186,0.987755102,,,,,,,,,,,,,,
1296,0.6835421605,0.9469387755,0.8293135436,0.987755102,,,,,,,,,,,,,,
1297,0.6842194379,0.9469387755,0.8296508686,0.987755102,,,,,,,,,,,,,,
1298,0.6848967152,0.9469387755,0.8299881936,0.987755102,,,,,,,,,,,,,,
1299,0.6852353539,0.9469387755,0.8303255186,0.987755102,,,,,,,,,,,,,,
1300,0.6855739925,0.9469387755,0.8308315062,0.987755102,,,,,,,,,,,,,,
1301,0.6872671859,0.9469387755,0.8311688312,0.987755102,,,,,,,,,,,,,,
1302,0.6876058246,0.9489795918,0.8318434812,0.987755102,,,,,,,,,,,,,,
1303,0.68879106,0.9489795918,0.8321808062,0.987755102,,,,,,,,,,,,,,
1304,0.6894683373,0.9489795918,0.8345420813,0.987755102,,,,,,,,,,,,,,
1305,0.690822892,0.9489795918,0.8348794063,0.987755102,,,,,,,,,,,,,,
1306,0.6920081273,0.9489795918,0.8357227188,0.987755102,,,,,,,,,,,,,,
1307,0.6931933627,0.9489795918,0.8362287064,0.987755102,,,,,,,,,,,,,,
1308,0.6935320014,0.9489795918,0.8377466689,0.987755102,,,,,,,,,,,,,,
1309,0.6940399594,0.9489795918,0.8377466689,0.9897959184,,,,,,,,,,,,,,
1310,0.6945479174,0.9489795918,0.8392646315,0.9897959184,,,,,,,,,,,,,,
1311,0.6955638334,0.9489795918,0.8396019565,0.9897959184,,,,,,,,,,,,,,
1312,0.6960717914,0.9489795918,0.8406139315,0.9897959184,,,,,,,,,,,,,,
1313,0.69708771,0.9489795918,0.8409512565,0.9897959184,,,,,,,,,,,,,,
1314,0.6974263461,0.9489795918,0.8416259066,0.9897959184,,,,,,,,,,,,,,
1315,0.6979343,0.9489795918,0.8419632316,0.9897959184,,,,,,,,,,,,,,
1316,0.6994581781,0.9489795918,0.8423005566,0.9897959184,,,,,,,,,,,,,,
1317,0.6997968168,0.9489795918,0.8426378816,0.9897959184,,,,,,,,,,,,,,
1318,0.7001354555,0.9489795918,0.8439871816,0.9897959184,,,,,,,,,,,,,,
1319,0.7009820522,0.9489795918,0.8443245067,0.9897959184,,,,,,,,,,,,,,
1320,0.7009820522,0.9510204082,0.8448304942,0.9897959184,,,,,,,,,,,,,,
1321,0.7011513715,0.9510204082,0.8451678192,0.9897959184,,,,,,,,,,,,,,
1322,0.7014900102,0.9530612245,0.8453364817,0.9897959184,,,,,,,,,,,,,,
1323,0.70216729,0.9530612245,0.8456738067,0.9897959184,,,,,,,,,,,,,,
1324,0.7026752455,0.9530612245,0.8461797942,0.9897959184,,,,,,,,,,,,,,
1325,0.7028445648,0.9530612245,0.8465171192,0.9897959184,,,,,,,,,,,,,,
1326,0.7033525229,0.9530612245,0.8468544443,0.9897959184,,,,,,,,,,,,,,
1327,0.7050457162,0.9551020408,0.8473604318,0.9897959184,,,,,,,,,,,,,,
1328,0.7057229936,0.9551020408,0.8490470568,0.9897959184,,,,,,,,,,,,,,
1329,0.7060616322,0.9551020408,0.8493843819,0.9897959184,,,,,,,,,,,,,,
1330,0.7069082289,0.9551020408,0.8495530444,0.9897959184,,,,,,,,,,,,,,
1331,0.7080934643,0.9551020408,0.8498903694,0.9897959184,,,,,,,,,,,,,,
1332,0.7084321029,0.9551020408,0.8502276944,0.9897959184,,,,,,,,,,,,,,
1333,0.7086014223,0.9551020408,0.8505650194,0.9897959184,,,,,,,,,,,,,,
1334,0.7113105317,0.9551020408,0.8510710069,0.9897959184,,,,,,,,,,,,,,
1335,0.7116491703,0.9551020408,0.8514083319,0.9897959184,,,,,,,,,,,,,,
1336,0.7126650864,0.9551020408,0.8517456569,0.9897959184,,,,,,,,,,,,,,
1337,0.7131730444,0.9551020408,0.8522516445,0.9897959184,,,,,,,,,,,,,,
1338,0.713511683,0.9551020408,0.853769607,0.9897959184,,,,,,,,,,,,,,
1339,0.7138503217,0.9551020408,0.854106932,0.9897959184,,,,,,,,,,,,,,
1340,0.7157128344,0.9551020408,0.8552875696,0.9897959184,,,,,,,,,,,,,,
1341,0.71639011,0.9551020408,0.8556248946,0.9897959184,,,,,,,,,,,,,,
1342,0.7167287504,0.9551020408,0.8562995446,0.9897959184,,,,,,,,,,,,,,
1343,0.7170673891,0.9551020408,0.8573115196,0.9897959184,,,,,,,,,,,,,,
1344,0.7179139858,0.9551020408,0.8574801822,0.9897959184,,,,,,,,,,,,,,
1345,0.7184219438,0.9551020408,0.8578175072,0.9897959184,,,,,,,,,,,,,,
1346,0.7187605825,0.9551020408,0.8584921572,0.9897959184,,,,,,,,,,,,,,
1347,0.7190992211,0.9551020408,0.8588294822,0.9897959184,,,,,,,,,,,,,,
1348,0.7201151371,0.9551020408,0.8596727947,0.9897959184,,,,,,,,,,,,,,
1349,0.7221469692,0.9551020408,0.8603474448,0.9897959184,,,,,,,,,,,,,,
1350,0.7224856079,0.9551020408,0.8605161073,0.9897959184,,,,,,,,,,,,,,
1351,0.7229935659,0.9551020408,0.8615280823,0.9897959184,,,,,,,,,,,,,,
1352,0.7263799526,0.9551020408,0.8618654073,0.9897959184,,,,,,,,,,,,,,
1353,0.7268879106,0.9551020408,0.8622027323,0.9897959184,,,,,,,,,,,,,,
1354,0.7272265493,0.9551020408,0.8623713948,0.9897959184,,,,,,,,,,,,,,
1355,0.7282424653,0.9551020408,0.8628773824,0.9897959184,,,,,,,,,,,,,,
1356,0.728581104,0.9551020408,0.8637206949,0.9897959184,,,,,,,,,,,,,,
1357,0.7304436167,0.9551020408,0.8640580199,0.9897959184,,,,,,,,,,,,,,
1358,0.7307822553,0.9551020408,0.8642266824,0.9897959184,,,,,,,,,,,,,,
1359,0.731120894,0.9551020408,0.8645640074,0.9897959184,,,,,,,,,,,,,,
1360,0.7317981714,0.9551020408,0.8645640074,0.9918367347,,,,,,,,,,,,,,
1361,0.73213681,0.9551020408,0.86540732,0.9918367347,,,,,,,,,,,,,,
1362,0.732644768,0.9551020408,0.865744645,0.9918367347,,,,,,,,,,,,,,
1363,0.733152726,0.9571428571,0.8684432451,0.9918367347,,,,,,,,,,,,,,
1364,0.7334913647,0.9571428571,0.8689492326,0.9918367347,,,,,,,,,,,,,,
1365,0.7336606841,0.9591836735,0.8701298701,0.9918367347,,,,,,,,,,,,,,
1366,0.7339993227,0.9591836735,0.8704671951,0.9918367347,,,,,,,,,,,,,,
1367,0.7345072807,0.9591836735,0.8718164952,0.9918367347,,,,,,,,,,,,,,
1368,0.7348459194,0.9591836735,0.8723224827,0.9918367347,,,,,,,,,,,,,,
1369,0.7360311548,0.9591836735,0.8726598077,0.9918367347,,,,,,,,,,,,,,
1370,0.7362004741,0.9591836735,0.8729971327,0.9918367347,,,,,,,,,,,,,,
1371,0.7368777514,0.9591836735,0.8729971327,0.993877551,,,,,,,,,,,,,,
1372,0.7370470708,0.9591836735,0.8733344578,0.993877551,,,,,,,,,,,,,,
1373,0.7387402641,0.9591836735,0.8743464328,0.993877551,,,,,,,,,,,,,,
1374,0.7395868608,0.9591836735,0.8746837578,0.993877551,,,,,,,,,,,,,,
1375,0.7406027768,0.9612244898,0.8750210828,0.993877551,,,,,,,,,,,,,,
1376,0.7412800542,0.9612244898,0.8753584078,0.993877551,,,,,,,,,,,,,,
1377,0.74246529,0.9612244898,0.8756957328,0.993877551,,,,,,,,,,,,,,
1378,0.7428039282,0.9612244898,0.8762017204,0.993877551,,,,,,,,,,,,,,
1379,0.7431425669,0.9612244898,0.8775510204,0.993877551,,,,,,,,,,,,,,
1380,0.7434812056,0.9612244898,0.8778883454,0.993877551,,,,,,,,,,,,,,
1381,0.7436505249,0.9612244898,0.8783943329,0.993877551,,,,,,,,,,,,,,
1382,0.7436505249,0.96326531,0.8785629954,0.993877551,,,,,,,,,,,,,,
1383,0.7441584829,0.96326531,0.879068983,0.993877551,,,,,,,,,,,,,,
1384,0.7448357602,0.96326531,0.8792376455,0.993877551,,,,,,,,,,,,,,
1385,0.7455130376,0.96326531,0.8795749705,0.993877551,,,,,,,,,,,,,,
1386,0.74585168,0.96326531,0.880418283,0.993877551,,,,,,,,,,,,,,
1387,0.7461903149,0.96326531,0.880755608,0.993877551,,,,,,,,,,,,,,
1388,0.7465289536,0.96326531,0.8837915331,0.993877551,,,,,,,,,,,,,,
1389,0.74669827,0.96326531,0.8841288582,0.993877551,,,,,,,,,,,,,,
1390,0.7470369116,0.96326531,0.8849721707,0.993877551,,,,,,,,,,,,,,
1391,0.74754487,0.96326531,0.8853094957,0.993877551,,,,,,,,,,,,,,
1392,0.7483914663,0.96326531,0.8859841457,0.993877551,,,,,,,,,,,,,,
1393,0.749746021,0.96326531,0.8864901332,0.993877551,,,,,,,,,,,,,,
1394,0.7500846597,0.96326531,0.8868274583,0.993877551,,,,,,,,,,,,,,
1395,0.7504232983,0.96326531,0.8869961208,0.993877551,,,,,,,,,,,,,,
1396,0.7511005757,0.9653061224,0.8876707708,0.993877551,,,,,,,,,,,,,,
1397,0.751777853,0.9653061224,0.8881767583,0.993877551,,,,,,,,,,,,,,
1398,0.7521164917,0.9653061224,0.8888514083,0.993877551,,,,,,,,,,,,,,
1399,0.7526244497,0.9653061224,0.8893573959,0.993877551,,,,,,,,,,,,,,
1400,0.7531324077,0.9653061224,0.8896947209,0.993877551,,,,,,,,,,,,,,
1401,0.7539790044,0.9673469388,0.8903693709,0.993877551,,,,,,,,,,,,,,
1402,0.7544869624,0.9673469388,0.892055996,0.993877551,,,,,,,,,,,,,,
1403,0.7568574331,0.9673469388,0.8925619835,0.993877551,,,,,,,,,,,,,,
1404,0.7577040298,0.9673469388,0.892730646,0.993877551,,,,,,,,,,,,,,
1405,0.7582119878,0.9673469388,0.893405296,0.993877551,,,,,,,,,,,,,,
1406,0.75838131,0.9673469388,0.894079946,0.993877551,,,,,,,,,,,,,,
1407,0.7587199458,0.9673469388,0.8950919211,0.993877551,,,,,,,,,,,,,,
1408,0.7592279,0.9673469388,0.8962725586,0.993877551,,,,,,,,,,,,,,
1409,0.7595665425,0.9673469388,0.8966098836,0.993877551,,,,,,,,,,,,,,
1410,0.7600745,0.9673469388,0.8976218587,0.993877551,,,,,,,,,,,,,,
1411,0.7614290552,0.9673469388,0.8979591837,0.993877551,,,,,,,,,,,,,,
1412,0.7619370132,0.9673469388,0.8981278462,0.993877551,,,,,,,,,,,,,,
1413,0.7627836099,0.9673469388,0.8988024962,0.993877551,,,,,,,,,,,,,,
1414,0.7632915679,0.9673469388,0.8991398212,0.993877551,,,,,,,,,,,,,,
1415,0.7637995259,0.9673469388,0.8994771462,0.993877551,,,,,,,,,,,,,,
1416,0.7644768033,0.9673469388,0.8998144712,0.993877551,,,,,,,,,,,,,,
1417,0.7653233999,0.9673469388,0.9008264463,0.993877551,,,,,,,,,,,,,,
1418,0.7661699966,0.9693877551,0.9011637713,0.993877551,,,,,,,,,,,,,,
1419,0.7665086353,0.9693877551,0.9016697588,0.993877551,,,,,,,,,,,,,,
1420,0.766847274,0.9714285714,0.9018384213,0.993877551,,,,,,,,,,,,,,
1421,0.7670165933,0.9714285714,0.9023444088,0.993877551,,,,,,,,,,,,,,
1422,0.767355232,0.9714285714,0.9025130713,0.993877551,,,,,,,,,,,,,,
1423,0.7676938706,0.9714285714,0.9028503964,0.993877551,,,,,,,,,,,,,,
1424,0.7680325093,0.9714285714,0.9030190589,0.993877551,,,,,,,,,,,,,,
1425,0.7697257027,0.9714285714,0.9033563839,0.993877551,,,,,,,,,,,,,,
1426,0.7700643413,0.9714285714,0.9035250464,0.993877551,,,,,,,,,,,,,,
1427,0.7702336607,0.9714285714,0.9038623714,0.993877551,,,,,,,,,,,,,,
1428,0.7705722994,0.9714285714,0.9045370214,0.993877551,,,,,,,,,,,,,,
1429,0.7710802574,0.9714285714,0.9048743464,0.993877551,,,,,,,,,,,,,,
1430,0.7746359634,0.9714285714,0.9052116714,0.993877551,,,,,,,,,,,,,,
1431,0.7748052828,0.9714285714,0.9058863215,0.993877551,,,,,,,,,,,,,,
1432,0.77514392,0.9714285714,0.9072356215,0.993877551,,,,,,,,,,,,,,
1433,0.7756518794,0.9714285714,0.907741609,0.993877551,,,,,,,,,,,,,,
1434,0.7793769,0.9734693878,0.9080789341,0.993877551,,,,,,,,,,,,,,
1435,0.7800541822,0.9734693878,0.9084162591,0.993877551,,,,,,,,,,,,,,
1436,0.7802235,0.9734693878,0.9085849216,0.993877551,,,,,,,,,,,,,,
1437,0.7805621402,0.9734693878,0.9090909091,0.993877551,,,,,,,,,,,,,,
1438,0.7810701,0.9734693878,0.9095968966,0.993877551,,,,,,,,,,,,,,
1439,0.7814087369,0.9734693878,0.9099342216,0.993877551,,,,,,,,,,,,,,
1440,0.7820860142,0.9734693878,0.9106088716,0.993877551,,,,,,,,,,,,,,
1441,0.7824246529,0.9734693878,0.9106088716,0.9959183673,,,,,,,,,,,,,,
1442,0.7829326109,0.9734693878,0.9112835217,0.9959183673,,,,,,,,,,,,,,
1443,0.7832712496,0.9734693878,0.9116208467,0.9959183673,,,,,,,,,,,,,,
1444,0.7844564849,0.9755102041,0.9117895092,0.9959183673,,,,,,,,,,,,,,
1445,0.7858110396,0.9755102041,0.9121268342,0.9959183673,,,,,,,,,,,,,,
1446,0.785980359,0.9755102041,0.9124641592,0.9959183673,,,,,,,,,,,,,,
1447,0.7868269556,0.9755102041,0.9129701467,0.9959183673,,,,,,,,,,,,,,
1448,0.786996275,0.9755102041,0.9133074717,0.9959183673,,,,,,,,,,,,,,
1449,0.789028107,0.9775510204,0.9136447968,0.9959183673,,,,,,,,,,,,,,
1450,0.7897053844,0.9775510204,0.9139821218,0.9959183673,,,,,,,,,,,,,,
1451,0.7907213004,0.9775510204,0.9148254343,0.9959183673,,,,,,,,,,,,,,
1452,0.7912292584,0.9775510204,0.9149940968,0.9959183673,,,,,,,,,,,,,,
1453,0.7920758551,0.9775510204,0.9153314218,0.9959183673,,,,,,,,,,,,,,
1454,0.7924144937,0.9775510204,0.9155000843,0.9959183673,,,,,,,,,,,,,,
1455,0.7925838131,0.9775510204,0.9160060719,0.9959183673,,,,,,,,,,,,,,
1456,0.7929224517,0.9775510204,0.9173553719,0.9959183673,,,,,,,,,,,,,,
1457,0.79359973,0.9775510204,0.9175240344,0.9959183673,,,,,,,,,,,,,,
1458,0.79529292,0.9775510204,0.9178613594,0.9959183673,,,,,,,,,,,,,,
1459,0.7958008805,0.9775510204,0.9185360094,0.9959183673,,,,,,,,,,,,,,
1460,0.7980020318,0.9775510204,0.9188733345,0.9959183673,,,,,,,,,,,,,,
1461,0.7981713512,0.9775510204,0.919041997,0.9959183673,,,,,,,,,,,,,,
1462,0.79867931,0.9775510204,0.919379322,0.9959183673,,,,,,,,,,,,,,
1463,0.7990179478,0.9775510204,0.919716647,0.9959183673,,,,,,,,,,,,,,
1464,0.7993565865,0.9775510204,0.9214032721,0.9959183673,,,,,,,,,,,,,,
1465,0.7998645445,0.9775510204,0.9219092596,0.9959183673,,,,,,,,,,,,,,
1466,0.8002031832,0.9775510204,0.9222465846,0.9959183673,,,,,,,,,,,,,,
1467,0.8005418219,0.9775510204,0.9229212346,0.9959183673,,,,,,,,,,,,,,
1468,0.8007111412,0.9775510204,0.9235958846,0.9959183673,,,,,,,,,,,,,,
1469,0.8012190992,0.9775510204,0.9242705347,0.9959183673,,,,,,,,,,,,,,
1470,0.8017270572,0.9775510204,0.9246078597,0.9959183673,,,,,,,,,,,,,,
1471,0.8018963766,0.9795918367,0.9249451847,0.9959183673,,,,,,,,,,,,,,
1472,0.8022350152,0.9795918367,0.9251138472,0.9979591837,,,,,,,,,,,,,,
1473,0.8052827633,0.9857142857,0.9254511722,0.9979591837,,,,,,,,,,,,,,
1474,0.8054520826,0.9857142857,0.9257884972,0.9979591837,,,,,,,,,,,,,,
1475,0.8132407721,0.9857142857,0.9261258222,0.9979591837,,,,,,,,,,,,,,
1476,0.8142566881,0.9857142857,0.9271377973,0.9979591837,,,,,,,,,,,,,,
1477,0.81459533,0.9857142857,0.9276437848,0.9979591837,,,,,,,,,,,,,,
1478,0.8149339655,0.9857142857,0.9283184348,0.9979591837,,,,,,,,,,,,,,
1479,0.8159498815,0.9857142857,0.9296677349,0.9979591837,,,,,,,,,,,,,,
1480,0.824754487,0.9857142857,0.9301737224,0.9979591837,,,,,,,,,,,,,,
1481,0.8254317643,0.9857142857,0.9305110474,0.9979591837,,,,,,,,,,,,,,
1482,0.825770403,0.9857142857,0.9311856974,0.9979591837,,,,,,,,,,,,,,
1483,0.8264476803,0.9857142857,0.9313543599,0.9979591837,,,,,,,,,,,,,,
1484,0.8269556383,0.9857142857,0.9316916849,0.9979591837,,,,,,,,,,,,,,
1485,0.827294277,0.9857142857,0.9321976725,0.9979591837,,,,,,,,,,,,,,
1486,0.8274635963,0.9857142857,0.9325349975,0.9979591837,,,,,,,,,,,,,,
1487,0.8332204538,0.987755102,0.9332096475,0.9979591837,,,,,,,,,,,,,,
1488,0.83389773,0.987755102,0.933715635,0.9979591837,,,,,,,,,,,,,,
1489,0.8342363698,0.987755102,0.934390285,0.9979591837,,,,,,,,,,,,,,
1490,0.8344056891,0.987755102,0.9357395851,0.9979591837,,,,,,,,,,,,,,
1491,0.8354216051,0.987755102,0.9360769101,0.9979591837,,,,,,,,,,,,,,
1492,0.8457500847,0.987755102,0.9364142351,0.9979591837,,,,,,,,,,,,,,
1493,0.845919404,0.987755102,0.9367515601,0.9979591837,,,,,,,,,,,,,,
1494,0.847443278,0.987755102,0.9370888851,0.9979591837,,,,,,,,,,,,,,
1495,0.8494751101,0.987755102,0.9372575476,0.9979591837,,,,,,,,,,,,,,
1496,0.8518455808,0.987755102,0.9375948727,0.9979591837,,,,,,,,,,,,,,
1497,0.85235354,0.987755102,0.9381008602,0.9979591837,,,,,,,,,,,,,,
1498,0.8533694548,0.987755102,0.9389441727,0.9979591837,,,,,,,,,,,,,,
1499,0.8545546901,0.9897959184,0.9392814977,0.9979591837,,,,,,,,,,,,,,
1500,0.8704707078,0.9897959184,0.9397874852,0.9979591837,,,,,,,,,,,,,,
1501,0.8728411785,0.9897959184,0.9399561477,0.9979591837,,,,,,,,,,,,,,
1502,0.8787673552,0.9897959184,0.9402934728,0.9979591837,,,,,,,,,,,,,,
1503,0.8848628513,0.9918367347,0.9407994603,0.9979591837,,,,,,,,,,,,,,
1504,0.8870640027,0.9918367347,0.9424860853,0.9979591837,,,,,,,,,,,,,,
1505,0.9029800203,0.9979591837,0.9433293979,0.9979591837,,,,,,,,,,,,,,
1506,0.9114459871,0.9979591837,0.9436667229,0.9979591837,,,,,,,,,,,,,,
1507,0.9232983407,0.9979591837,0.9438353854,0.9979591837,,,,,,,,,,,,,,
1508,1,1,0.9443413729,0.9979591837,,,,,,,,,,,,,,
1509,,,0.9450160229,0.9979591837,,,,,,,,,,,,,,
1510,,,0.9451846854,0.9979591837,,,,,,,,,,,,,,
1511,,,0.9461966605,0.9979591837,,,,,,,,,,,,,,
1512,,,0.946365323,0.9979591837,,,,,,,,,,,,,,
1513,,,0.9468713105,0.9979591837,,,,,,,,,,,,,,
1514,,,0.947039973,0.9979591837,,,,,,,,,,,,,,
1515,,,0.9475459605,0.9979591837,,,,,,,,,,,,,,
1516,,,0.9482206106,0.9979591837,,,,,,,,,,,,,,
1517,,,0.9485579356,0.9979591837,,,,,,,,,,,,,,
1518,,,0.9492325856,0.9979591837,,,,,,,,,,,,,,
1519,,,0.9499072356,0.9979591837,,,,,,,,,,,,,,
1520,,,0.9502445606,0.9979591837,,,,,,,,,,,,,,
1521,,,0.9505818856,0.9979591837,,,,,,,,,,,,,,
1522,,,0.9507505482,0.9979591837,,,,,,,,,,,,,,
1523,,,0.9512565357,0.9979591837,,,,,,,,,,,,,,
1524,,,0.9515938607,0.9979591837,,,,,,,,,,,,,,
1525,,,0.9522685107,0.9979591837,,,,,,,,,,,,,,
1526,,,0.9526058357,0.9979591837,,,,,,,,,,,,,,
1527,,,0.9529431607,0.9979591837,,,,,,,,,,,,,,
1528,,,0.9537864733,0.9979591837,,,,,,,,,,,,,,
1529,,,0.9544611233,0.9979591837,,,,,,,,,,,,,,
1530,,,0.9546297858,0.9979591837,,,,,,,,,,,,,,
1531,,,0.9549671108,0.9979591837,,,,,,,,,,,,,,
1532,,,0.9551357733,0.9979591837,,,,,,,,,,,,,,
1533,,,0.9558104233,0.9979591837,,,,,,,,,,,,,,
1534,,,0.9561477484,0.9979591837,,,,,,,,,,,,,,
1535,,,0.9568223984,0.9979591837,,,,,,,,,,,,,,
1536,,,0.9573283859,0.9979591837,,,,,,,,,,,,,,
1537,,,0.9576657109,0.9979591837,,,,,,,,,,,,,,
1538,,,0.9581716984,0.9979591837,,,,,,,,,,,,,,
1539,,,0.9583403609,0.9979591837,,,,,,,,,,,,,,
1540,,,0.958677686,0.9979591837,,,,,,,,,,,,,,
1541,,,0.9588463485,0.9979591837,,,,,,,,,,,,,,
1542,,,0.959352336,0.9979591837,,,,,,,,,,,,,,
1543,,,0.960026986,0.9979591837,,,,,,,,,,,,,,
1544,,,0.9601956485,0.9979591837,,,,,,,,,,,,,,
1545,,,0.960701636,0.9979591837,,,,,,,,,,,,,,
1546,,,0.961038961,0.9979591837,,,,,,,,,,,,,,
1547,,,0.9618822736,0.9979591837,,,,,,,,,,,,,,
1548,,,0.9622195986,0.9979591837,,,,,,,,,,,,,,
1549,,,0.9625569236,0.9979591837,,,,,,,,,,,,,,
1550,,,0.9640748862,0.9979591837,,,,,,,,,,,,,,
1551,,,0.9644122112,0.9979591837,,,,,,,,,,,,,,
1552,,,0.9645808737,0.9979591837,,,,,,,,,,,,,,
1553,,,0.9654241862,0.9979591837,,,,,,,,,,,,,,
1554,,,0.9657615112,0.9979591837,,,,,,,,,,,,,,
1555,,,0.9659301737,0.9979591837,,,,,,,,,,,,,,
1556,,,0.9662674987,0.9979591837,,,,,,,,,,,,,,
1557,,,0.9667734863,0.9979591837,,,,,,,,,,,,,,
1558,,,0.9672794738,0.9979591837,,,,,,,,,,,,,,
1559,,,0.9676167988,0.9979591837,,,,,,,,,,,,,,
1560,,,0.9677854613,0.9979591837,,,,,,,,,,,,,,
1561,,,0.9679541238,1,,,,,,,,,,,,,,
1562,,,0.9684601113,1,,,,,,,,,,,,,,
1563,,,0.9687974363,1,,,,,,,,,,,,,,
1564,,,0.9691347613,1,,,,,,,,,,,,,,
1565,,,0.9693034238,1,,,,,,,,,,,,,,
1566,,,0.9696407489,1,,,,,,,,,,,,,,
1567,,,0.9701467364,1,,,,,,,,,,,,,,
1568,,,0.9708213864,1,,,,,,,,,,,,,,
1569,,,0.9711587114,1,,,,,,,,,,,,,,
1570,,,0.9718333614,1,,,,,,,,,,,,,,
1571,,,0.9721706865,1,,,,,,,,,,,,,,
1572,,,0.972676674,1,,,,,,,,,,,,,,
1573,,,0.9728453365,1,,,,,,,,,,,,,,
1574,,,0.9731826615,1,,,,,,,,,,,,,,
1575,,,0.9735199865,1,,,,,,,,,,,,,,
1576,,,0.9741946365,1,,,,,,,,,,,,,,
1577,,,0.9752066116,1,,,,,,,,,,,,,,
1578,,,0.9755439366,1,,,,,,,,,,,,,,
1579,,,0.9758812616,1,,,,,,,,,,,,,,
1580,,,0.9762185866,1,,,,,,,,,,,,,,
1581,,,0.9765559116,1,,,,,,,,,,,,,,
1582,,,0.9767245741,1,,,,,,,,,,,,,,
1583,,,0.9773992242,1,,,,,,,,,,,,,,
1584,,,0.9775678867,1,,,,,,,,,,,,,,
1585,,,0.9782425367,1,,,,,,,,,,,,,,
1586,,,0.9785798617,1,,,,,,,,,,,,,,
1587,,,0.9789171867,1,,,,,,,,,,,,,,
1588,,,0.9794231742,1,,,,,,,,,,,,,,
1589,,,0.9797604992,1,,,,,,,,,,,,,,
1590,,,0.9800978243,1,,,,,,,,,,,,,,
1591,,,0.9804351493,1,,,,,,,,,,,,,,
1592,,,0.9806038118,1,,,,,,,,,,,,,,
1593,,,0.9809411368,1,,,,,,,,,,,,,,
1594,,,0.9814471243,1,,,,,,,,,,,,,,
1595,,,0.9819531118,1,,,,,,,,,,,,,,
1596,,,0.9826277618,1,,,,,,,,,,,,,,
1597,,,0.9827964244,1,,,,,,,,,,,,,,
1598,,,0.9833024119,1,,,,,,,,,,,,,,
1599,,,0.9836397369,1,,,,,,,,,,,,,,
1600,,,0.9839770619,1,,,,,,,,,,,,,,
1601,,,0.9843143869,1,,,,,,,,,,,,,,
1602,,,0.9849890369,1,,,,,,,,,,,,,,
1603,,,0.9851576994,1,,,,,,,,,,,,,,
1604,,,0.9854950245,1,,,,,,,,,,,,,,
1605,,,0.9858323495,1,,,,,,,,,,,,,,
1606,,,0.9861696745,1,,,,,,,,,,,,,,
1607,,,0.986338337,1,,,,,,,,,,,,,,
1608,,,0.987012987,1,,,,,,,,,,,,,,
1609,,,0.9871816495,1,,,,,,,,,,,,,,
1610,,,0.9875189745,1,,,,,,,,,,,,,,
1611,,,0.987687637,1,,,,,,,,,,,,,,
1612,,,0.9880249621,1,,,,,,,,,,,,,,
1613,,,0.9885309496,1,,,,,,,,,,,,,,
1614,,,0.9892055996,1,,,,,,,,,,,,,,
1615,,,0.9893742621,1,,,,,,,,,,,,,,
1616,,,0.9897115871,1,,,,,,,,,,,,,,
1617,,,0.9907235622,1,,,,,,,,,,,,,,
1618,,,0.9910608872,1,,,,,,,,,,,,,,
1619,,,0.9912295497,1,,,,,,,,,,,,,,
1620,,,0.9919041997,1,,,,,,,,,,,,,,
1621,,,0.9922415247,1,,,,,,,,,,,,,,
1622,,,0.9925788497,1,,,,,,,,,,,,,,
1623,,,0.9927475122,1,,,,,,,,,,,,,,
1624,,,0.9934221623,1,,,,,,,,,,,,,,
1625,,,0.9935908248,1,,,,,,,,,,,,,,
1626,,,0.9939281498,1,,,,,,,,,,,,,,
1627,,,0.9940968123,1,,,,,,,,,,,,,,
1628,,,0.9944341373,1,,,,,,,,,,,,,,
1629,,,0.9949401248,1,,,,,,,,,,,,,,
1630,,,0.9952774498,1,,,,,,,,,,,,,,
1631,,,0.9956147748,1,,,,,,,,,,,,,,
1632,,,0.9957834373,1,,,,,,,,,,,,,,
1633,,,0.9961207624,1,,,,,,,,,,,,,,
1634,,,0.9964580874,1,,,,,,,,,,,,,,
1635,,,0.9967954124,1,,,,,,,,,,,,,,
1636,,,0.9981447124,1,,,,,,,,,,,,,,
1637,,,1,1,,,,,,,,,,,,,,