4FQJ,0.36,31,9,clusters:1_2
2VXQ,0.6315789473684211,18,7,clusters:1_2
4CMH,0.4074074074074074,25,11,clusters:1_2
3NH7,0.46511627906976744,22,10,clusters:1_2
4EDW,0.34146341463414637,24,7,clusters:1_2
5FHX,0.5142857142857142,24,9,clusters:1_2
