,fit_time,score_time,estimator,test_score,coefs
0,0.005955934524536133,0.0049169063568115234,LinearRegression(),0.7775289485678141,[0.04284516 0.05046384 0.13893536]
1,0.0033969879150390625,0.007108211517333984,LinearRegression(),0.6720521254585665,[0.0257826  0.08560693 0.1895734 ]
2,0.004178762435913086,0.003750324249267578,LinearRegression(),0.6544061882834683,[-0.01415267  0.09810796  0.26716047]
