,fit_time,score_time,estimator,test_score,coefs
0,0.032546043395996094,0.004612922668457031,LogisticRegression(),0.7743265376803387,[[0.55219076 0.58019696 1.24507612]]
1,0.019053936004638672,0.005264997482299805,LogisticRegression(),0.6704750693716933,[[0.46937223 1.08176128 1.7443225 ]]
2,0.017241954803466797,0.004316091537475586,LogisticRegression(),0.6777701420758238,[[0.08756116 1.13749643 2.2919525 ]]
