,predictor,f-score,mcc,roc_auc,pr_auc
0,sppider,0.14244186046511628,0.05492657921686175,0.553,0.084
1,ispred,0.18604651162790697,0.1055285410068729,0.69,0.134
2,dockpred,0.12790697674418605,0.03805925862019136,0.568,0.097
3,logisticregresion,0.18023255813953487,0.09878161276820474,0.624,0.115
4,linearregression,0.16860465116279072,0.08528775629086843,0.623,0.114
5,randomforest,0.19186046511627908,0.11227546924554105,0.701,0.162
6,xgboost,0.3284883720930233,0.27082828285424265,0.794,0.267
