,mean_fit_time,std_fit_time,mean_score_time,std_score_time,param_loss,params,split0_test_score,split1_test_score,split2_test_score,mean_test_score,std_test_score,rank_test_score
0,0.003343343734741211,0.0007778502758444323,0.0,0.0,squared_error,{'loss': 'squared_error'},,,,,,2
1,0.0041726430257161455,0.00033530346382215284,0.0,0.0,absolute_error,{'loss': 'absolute_error'},,,,,,3
2,1.0115283330281575,0.41665536151887905,0.04668633143107096,0.013130928673625543,poisson,{'loss': 'poisson'},0.6874570837256677,0.6271614116904914,0.6022316956693923,0.6389500636951838,0.035777748479573976,1
