residue,prediction,annotated
98_4LU5_3K7B_GLU,0.5635,0
99_4LU5_3K7B_SER,0.4581,0
100_4LU5_3K7B_CYS,0.0,0
101_4LU5_3K7B_ASN,0.8957,0
102_4LU5_3K7B_GLY,0.9247,0
103_4LU5_3K7B_LEU,0.0,0
104_4LU5_3K7B_TYR,0.9753,0
105_4LU5_3K7B_TYR,0.8288,0
106_4LU5_3K7B_GLN,0.6216,0
107_4LU5_3K7B_GLY,0.2724,0
108_4LU5_3K7B_SER,0.0,0
109_4LU5_3K7B_CYS,0.0,0
110_4LU5_3K7B_TYR,0.0,0
111_4LU5_3K7B_ILE,0.9809,0
112_4LU5_3K7B_LEU,0.9551,0
113_4LU5_3K7B_HIS,0.0,0
114_4LU5_3K7B_SER,0.9649,0
115_4LU5_3K7B_ASP,0.4785,0
116_4LU5_3K7B_TYR,0.5697,1
117_4LU5_3K7B_GLN,0.0923,1
118_4LU5_3K7B_MET,0.1007,1
119_4LU5_3K7B_PHE,0.0217,1
120_4LU5_3K7B_SER,0.0219,0
121_4LU5_3K7B_ASP,0.0215,0
122_4LU5_3K7B_ALA,0.0,0
123_4LU5_3K7B_ALA,0.0387,0
124_4LU5_3K7B_ALA,0.1566,0
125_4LU5_3K7B_ASN,0.1888,0
126_4LU5_3K7B_CYS,0.0,0
127_4LU5_3K7B_THR,0.11800000000000001,0
128_4LU5_3K7B_ALA,0.3365,0
129_4LU5_3K7B_GLU,0.6913,0
130_4LU5_3K7B_SER,0.6488,0
131_4LU5_3K7B_SER,0.0,0
132_4LU5_3K7B_THR,0.0942,0
133_4LU5_3K7B_LEU,0.0,0
134_4LU5_3K7B_PRO,0.0,0
135_4LU5_3K7B_ASN,0.0586,0
136_4LU5_3K7B_LYS,0.0315,0
137_4LU5_3K7B_SER,0.5059,0
138_4LU5_3K7B_ASP,0.1745,0
139_4LU5_3K7B_VAL,0.0,0
141_4LU5_3K7B_ILE,0.9851,0
142_4LU5_3K7B_THR,0.0,0
143_4LU5_3K7B_TRP,0.9662,0
144_4LU5_3K7B_LEU,0.0,0
145_4LU5_3K7B_ILE,0.0,0
146_4LU5_3K7B_ASP,0.9582,0
147_4LU5_3K7B_TYR,0.9856,0
148_4LU5_3K7B_VAL,0.0,0
149_4LU5_3K7B_GLU,0.4116,0
150_4LU5_3K7B_ASP,0.1938,0
151_4LU5_3K7B_THR,0.0,0
152_4LU5_3K7B_TRP,0.0,0
153_4LU5_3K7B_GLY,0.0,0
154_4LU5_3K7B_SER,0.0341,1
155_4LU5_3K7B_ASP,0.0138,1
156_4LU5_3K7B_GLY,0.027000000000000003,1
157_4LU5_3K7B_ASN,0.0391,1
158_4LU5_3K7B_PRO,0.0,0
159_4LU5_3K7B_ILE,0.0,0
160_4LU5_3K7B_THR,0.1175,0
161_4LU5_3K7B_LYS,0.1305,0
162_4LU5_3K7B_THR,0.3992,0
163_4LU5_3K7B_THR,0.4578,0
164_4LU5_3K7B_SER,0.7782,0
165_4LU5_3K7B_ASP,0.7432,1
169_4LU5_3K7B_SER,0.7665,0
170_4LU5_3K7B_ASP,0.6014,1
171_4LU5_3K7B_VAL,0.0,1
172_4LU5_3K7B_SER,0.2206,1
173_4LU5_3K7B_GLN,0.1952,1
174_4LU5_3K7B_GLU,0.0728,1
175_4LU5_3K7B_VAL,0.0466,1
176_4LU5_3K7B_ARG,0.05,0
177_4LU5_3K7B_LYS,0.1295,0
178_4LU5_3K7B_TYR,0.0,0
179_4LU5_3K7B_PHE,0.0,0
180_4LU5_3K7B_CYS,0.0,0
181_4LU5_3K7B_VAL,0.0,0
182_4LU5_3K7B_LYS,0.5824,0
183_4LU5_3K7B_THR,0.8236,0
184_4LU5_3K7B_MET,0.7722,0
185_4LU5_3K7B_ASN,0.4284,0
